rera_certificate_no,builder_name,complaint_count,cases_count,possession_delay_months
P51700000001,MAYFAIR HOUSING PRIVATE LIMITED,0,0,6
P51700002065,MANOJ  AWASTHI,0,0,24
P51700005959,Harshal Ramdas Navghare,0,0,0
P51700002939,K T & CO,0,1,12
P51700000644,AJAY MADHUKAR THANEKAR,1,0,12
P51700000829,MOHAN LIFESPACES LLP,10,0,40
P51700000095,Vijay  Vasudev Wadhwa,3,0,28
P51700000006,METRO DEVELOPMENT,0,3,3
P51700000624,ASHA DEVELOPERS,0,3,103
P51700002027,M/s. Vishwa Green Realtors Private Limited,0,0,12
P51800003594,Kalyani Enterprises,0,0,12
P51700004413,PRIVA INFRACON,0,0,12
P51700004200,Ganadhish GNP,0,0,12
P51700007963,Shelter Construction,0,0,9
P51700000064,RAJ GROUP,0,0,0
P51700005257,JAYESH BUILDCON,3,0,18
P51700001682,EKDANT DEVELOPERS,0,0,21
P51700000258,MACROTECH DEVELOPERS LIMITED,0,1,0
P51700008355,Mirador Construction Pvt Ltd,0,0,0
P51700000327,Swati Enterprises,0,0,2
P51700002467,SHREEJI REALTY,0,0,0
P51700000659,MACROTECH DEVELOPERS LIMITED,0,2,12
P51700011663,SIDDHIVINAYAK GROUP,0,0,6
P51700001654,VISHWAJEET MEADOWS,0,0,12
P51700004837,VIRANI CONSTRUCTION COMPANY,0,0,12
P51700009599,R K BUILDCON,1,0,11
P51700000038,St. Angelo's VNCT Ventures Pvt. Ltd.,0,0,72
P51700000885,Keystone Lifespaces Private Limited,0,0,0
P51700000111,BHARAT REALTY VENTURE PRIVATE LIMITED,13,0,12
P51700000782,Aditi Construction,0,0,7
P51700000734,Sheth Developers Private Limited,3,0,17
P51700010440,SAHYOG GROUP,1,0,0
P51700002757,Akshay Enterprises,0,0,0
P51700011790,ROYALE URBANSPACE LLP,2,0,13
P51700001851,OJASS CONSTRUCTIONS,0,0,12
P51700008568,ASSETS REALITY,22,0,72
P51700000427,ROMA BUILDERS PRIVATE LIMITED,0,4,12
P51700000068,OM NAMAH SHIVAY DEVELOPERS PRIVATE LIMITED,0,0,0
P51700000395,Palava Dwellers Private Limited,2,0,5
P51700000378,Palava Dwellers Private Limited,2,0,0
P51700000125,Palava Dwellers Private Limited,2,0,4
P51700000342,Palava Dwellers Private Limited,3,1,8
P51700008571,ABHAY ANANT KAMAT,0,0,41
P51700000269,Palava Dwellers Private Limited,1,0,4
P51700000389,Palava Dwellers Private Limited,8,0,7
P51700000124,Palava Dwellers Private Limited,2,3,4
P51700000384,Palava Dwellers Private Limited,7,1,5
P51700000391,Palava Dwellers Private Limited,0,0,7
P51700000410,Palava Dwellers Private Limited,2,0,4
P51700000142,Palava Dwellers Private Limited,3,0,4
P51700000390,Palava Dwellers Private Limited,0,0,0
P51700000089,ROMA BUILDERS PRIVATE LIMITED,0,2,24
P51700010238,NAYANTARA ASSOCIATES,0,0,0
P51700000831,COURTYARD REAL ESTATE PRIVATE LIMITED,3,1,24
P51700006760,Parshwa Gruh Nirman LLP,3,0,34
P51700001008,Indiapride Infraspaces,0,0,12
P51700000074,Vijaykumar Baldev Bajaj,0,0,0
P51700000681,COURTYARD REAL ESTATE PRIVATE LIMITED,4,1,24
P51700000611,COURTYARD REAL ESTATE PRIVATE LIMITED,2,1,24
P51700000714,COURTYARD REAL ESTATE PRIVATE LIMITED,3,1,24
P51700000091,ROMA BUILDERS PRIVATE LIMITED,0,2,24
P51700000352,DHANLAXMI DEVELOPERS,0,0,0
P51700001172,SERENE INFRATECH CO,0,0,12
P51700000199,MACROTECH DEVELOPERS LIMITED,10,1,6
P51700002400,TRICITY REALTY LLP,0,0,0
P51700000743,SAHAJANAND DEVELOPERS,0,0,0
P51700002560,ELITE INFRASTRUCTURE,0,0,3
P51700015836,Maa Vaishnavi Builders & Developers,0,0,36
P51700000559,KAMDHENU BUILDERS AND DEVELOPERS,0,0,0
P51700000511,Palava Dwellers Private Limited,0,4,12
P51700000152,ROMA BUILDERS PRIVATE LIMITED,0,2,24
P51700000153,ROMA BUILDERS PRIVATE LIMITED,0,2,24
P51700000129,ROMA BUILDERS PRIVATE LIMITED,1,2,24
P51700000146,ROMA BUILDERS PRIVATE LIMITED,0,2,24
P51700002237,M/s Mahalaxmi Construction Co.,0,1,12
P51700000117,ROMA BUILDERS PRIVATE LIMITED,0,2,24
P51700000139,ROMA BUILDERS PRIVATE LIMITED,0,2,24
P51700005934,SUBURBAN SPACES LLP,0,0,36
P51700010181,DAMJI HARI INFRASTRUCTURE PVT LTD,8,0,72
P51700003667,DEV KONARK CORPORATION,0,0,6
P51700005908,JOSHI ENTERPRISES,0,0,49
P51700001820,KBP CORPORATION,0,0,24
P51700000745,NAVNIRMAN DEVELOPERS,0,0,0
P51700001729,Sheth Developers Private Limited,9,0,42
P51700006800,Royce Developers,2,0,54
P51700000149,SHREE SAI BUILDERS & DEVELOPERS,0,0,0
P51700001003,Vastu Rachana JV,0,0,12
P51700000166,SHREE SAI BUILDERS & DEVELOPERS,0,0,0
P51700000235,SHREE SAI BUILDERS & DEVELOPERS,0,0,0
P51700000216,GYANDEV BUILDERS & DEVELOPERS,0,0,0
P51700000865,PARAM BUILDERS AND DEVELOPERS,0,0,12
P51700001090,Vastu Rachana JV,0,0,12
P51700001875,ANIL SHILPAYATAN PRIVATE LIMITED,0,0,0
P51700000193,ROMA BUILDERS PRIVATE LIMITED,0,2,36
P51700002433,Aditya Associates,0,0,24
P51700004847,Marvel Buildcons,0,0,60
P51700002132,S M ASSOCIATES,1,0,72
P51700002138,S M ASSOCIATES,0,0,72
P51700002586,Bhalchandra  Wadnerkar,0,0,2
P51700002509,S M ASSOCIATES,0,0,72
P51700000874,PRIDE INFRASTRUCTURE,0,0,9
P51700002522,Bhalchandra  Wadnerkar,0,0,0
P51700004428,BHUMIKA DEVELOPERS,0,0,6
P51700000584,Kalpataru Properties (Thane) Pvt. Ltd.,2,2,36
P51700000295,ARDENT PROPERTIES PRIVATE LIMITED,8,0,18
P51700000197,ROMA BUILDERS PRIVATE LIMITED,0,6,12
P51700000413,ROMA BUILDERS PRIVATE LIMITED,0,4,12
P51700002966,ANANTNATH DEVELOPERS,1,0,21
P51700000540,Palava Dwellers Private Limited,1,3,6
P51700000596,Palava Dwellers Private Limited,1,0,6
P51700000506,Palava Dwellers Private Limited,2,1,12
P51700000577,Palava Dwellers Private Limited,0,1,12
P51700000696,Palava Dwellers Private Limited,1,0,12
P51700000419,Palava Dwellers Private Limited,3,5,4
P51700000546,Macrotech Developers Limited,4,0,6
P51800001460,SNEH MAKEWELL LLP,0,2,36
P51700002661,A PLUS REALTY,0,1,52
P51700003864,BHAGWATI DEVELOPERS,0,0,12
P51700001799,Kashish Park Realtors,0,4,33
P51700000308,TATA HOUSING DEVELOPMENT COMPANY LIMITED,3,7,27
P51700009882,VIJAY ASSOCIATES (WADHWA),3,9,60
P51700006610,VIJAY ASSOCIATES (WADHWA),2,7,12
P51700008189,VIJAY ASSOCIATES (WADHWA),2,7,36
P51700010204,VIJAY ASSOCIATES (WADHWA),1,7,45
P51700000365,Hubtown Limited,0,4,66
P51700000837,SAPTASHREE REALITY PRIVATE LIMITED,2,0,7
P51700003306,SHREE VASTURACHANA DEVELOPERS,1,0,31
P51700003336,AADI DEVELOPERS,1,0,88
P51700003326,AJIT KRISHNAN RATNAM,0,0,12
P51700000369,Hubtown Limited,2,3,103
P51700000358,Hubtown Limited,0,8,97
P51700011113,KALPAVRUKSHA DEVELOPERS,0,0,13
P51700002499,WADHWA BUILDCON LLP,4,1,72
P51700000686,MARATHON ENER-GEN,0,1,24
P51700000952,MARATHON ENER-GEN,3,1,54
P51700001265,MARATHON ENER-GEN,0,1,36
P51700002720,Saarvi Infratech,0,0,0
P51700007690,THALIA INVESTMENT PRIVATE LIMITED,1,1,24
P51700000315,ROMA BUILDERS PRIVATE LIMITED,0,2,12
P51700000304,ROMA BUILDERS PRIVATE LIMITED,0,8,12
P51700006864,THALIA AKSHAR DEVELOPERS,0,0,0
P51700000601,SHARVARI REALTORS LLP,0,0,22
P51700003857,PADMADISHA PARADISE,0,0,46
P51700005797,SHREE SHIVAM DEVELOPERS,0,0,42
P51700000552,Neelkanth Mansions and Infrastructure Pvt. Ltd.,0,1,39
P51700001021,Kapstone Constructions Private Limited,6,6,27
P51700001060,Kapstone Constructions Private Limited,4,7,27
P51700001321,ABHIJEET REALTY,0,0,0
P51700004458,Hubtown Limited,0,3,80
P51700006830,Shiv Builders and Developers,0,0,5
P51700002244,MOHAN LIFESPACES LLP,0,0,24
P51700000366,Panvelkar Infrastructures Private Limited,0,0,12
P51700003652,ROYALE URBANSPACE LLP,0,0,12
P51700013833,ROYALE URBANSPACE LLP,0,0,0
P51700001453,Kapstone Constructions Private Limited,0,6,5
P51700000950,Kapstone Constructions Private Limited,1,6,9
P51700001093,Kapstone Constructions Private Limited,1,8,6
P51700001752,SHREE LAXMI ENTERPRISES,0,0,24
P51700001516,Kapstone Constructions Private Limited,2,9,24
P51700013649,Kapstone Constructions Private Limited,0,4,0
P51700002816,SHREE SWAMI SAMARTH ASSOCIATES,0,0,0
P51700000652,MATRIX ENCLAVES PROJECTS DEV. PVT. LTD,0,0,24
P51700000507,MATRIX ENCLAVES PROJECTS DEV. PVT. LTD,0,0,24
P51700000478,MATRIX ENCLAVES PROJECTS DEV. PVT. LTD,0,0,24
P51700000470,MATRIX ENCLAVES PROJECTS DEV. PVT. LTD,0,0,12
P51700000456,GURUKRUPA ENTERPRISES,0,0,23
P51700008260,DINSHA BUILDERS AND DEVELOPERS PRIVATE LIMITED,0,0,0
P51700003821,S D BHALERAO ASSOCIATES,10,3,72
P51700001566,Paradise Leisure Homes,0,0,0
P51700002581,M/s Ekdant Housing,0,0,0
P51700002078,PUSHPAK ENTERPRISES,0,0,45
P51700004561,Green Environment Constructions,0,0,12
P51700005375,BHAVNA C CHHEDA,0,0,41
P51700002579,SHREE MANGALMURTI ENTERPRISES,0,0,36
P51700001178,GeeCee Ventures Limited,0,0,0
P51700000943,SHREE SATYAM GROUP,1,0,60
P51700000602,Hubtown Limited,5,4,94
P51700002749,Pravin Kashinath Haware,0,0,12
P51700000464,Suresh Kashinath Haware,0,0,6
P51700002762,GAURANG PROPERTIES PVT. LTD.,0,0,24
P51700002627,S. D. Bhalerao Associates,15,0,60
P51700000844,Suresh Kashinath Haware,0,0,12
P51700002559,SHIVAM UNIVERSAL,0,0,0
P51700005679,Riddhi Siddhi Enterprises,0,0,3
P51700008143,SQUAREFEET INFRASTRUCTURE LLP,0,1,36
P51700001183,Bharat Agri Fert & Realty Limited,0,1,12
P51700008389,SHREE SUMATINATH ENTERPRISES LLP,0,1,12
P51700001930,Jayshree Builders,0,0,12
P51700000528,HORIZON PROJECTS PVT LTD,22,0,36
P51700002614,Abhilasha Venture,0,1,21
P51700002071,KUNDAN EKNATH MHATRE,0,0,24
P51700002512,ASHWAMEDH CONSTRUCTION,0,2,5
P51700000725,OM SAI LAND DEVELOPERS,0,0,15
P51700005590,MILAN HOUSING COMPLEX PVT. LTD.,0,0,0
P51700005077,Ashok Kumar Narayanlal Sahlot,0,0,17
P51700000778,Acme Housing India Private Limited,7,6,36
P51700001100,PANORAMA REALTY,0,0,48
P51700000445,SHANKHESHWAR KREATERS,0,0,0
P51700003704,SAMARTH DEVELOPERS,0,0,30
P51700000431,Vijay Ramchandra Panvelkar,0,0,0
P51700000450,SAI SHRUSHTI ENTERPRISES,0,0,0
P51700011204,Amol Padmakar Tarmale,0,0,6
P51700006127,ANIL HARDASMAL THARWANI,0,2,7
P51700006728,ANIL HARDASMAL THARWANI,0,2,12
P51700007834,ANIL HARDASMAL THARWANI,0,2,6
P51700003380,Panika Infrastructures Pvt. Ltd.,1,0,24
P51700000847,HIRANANDANI PROPERTIES PRIVATE LIMITED,0,2,0
P51700001032,Acme Housing India Private Limited,0,6,12
P51700001038,Acme Housing India Private Limited,37,6,54
P51700001033,Acme Housing India Private Limited,1,6,54
P51700000448,Palava Dwellers Private Limited,5,5,12
P51700000928,ROMA BUILDERS PRIVATE LIMITED,0,6,48
P51700000420,Palava Dwellers Private Limited,2,5,12
P51700000635,Agile Real Estate Pvt. Ltd.,1,5,48
P51700000625,Agile Real Estate Pvt. Ltd.,0,5,48
P51700000598,Rahul Vijay Panvelkar,0,0,12
P51700000802,Palava Dwellers Private Limited,1,4,12
P51700000463,SHANKHESHWAR KREATERS,0,0,0
P51700004557,MOHAN LIFESPACES LLP,0,2,6
P51700013381,Lote Constructions,0,0,17
P51700000640,Agile Real Estate Pvt. Ltd.,3,5,48
P51700000922,Agile Real Estate Pvt. Ltd.,0,5,48
P51700001809,Sai Satyam Developers,0,0,24
P51700002912,ROMA BUILDERS PRIVATE LIMITED,0,2,0
P51700001039,Agile Real Estate Pvt. Ltd.,5,3,51
P51700000927,Agile Real Estate Pvt. Ltd.,9,3,51
P51700000925,Agile Real Estate Pvt. Ltd.,0,5,48
P51700004964,SHREYAS ENTERPRISES,0,0,0
P51700007312,SHREE DEVELOPERS,0,0,30
P51700001031,MACROTECH DEVELOPERS LIMITED,15,2,12
P51700001040,Agile Real Estate Pvt. Ltd.,3,3,51
P51700000732,Agile Real Estate Pvt. Ltd.,4,3,51
P51700004963,Chaturthi Developers,0,0,12
P51700000924,Agile Real Estate Pvt. Ltd.,1,3,51
P51700001278,Agile Real Estate Pvt. Ltd.,2,3,51
P51700001083,Agile Real Estate Pvt. Ltd.,1,3,48
P51700001310,Agile Real Estate Pvt. Ltd.,6,3,48
P51700001065,MACROTECH DEVELOPERS LIMITED,87,2,0
P51700002752,FSK BUILDERS & DEVELOPERS PRIVATE LIMITED,0,0,24
P51700002833,FSK BUILDERS & DEVELOPERS PRIVATE LIMITED,0,0,36
P51700005444,PRAKASH LELE CONSTRUCTION,0,0,0
P51700007310,ANIL HARDASMAL THARWANI,0,0,0
P51700004962,SUKHANAND INFRA PVT. LTD.,0,0,60
P51700006472,GOPAL KRISHNA DEVELOPERS,0,0,17
P51700005670,AL-SAAD CONSTRUCTIONS,0,0,12
P51700003640,KAMBAR RESIDENCES,0,0,36
P51700005338,SIDDHI REAL ESTATE DEVELOPERS,0,6,47
P51700003010,Mohammed Salim Yusuf,0,0,0
P51700002982,PRESCON Realtors & Infrastructures Pvt. ltd.,0,0,24
P51700005621,VAGAD CONSTRUCTIONS,0,0,31
P51700010742,NICE REALTY AND DEVELOPERS,0,0,0
P51700004255,OM KRISHNA INFRA,0,0,9
P51700001722,Aurum RealEstate Developers Limited,3,0,0
P51700000656,Om Sai Constructions,0,0,6
P51700000704,HIRANANDANI PROPERTIES PRIVATE LIMITED,0,2,0
P51700001599,SHREE ADITI DEVELOPERS,0,0,12
P51700007983,PATIDAR DEVELOPERS,0,0,42
P51700000981,MACROTECH DEVELOPERS LIMITED,1,2,12
P51700001030,MACROTECH DEVELOPERS LIMITED,7,2,12
P51700003758,BHAVI ENTERPRISES,0,0,14
P51700002411,AMAR REALTY,0,0,0
P51700007866,NICE CONSTRUCTIONS,0,0,24
P51700004783,ORANGE REALTORS,0,0,12
P51700000884,AARADHANA DEVELOPERS,0,0,15
P51700002010,Patel & Associates,0,0,171
P51700002673,Money Magnum Constructions,0,22,30
P51700002110,Money Magnum Constructions,0,21,12
P51700006775,DEV VENTURES,0,0,18
P51800000861,Ashta Siddhi Constructions Private Limited,0,0,37
P51700007307,Ms ASHAR VENTURES,0,0,0
P51700003827,ANANT SQUARE,0,0,12
P51700007389,Ms ASHAR VENTURES,1,0,24
P51700004111,FOURWAY REALTY,0,0,6
P51700005002,Aadinath builders & developers,0,0,12
P51700001081,Ms ASHAR REALTORS,0,0,0
P51700000986,SARASWATI CORP,0,0,16
P51700003260,TRICITY REALTY LLP,0,0,0
P51700007011,MOHAN LIFESPACES LLP,0,2,48
P51700001926,Ms ASHAR REALTORS,0,0,0
P51700000972,Ms ASHAR REALTORS,0,0,0
P51700005931,SHREE SIDDHI DEVELOPERS,0,0,0
P51700008474,MORAJ INFRATECH PRIVATE LIMITED,0,0,12
P51700004872,GeeCee Ventures Limited,0,0,0
P51700002726,RISALI DEVELOPERS,0,0,15
P51700002717,MAGESTIC PREMISES PRIVATE LIMITED,0,0,0
P51700006334,JITESH KAMLESH PATEL,0,0,3
P51700006232,Ravi Developments,49,0,80
P51700001597,Siddhitech Homes Private Limited,20,0,24
P51700001169,Ms ASHAR REALTORS,0,0,0
P51700003692,SWASTIK REALTORS,1,0,24
P51700001159,Ms ASHAR REALTORS,0,0,0
P51700000958,Tapir Constructions Limited,18,0,0
P51700003008,SHREE BALAJI BULDERS AND DEVELOPERS,0,0,0
P51700007306,OMPRAKASH WADHURAM WADHWA,0,0,18
P51700002735,REGENCY NIRMAN LTD,0,6,6
P51700002911,REGENCY NIRMAN LTD,0,6,6
P51700008116,REGENCY NIRMAN LTD,0,6,18
P51700005607,LAABH BUILDERS and DEVELOPERS,0,0,84
P51700004316,Ravi Developments,0,0,24
P51700013029,HARISHREE CREATIONS,0,0,0
P51700005954,ATLANTIC WINDS INFRASTRUCTURE PVT.LTD.,0,0,11
P51700006810,M/s Soham Construction,0,0,0
P51700004165,NIDHI DEVELOPERS,0,0,12
P51700007123,NEELKANTH REALTORS PVT LTD,0,2,72
P51700000736,VERTEX NEWTON PROJECTS PRIVATE LIMITED,0,1,20
P51700007190,Bhalchandra  Wadnerkar,0,0,0
P51700003913,Shanklesha Constructions,1,0,63
P51700005511,MORYA INFRACONSTRUCT PRIVATE LIMITED,17,0,24
P51700007962,G K MALI & C K MALI,1,1,12
P51700003172,KONKAN HOUSING AND AREA DEVELOPMENT BOARD,0,1,84
P51700003217,J J TECHNOCRATS,0,0,0
P51700002011,Tulsi Buildcon,0,0,45
P51700006570,Mandakini Realtors,3,2,56
P51700003251,AAMANTRAN DEVELOPERS,0,0,11
P51700000815,KEDAR BHIKAJI BAPAT,0,0,5
P51700010278,PRIME HOUSING,3,0,48
P51700001024,AJAY MADHUKAR THANEKAR,0,0,24
P51700003860,Versatile Developers,19,0,60
P51700000969,Ms ASHAR REALTORS,0,0,12
P51700009855,BUILDCON ENGINEERS,0,0,0
P51700006777,HAZEL ENTERPRISE,0,0,12
P51700007802,HERAMB CONSTRUCTION,0,0,7
P51700001383,Runwal Construction Private Limited,5,0,79
P51700002262,BALAJI REGENCY PROPERTIES,2,0,2
P51700006536,RAJ MANOHAR WADHWA,0,0,0
P51700005351,AMAR CONSTRUCTION,0,0,0
P51700002550,MOHAN LIFESPACES LLP,0,0,24
P51700004665,GAJANAN KOTKAR & NANDINI KOTKAR,0,0,12
P51700007299,SHRADDHA SAI SHELTERS,0,1,20
P51700007745,SIDDHI REAL ESTATE DEVELOPERS,4,5,47
P51700002842,SAI PROVISO DEVELOPERS,0,0,24
P51700009448,SHREE ASHAPURA COMBINES,0,1,18
P51900009084,VINAYAK DEVELOPERS,0,0,12
P51700006307,SIDDHI REAL ESTATE DEVELOPERS,0,6,47
P51700000973,Vinay  Agrawal,1,0,156
P51700001574,MAITHILI KALPVRUKSH PRIVATE LIMITED,0,2,24
P51700006876,JEWEL BUILDERS,0,0,36
P51700001221,Fortune Infracreators Private Limited,0,0,12
P51700000953,SHREE SIDDHIVINAYAK ENTERPRISES,1,0,10
P51700004103,SHREE KRISHNA ENTERPRISES,0,2,15
P51700002741,Fortune Infracreators Private Limited,9,9,12
P51700001204,Shreyas Enterprises,0,0,6
P51700000808,SAI SHRADHA DEVELOPERS,0,0,12
P51700002824,REGENCY NIRMAN LTD,0,0,0
P51700007066,REGENCY NIRMAN LTD,0,0,0
P51700008243,abhijit bhaskar kelkar,0,0,31
P51700007704,REGENCY NIRMAN LTD,1,0,0
P51700004031,Kalpataru Homes Private Limited,0,4,12
P52000001364,SILVER GLADES PROJECTS PRIVATE LIMITED,0,0,3
P51700001476,ASHIRWAD DEVELOPERS,1,0,3
P51700004698,MANAS ENTERPRISES,0,0,0
P51700003734,MUKTA DEVELOPERS,0,0,3
P51700009315,VASTU BUILDERS,0,0,0
P51700001561,SARASWATI BUILDCON,0,0,17
P51700004471,MEGA DEVELOPERS,0,2,0
P51700001143,ASHWAMEDH BUILDERS AND DEVELOPERS,1,0,12
P51700004551,SAI SAMRUDDHI CONSTRUCTION CO,0,0,0
P51700003079,TRIVENI LIFESTYLE DEVELOPERS LLP,0,0,18
P51700004591,T Bhimjyani Realty Pvt.Ltd.,74,5,42
P51700005630,ANIL HARDASMAL THARWANI,0,2,4
P51700004565,ANIL HARDASMAL THARWANI,0,2,10
P51700005135,ANIL HARDASMAL THARWANI,0,2,33
P51700001499,Ms AMBER ESTATE,0,0,12
P51700006096,EMPIRE INDUSTRIES LIMITED,7,0,12
P51700010446,VANTAGE LAND DEVELOPERS,0,0,12
P51700001095,Dhruva Woollen Mills Pvt Ltd,2,0,72
P51700001611,ROMA BUILDERS PRIVATE LIMITED,0,0,24
P51700001641,Kohinoor Castles,0,0,18
P51700008016,PARSHVANATH ENTERPRISES,0,0,12
P51700007006,FUTURE HOMES DEVELOPERS,0,0,9
P51700005579,NOBLE CONSTRUCTION COMPANY,0,0,12
P51700002666,Shree Samarth Developers,0,0,12
P51700001387,NAYAN DILIP DALAL,0,0,12
P51700005875,Sanjeev Vasant Divekar,5,2,84
P51700001217,SHREE SIDDHIVINAYAK ENTERPRISES,2,0,33
P51700003423,LA ARIHANT BUILDERS AND DEVELOPERS,3,0,48
P51700001570,SONAL DEV-CON PVT LTD,0,0,60
P51700001150,Fortune Infracreators Private Limited,1,1,12
P51700003493,Jai Mahalaxmi Enterprises,0,0,0
P51700001511,ROMA BUILDERS PRIVATE LIMITED,0,0,24
P51700009303,Kohinoor Realties (J.V),0,0,16
P51700003017,Ekdant Constructions and Developers Private Limited,0,0,12
P51700006566,PARAM DEVELOPERS,1,0,0
P51700001716,AMI INFRA,0,0,24
P51700006708,MOTIRAM DARSHAN NX,0,3,0
P51700008312,SHREE SAMARTH SATAM MAHARAJ DEVELOPERS,0,0,0
P51700002937,UMIYA ENTERPRISES,0,0,24
P51700006280,LARKINS REALTORS,0,0,12
P51700002657,LARKINS REALTORS,0,0,24
P51700004190,Mukta Builder,0,0,24
P51700005182,NEW ERA VENTURES,0,0,9
P51700007071,LARKINS REALTORS,0,0,24
P51700004024,LAABH BUILDCON,1,0,87
P51700003347,VANITA ENTERPRISES,0,0,0
P51700005937,SAI HOMES,0,0,41
P51700002787,Sonu Anil Hotchandani,7,3,6
P51700001164,KAMRAN LIVESTOCK & REAL ESTATE PVT LTD,6,0,42
P51700012649,VIP REALTORS PRIVATE LIMITED,0,0,12
P51700006887,SHIV SHAKTI CORPORATION,0,0,6
P51700001555,RAJ LAXMI DEVELOPERS,2,0,48
P51700003354,MAATRU KRUPA ENTERPRISES,0,0,6
P51700005357,V TEN REALTY PRIVATE LIMITED,1,0,6
P51700008172,SKHEIGHTS PVT LTD,2,1,24
P51700009259,M/s. Milestone Space,4,1,54
P51700008406,KOHINOOR INFRA DEVELOPMENT,1,0,18
P51700002459,NATASHA DEVELOPERS PVT LTD,1,0,36
P51700005172,DARSHAN SAGAR DEVELOPERS,23,0,17
P51700001130,KD VISION DEVELOPERS,0,0,24
P51700002104,AMBE DEEP ENTERPRISES,0,1,0
P51700008098,VIRA THEATRES PVT LTD,0,1,44
P51700004242,THARWANI CONSTRUCTIONS PVT LTD,25,1,16
P51700008015,ANAND HOMES,0,0,24
P51700004362,M/s. Universal Infra Developers,5,2,90
P51700000988,SHREE VIGNAHARTA DEVELOPER,3,0,36
P51700001986,PAREKH INFRAPROJECTS,0,0,0
P51700002188,DEEPLAXMI DEVELOPERS,0,0,12
P51700018906,DIWALI DEVELOPERS,0,0,24
P51700004721,A J OM ENTERPRISES,1,0,17
P51700003236,HAWARE ENGINEERS & BUILDERS PRIVATE LIMITED,4,0,6
P51700003576,Ovla Builders & Developers Pvt. Ltd.,0,0,72
P51700011404,HAWARE FINANCE PVT. LTD.,6,4,12
P51700007835,VANSH ENTERPRISES,0,0,0
P51700012359,Shraddha Corporation,0,0,10
P51700001284,HARASIDDH DEVELOPERS,1,1,12
P51700008574,RAI RESIDENCY Private Limited,0,0,22
P51700007036,UNITY INFRATECH,0,0,6
P51700006657,SCHEMA ENTERPRISES PRIVATE LIMITED,18,0,60
P51700008269,Mahesh Shriram Borkar,0,0,0
P51700001351,RUTU BUILDERS,1,1,0
P51700004997,Shree Khidkaleshwar Property Developers Pvt. Ltd.,0,0,66
P51700004758,M/S.AKSHAR OM CONSTRUCTION,0,0,6
P51700004003,Shree Khidkaleshwar Property Developers Pvt. Ltd.,0,0,61
P51700014904,Dilip  Gangji  Shah,0,0,0
P51700011815,ROYALE URBANSPACE,0,0,0
P51700002510,SEVEN HILL BUILDCON,2,0,0
P51700001234,MEHTA REALTORS,0,0,9
P51700003464,Today Royal Infra,0,0,0
P51700010128,DIWALI CONSTRUCTION COMPANY,0,0,18
P51700008369,M/s. Jigar Enterprise,0,0,21
P51700011791,ROYALE URBANSPACE,0,0,12
P51700002100,TULIP REALTY,0,0,0
P51700003889,AKSHAR SPACE PVT LTD,100,1,48
P51700001622,DEEPAK RAJENDRA JAIN,7,0,21
P51700007373,Home Makers,0,0,3
P51700004303,Gajra Home Makers Pvt. Ltd.,0,0,18
P51700005805,VIJAY SURAKSHA REALTY LLP,0,0,26
P51700008664,IMPRESSIONS,0,0,36
P51700003547,I G BUILDERS,0,0,60
P51700003573,GAYATRI BUILDERS,0,0,3
P51700001871,Ishaan Enterprise,0,0,19
P51700007216,sarvodayrajconstructioncompany,0,0,45
P51700007229,GAYATRI BUILDERS,0,0,33
P51700010356,M/S SIXTH SENSE DEVELOPERS,0,0,27
P51700006838,VIJAY SURAKSHA REALTY LLP,2,7,58
P51700005745,HARAKCHAND NENMAL JAIN,1,1,36
P51700002359,KIMAYA CONSTRUCTION,0,0,0
P51700005583,Nirmal Lifestyle (Kalyan) Private Limited,46,1,97
P51700003540,Nirmal Lifestyle (Kalyan) Private Limited,28,1,103
P51700006766,Nirmal Lifestyle (Kalyan) Private Limited,47,1,97
P51700003948,MOHAN LIFESPACES LLP,0,0,36
P51700003542,Nirmal Lifestyle (Kalyan) Private Limited,16,1,75
P51700006378,Nirmal Lifestyle (Kalyan) Private Limited,17,1,75
P51700002924,Nirmal Lifestyle (Kalyan) Private Limited,26,2,78
P51700003554,Nirmal Lifestyle (Kalyan) Private Limited,25,2,72
P51700006746,Nirmal Lifestyle (Kalyan) Private Limited,13,1,72
P51700006379,Nirmal Lifestyle (Kalyan) Private Limited,14,1,76
P51700003545,Nirmal Lifestyle (Kalyan) Private Limited,22,1,76
P51700003628,Nirmal Lifestyle (Kalyan) Private Limited,13,1,78
P51700005451,Nirmal Lifestyle (Kalyan) Private Limited,28,3,82
P51700003541,Nirmal Lifestyle (Kalyan) Private Limited,28,0,83
P51700002670,Charms Developers,0,2,30
P51700002092,Nirman Construction,0,0,6
P51700001106,Spendor Shelters Private Limited,0,0,0
P51700006149,Macrotech Developers Limited,0,0,0
P51700003805,CONCEPT REALTY,0,0,36
P51700004667,Macrotech Developers Limited,0,1,0
P51700008733,SAB VENTURES,0,0,18
P51700007077,VIHANG INFRASTRUCTURE PVT LTD,52,10,84
P51700007568,PRESTIGE DEVELOPERS,0,0,12
P51700005683,BRIGHT SKY HEIGHTS BUILDERS AND DEVELOPERS PRIVATE LIMITED,2,1,12
P51800013187,HINDUSTAN CONSTRUCTION CORPORATION,1,0,89
P51700008025,Theme Infraprojects Private Limited,3,1,49
P51700001677,BALAJI CONSTRUCTION,0,0,12
P51700004904,SADGURU ASSOCIATE,0,0,24
P51700002081,Charms Developers,0,2,30
P51700005462,GURUKRIPA LANDHOLDING LLP,0,0,41
P51700003212,Nirmal Lifestyle (Kalyan) Private Limited,11,2,76
P51700003544,Nirmal Lifestyle (Kalyan) Private Limited,3,0,85
P51700008449,MACROTECH DEVELOPERS LIMITED,6,0,12
P51700005234,Nirmal Lifestyle (Kalyan) Private Limited,34,0,31
P51700003274,Nirmal Lifestyle (Kalyan) Private Limited,22,0,109
P51700006147,MACROTECH DEVELOPERS LIMITED,6,0,12
P51700003543,Nirmal Lifestyle (Kalyan) Private Limited,23,1,87
P51700005653,VIJAY SURAKSHA REALTY LLP,24,25,25
P51700008385,SANTOSH NARAYAN SINGH THAKUR,5,1,90
P51700007057,Trimity Constructions,0,0,3
P51700007192,MACROTECH DEVELOPERS LIMITED,1,0,12
P51700005436,Nirmal Lifestyle (Kalyan) Private Limited,35,0,76
P51700005963,Pranjee Properties Pvt. Ltd,3,0,35
P51700003539,Nirmal Lifestyle (Kalyan) Private Limited,1,0,13
P51700005518,Nirmal Lifestyle (Kalyan) Private Limited,6,0,13
P51700006342,Nirmal Lifestyle (Kalyan) Private Limited,49,4,81
P51700008289,SAHAYOG CONSTRUCTION,0,0,12
P51700003537,Nirmal Lifestyle (Kalyan) Private Limited,21,6,81
P51700004170,SIDDIQUEE INFRASTRUCTURE CO.,0,0,48
P51700001517,Lodha Buildcon Private Ltd (Lodha Develoopers Pvt Ltd),11,0,14
P51700005344,VS DEVELOPERS,0,1,10
P51700001557,JASHNANI CONSTRUCTION PRIVATE LIMITED,0,0,0
P51700008211,SMART PEOPLE,0,0,0
P51700003538,Nirmal Lifestyle (Kalyan) Private Limited,15,1,24
P51700010870,SKYLINE DEVELOPERS,0,0,42
P51700004494,Charms Corporation,0,0,0
P51700004459,MARUTI BUILDERS AND DEVELOPERS,0,0,18
P51700005284,M/s. Shubham Karoti Enterprises,0,0,0
P51700010249,MKY Infrastructure,44,0,11
P51700002055,Charms Developers,1,2,6
P51700005421,WADHWA BUILDCON,2,1,12
P51700004476,Charms Corporation,0,0,8
P51700012010,M/s. Shubham Karoti Enterprises,0,0,0
P51700005686,M/s. Shubham Karoti Enterprises,0,0,24
P51700013347,ASHTAVINAYAK ENTERPRISES,0,0,0
P51700005026,Shrinath Developers,0,0,12
P51700004654,Shree Tirupati Greenfield Developers,5,3,42
P51700008458,Gajanan Shyamrao Khabale,0,0,33
P51700012016,Hubtown Limited,0,2,80
P51700002876,Nirmal Lifestyle (Kalyan) Private Limited,6,1,12
P51700002875,Nirmal Lifestyle (Kalyan) Private Limited,7,0,20
P51700006711,Nirmal Lifestyle (Kalyan) Private Limited,21,0,75
P51700006383,Nirmal Lifestyle (Kalyan) Private Limited,26,1,75
P51700003461,Nirmal Lifestyle (Kalyan) Private Limited,8,0,28
P51700003433,NEELKAMAL REALTORS SUBURBAN PRIVATE LIMITED,76,120,108
P51700001361,Neelkanth Palm Realty,0,5,24
P51700001865,Chintamani Construction,0,0,6
P51700007265,UNIQUE BUILDCORN BUILDERS AND DEVELOPERS,2,0,29
P51700002007,ROSHNI ENTERPRISES,0,1,12
P51700002777,SHARDA VASTU NIRMITEE PVT. LTD.,0,0,5
P51700004417,Charms Corporation,0,0,6
P51700008759,RAHUL DILIP PATIL,0,0,12
P51700012171,SAIRATNA CONSTRUCTION,0,0,6
P51700001928,Siddhitech Homes Private Limited,13,5,50
P51700002123,ROSHNI ENTERPRISES,0,1,12
P51700001853,JASHNANI CONSTRUCTION PRIVATE LIMITED,0,0,6
P51700005471,UNIQUE BUILDERS AND DEVELOPERS,2,0,35
P51700003984,KARNIKS EXOTICA,1,0,6
P51700006850,SIDDHI KRISH DEVELOPERS,0,2,15
P51700002727,KOMAL DREAM BUILDERS PRIVATE LIMITED,0,0,0
P51700001659,DREAM BUSINESS VENTURE,0,0,0
P51700007564,SCARLET BUILDERS & DEVELOPER,0,0,84
P51700005689,SIDDHI KRISH DEVELOPERS,0,2,15
P51700009304,KARRM INFRASTRUCTURE PRIVATE LIMITED,9,0,27
P51700007196,SIDDHI KRISH DEVELOPERS,0,2,15
P51700008427,RK CONSTRUCTION,6,0,0
P51700006815,SIDDHI KRISH DEVELOPERS,0,2,15
P51700005341,SIDDHI KRISH DEVELOPERS,1,2,72
P51700004403,SIDDHI KRISH DEVELOPERS,0,2,12
P51700007680,KARRM INFRASTRUCTURE PRIVATE LIMITED,10,0,12
P51700010325,KARRM INFRASTRUCTURE PRIVATE LIMITED,29,0,12
P51700011990,Rashmi Housing Private Limited,1,1,12
P51700008088,THARWANI CONSTRUCTIONS PVT LTD,0,1,53
P51700004314,CONTINENTAL BUILDERS AND DEVELOPERS,0,0,24
P51700004307,SATYAM BUILDERS AND DEVELOPERS,0,0,6
P51700010262,SHIVSAI BUILDERS & DEVELOPERS,0,0,0
P51700003643,MERIDIAN BUILDPRO PRIVATE LIMITED,0,0,24
P51700003655,Sheth Developers Private Limited,32,0,36
P51700006642,SKYLINE DEVELOPERS,0,0,12
P51700003166,GREYSTONE SPACES LLP,0,1,0
P51700001558,JASHNANI CONSTRUCTION PRIVATE LIMITED,0,0,12
P51700003535,Piramal Estate Private Limited,1,4,12
P51700009341,NEMINATH ENTERPRISES,0,0,21
P51700001954,Hubtown Limited,0,0,72
P51700010126,L. K. Realtors,0,0,24
P51700006811,SIDDHI GAURAV ENTERPRISES,1,2,24
P51700006253,MUKTA REALITY,0,0,30
P51700005485,SIDDHI GAURAV ENTERPRISES,0,3,12
P51700003793,Piramal Estate Private Limited,7,6,0
P51700019886,Konark NIrman Pvt. Ltd.,0,0,6
P51700005079,Ashwamedh Builders & Developers,97,6,36
P51700005154,MUKTA DEVELOPERS,0,0,24
P51700010110,CHARMS PRIDE,0,0,6
P51700012365,SAVITA HOMEMAKERS LLP,7,2,24
P51700004624,JASHNANI CONSTRUCTION PRIVATE LIMITED,0,0,0
P51700004817,MODERN CONSTRUCTION,0,0,12
P51700003283,Piramal Estate Private Limited,6,7,12
P51700003374,DEV LAND & HOUSING PVT LTD,0,0,35
P51700003872,SHIVAM DEVELOPER,0,0,0
P51700006081,PARAM DEVELOPERS,0,0,12
P51700005438,RACHANA ENTERPRISES,0,0,36
P51700003215,KARRM INFRASTRUCTURE PRIVATE LIMITED,44,1,71
P51700008284,KARRM INFRASTRUCTURE PRIVATE LIMITED,32,2,71
P51700009805,SHREE KRUPA ENTERPRISES,0,0,30
P51700010705,PACIFIC IMPRESSION,0,0,32
P51700008755,VIJAY CITISPACE PVT. LTD.,16,9,12
P51700008703,SHREE GANESH CONSTRUCTION COMPANY,0,0,12
P51700005910,SAI KRUPA BUILDERS,0,0,0
P51700006699,Yogiraj Powertech Pvt Ltd,1,0,27
P51700003931,MARUTI DEVELOPERS J.V.,0,0,6
P51700009475,RADHE KRISHNA INFRASTRUCTURE,0,0,0
P51700008622,M/S SHREE CONSTRUCTIONS,0,0,3
P51700004455,MNR DEVELOPERS,0,0,60
P51700005278,OM SHREE SAI DEVELOPERS,0,1,67
P51700007274,Sheth Developers Private Limited,16,0,12
P51700010086,PRAVIN SAKHARAM PATIL,0,0,3
P51700003568,M/S SHREE MANAS DEVELOPRS,0,0,0
P51700004741,Kalpataru Homes Private Limited,0,4,12
P51700004670,GLOBE REALTORS,0,0,12
P51700010159,SANCHITA CONSTRUCTION,0,0,12
P51700010709,Annapurna Universal,0,0,0
P51700006941,SHRI TIRUPATI REALTY,0,0,0
P51700002077,VIKRAM GROUP,0,0,12
P51700003338,AVISHKAR DEVELOPERS,0,0,4
P51700010453,Adik Jayaram Mhatre,0,0,39
P51700002072,dilip sudhakar deshmukh,0,0,12
P51700005705,Shuban Buildpro LLP,0,0,0
P51700002398,SHREE SAI BUILDERS AND DEVELOPERS,0,0,0
P51700009908,SWARAJ DEVELOPERS,0,0,2
P51700006524,DNYANESHWAR MAULI BUILDER & DEVELOPERS,0,0,0
P51700012166,SAI MAHAVIR DEVELOPERS,0,0,0
P51700008627,KAPLESHWARA BUILDERS AND DEVELOPERS,0,0,12
P51700009354,AVISION REALTORS,0,0,84
P51700005696,JNM ENTERPRISES,0,0,0
P51700008183,MAJESTIC INFRA PROJECTS PRIVATE LIMITED,0,0,12
P51700004443,SHREE VRAJ GLOBAL,0,0,121
P51700006697,SHAH GROUP BUILDERS LTD,1,1,12
P51700013083,SHREE DEVELOPERS,0,0,0
P51700003290,PIONEER INDUSTRIES,0,0,12
P51700005398,S D BHALERAO CONSTRUCTIONS PVT LTD - SANDHYA,0,0,21
P51700010082,HARAH  RAWAT,0,0,24
P51700012469,shree ramesh homes builders and developers,1,0,48
P51700009331,RAUNAK CORPORATION,0,5,12
P51700003453,Shrikrishna  Marathe,0,0,0
P51700005814,Geo Builders,0,2,6
P51700005851,ORCHID HOUSINGINFRA LLP,3,0,30
P51700003377,RAUNAK CORPORATION,0,1,12
P51700004577,PANVELKAR GROUP BUILDERS AND DEVELOPERS,0,0,12
P51700008856,Dipti Home Makers Pvt Ltd,0,0,12
P51700003187,PARVATI CONSTRUCTION CO.,0,0,12
P51700003210,RAUNAK CORPORATION,0,1,12
P51700003288,RAJU  JAIN,0,0,5
P51700002689,K. R. REAL ESTATE PVT. LTD.,3,0,12
P51700006182,RAUNAK CORPORATION,0,1,12
P51700009588,UNIQUE BUILDERS & DEVELOPERS,0,0,24
P51700002442,K. R. REAL ESTATE PVT. LTD.,1,0,12
P51700003400,M/S VASANT BUILDERS AND DEVELOPERS,0,1,15
P51700005045,MARATHON REALTY PVT LTD,0,0,30
P51700005049,MARATHON REALTY PVT LTD,0,0,36
P51700009190,SONY NOORIE REALITY,0,0,12
P51700004161,SADGURU INFRA,0,0,0
P51700004677,NIDHI ASSOCIATES,0,0,36
P51700003969,SHANKAR NAMAJI BHOIR,1,0,90
P51700005731,SHREE BALAJI BUILDERS & DEVELOPERS,0,0,0
P51700003329,ANJANA SAHEBRAO CHAVAN,1,1,12
P51700004461,M/s SHREE ODHAV DEVELOPERS,0,0,21
P51700003112,ARIHANT VATIKA REALTY PRIVATE LIMITED,2,1,24
P51700009247,Konark Lifespaces,0,0,16
P51700003912,HEER REALTY VENTURES PVT LTD,1,0,55
P51700009708,RIYAZ ACHHAN KHAN,0,0,0
P51700006805,OSIAN DWELLINGS PRIVATE LIMITED,0,0,18
P51700006990,JOHN  MATHEW,0,0,44
P51700013039,MOHAN HARDASMAL THARWANI,0,0,7
P51700009407,Poddar Housing and Development Limited,0,0,0
P51700005549,RONAK BUILDERS & DEVELOPERS,4,2,82
P51900004149,West Pioneer Properties India Pvt Ltd,1,1,12
P51700002130,Konark Lifespaces,0,0,18
P51700009860,VISHNU VATIKA,0,0,53
P51700008414,MOHAN HARDASMAL THARWANI,0,0,24
P51700011840,Offbeat Tech Park LLP,0,0,75
P51700005915,NEELKANTH ENTERPRISES,0,0,0
P51700005308,S J Construction Co,0,3,12
P51700011720,GANPATI RESIDENCY,0,0,24
P51700005211,Shree Abhilasha Nirmiti,0,0,12
P51700005507,SEEMA VIJAY NIKAM,0,0,3
P51700012391,KRISHNA ENTERPRISES,0,0,0
P51700006917,RADHEYSHYAM ROSHANLAL GUPTA,0,0,54
P51700012205,SHREE SAIBABA GRIHANIRMITI PRIVATE LIMITED,1,0,24
P51700011635,Seema Land Developers,0,0,12
P51700008839,NND Ambernath LLP,0,1,12
P51700003962,PRAFUL HARIBHAI SENJALIA,0,0,78
P51700004472,RACHANA ENTERPRISES,0,0,24
P51800004249,TRIVENI LIFE STYLE DEVELOPERS LLP,0,0,17
P51700006312,COURTYARD REAL ESTATE PRIVATE LIMITED,1,1,24
P51700008415,MOHAN HARDASMAL THARWANI,0,0,48
P51700010007,GREEN AVENUE CONSTRUCTIONS,0,0,15
P51700002268,KIRAN REALTY,0,0,24
P51700008438,SANKALP DEVELOPERS,0,1,36
P51700004772,BHAVANI ENTERPRISES,0,0,48
P51700006102,SUDHIR DAMODAR GHATNEKAR,0,0,0
P51700010093,Rohit Developers,0,0,11
P51700003151,AKRUTI ASSOCIATES,0,0,0
P51700012376,EKVEERA ENTERPRISES,0,0,0
P51700010579,SAVITA HOMEMAKERS LLP,33,2,48
P51700002731,MOHAN LIFESPACES LLP,1,1,24
P51700008354,SWARLAND DEVELOPERS LIMITED,0,0,12
P51700009900,Bhagwati Abhilasha Conventure,0,5,113
P51700007573,Abhidarshan Combines,0,0,24
P51700010837,Acme Housing India Private Limited,1,6,0
P51700010925,Acme Housing India Private Limited,1,6,0
P51700004777,VISHNU GROUP,0,0,48
P51700006197,MOHAN HARDASMAL THARWANI,0,1,18
P51700003971,MOHAN LIFESPACES LLP,0,1,24
P51700005374,METRO DEVELOPERS,0,3,5
P51700006069,BALAJI BUILDCON,0,0,53
P51700007492,MOHAN HARDASMAL THARWANI,0,1,12
P51700005570,LANDSCAPE VENTURES,0,0,3
P51700007370,WADHWA BUILDCON LLP,0,1,24
P51700005142,SADASHIV INFRA,0,0,0
P51700007549,MOHAN HARDASMAL THARWANI,0,1,13
P51700007936,N.ROSE DEVELOPERS PVT LTD,1,0,21
P51700004679,ARIHANT SUPERSTRUCTURES LIMITED,0,0,18
P51700008388,SiroyaFM Constructions Pvt Ltdo,1,2,124
P51700005632,JASHNANI CONSTRUCTION PRIVATE LIMITED,0,0,12
P51700003240,RATTAN PROPERTIES AND PROJECTS PRIVATE LIMITED,0,0,0
P51700004903,MAYUR GROUP,0,0,12
P51700004805,PATASKAR DEVELOPERS PVT. LTD,0,2,96
P51700005512,SHASHWAT HOMES,0,0,6
P51700004184,SHREE RADHAKRISHNA DEVELOPER,0,0,0
P51700005403,M/S GIRIJA DEVELOPERS,0,0,58
P51700005645,akshay enterprises,0,0,0
P51700008542,NEXUS BUILDERS AND DEVELOPERS PVT LTD,0,7,12
P51700011610,Ornate Buildcon Developers,0,0,24
P51700006054,KIRAN REALTY,0,0,12
P51700007150,NAVADITYA DEVELOPERS,0,0,24
P51700009814,SHASHWAT HOMES,0,0,6
P51700004806,gupta builders and developers,10,2,66
P51700012446,PATIL AND ASSOCIATES,0,0,15
P51700004730,BHAVANI ENTERPRISES,1,0,20
P51700009313,Atlanta Landmark,0,0,12
P51700007972,YASH INFRA,0,0,16
P51700005566,VIJAY RAVJIBHAI GAJRA,0,0,24
P51700012480,KULSWAMINI DEVELOPERS,0,0,0
P51700009544,SHREE RAM BUILDERS,0,0,12
P51700005035,MEENAR ASSOCIATES,0,0,12
P51700009261,SIDDHIVINAYAK ENTERPRISES,0,0,12
P51700003956,Paras Leela Enterprises,0,0,12
P51700005218,SHREE NEMINATH BUILDPRO,0,0,12
P51700005781,SIMCO DEVELOPER,2,0,12
P51700012518,Arshad Ahmed Siddiqui,0,5,12
P51700003086,MAITRI CONSTRUCTION,0,0,32
P51700004695,Pranjee Properties Pvt. Ltd,0,0,15
P51700009016,Poddar Housing and Development Limited,0,0,0
P51700005580,GAONDEVI DEVELOPERS,0,1,35
P51700008092,AMRUT BUILDERS,0,0,18
P51700004370,Gayatri Developers,0,0,0
P51700005023,UMIYA ENTERPRISES,0,0,6
P51700003954,PLATINUM LIFESPACES,0,0,12
P51700008121,CREATIVE CONSTRUCTION,0,0,24
P51700012381,Ekdant Constructions and Developers Private Limited,1,1,48
P51700007989,Versatile Corporation,0,0,72
P51700005808,SHAURYA INFRA BUILDERS AND DEVELOPERS,0,0,12
P51700006405,KIRAN REALTY,0,0,12
P51700005020,KRISHNA SPACE,0,0,0
P51700007595,Pranjee Properties Pvt. Ltd,0,0,12
P51700009216,LUXORA REALTORS PRIVATE LIMITED,2,2,54
P51700004780,Rachana Projects,0,0,3
P51700003156,SAMRUDDHI DEVELOPERS,0,0,12
P51700004142,STALWART IMPEX PVT LTD,0,0,12
P51700012135,STALWART IMPEX PVT LTD,0,0,2
P51700003993,Sai Mangal Enterprises,0,0,39
P51700007590,VIHANG ENTERPRISES,71,1,12
P51700009156,Poddar Housing and Development Limited,0,0,36
P51700010372,VINAYAK BUILDERS & DEVELOPERS,0,0,4
P51700010902,VASTU GANESH BUILDERS AND DEVELOPERS,0,0,0
P51700010512,NAVIN NARANJI JAIN,0,0,0
P51700005364,HARI OM DEVELOPERS,0,1,0
P51700007961,S.K. DEVELOPERS,0,0,0
P51700010173,SAIPOOJAN ENTERPRISES,0,0,12
P51700008886,D. D. ASSOCIATES,0,6,0
P51700011992,VASUDEV VISHWANATH PATIL,0,0,3
P51700009061,USHA CONSTRUCTION CO,0,0,2
P51700003862,T Bhimjyani Realty Pvt.Ltd.,1,3,50
P51700005215,LAKHANI REALTY LLP,2,0,12
P51700009674,SIDDIQUEE CONSTRUCTION CO.,0,0,54
P51700010114,WADHWA BUILDCON LLP,1,1,0
P51700012319,CLUBLIFE REALTORS PRIVATE LIMITED,2,0,59
P51700003061,MAITRI RACHANA,0,0,35
P51700008346,K. R. REAL ESTATE PVT. LTD.,0,0,0
P51700008556,DESAI CONSTRUCTIONS,0,0,0
P51700004552,VEER MARUTI DEVELOPERS,12,0,24
P51700011991,Jangid Contructions,1,1,24
P51700011989,WADHWA BUILDCON LLP,0,1,0
P51700010990,PRAKASH BHOJRAJ SHEWANI,0,0,0
P51700004127,Jangid Contructions,20,1,25
P51700004749,Jangid Contructions,1,1,44
P51700006040,AANYA REALTORS,15,0,74
P51700005442,Shree Tirupati Greenfield Developers,0,2,0
P51700011130,MATHURA REALTOR,0,0,36
P51700012318,GOPAL KRISHNA DEVELOPERS,0,0,6
P51700013185,SAIRAJ ENTERPRISES,0,0,4
P51700005811,OM REALTY,0,0,0
P51700005623,D. D. ASSOCIATES,2,6,6
P51700005917,AAUM CONSTRUCTIONS,0,0,0
P51700008344,AASHRAY INFRA,0,0,12
P51700009325,SHREE SAMARTH ASSOCIATES,0,0,0
P51700008416,ATLANTIC CONSTRUCTION,0,0,0
P51700008502,Konark NIrman Pvt. Ltd.,1,0,0
P51700008197,ARUN BALU PATIL,0,0,24
P51700008912,New Royal Construction Company.,0,0,85
P51700007252,PRIDE ENTERPRISES,0,0,9
P51700008522,LIFESPACE REALTY,0,0,13
P51700005137,KALYAN DEVELOPMENT CORPORATION,0,0,18
P51700003623,OM ADITYA ASSOCIATES,0,0,12
P51700012503,SHAH GROUP BUILDERS & INFRAPROJECTS LTD,0,0,12
P51700011147,MEENAR ASSOCIATES,0,0,0
P51700008450,mukund balu keni,0,0,0
P51700005680,SHREE SAI AASHRAY DEVELOPERS,0,0,0
P51700006747,J M SKYLINE GROUP,0,0,48
P51700007282,Shreedham Construction Private Limited,1,0,12
P51700007849,Suyash Enterprises,0,0,30
P51700004393,Panvelkar Realty Private Limited,0,0,12
P51700005941,AMRUT BUILDERS,0,0,36
P51700005912,AANYA REALTORS,20,0,63
P51700006948,WADHWA BUILDCON LLP,1,1,12
P51700006631,ITNOA CONSTRUCTION PRIVATE LIMITED,0,0,60
P51700009367,Good Earth Build Well Private Limited,0,0,36
P51700006153,JAY AMBE DEVELOPERS,0,0,0
P51700011381,AVNI CORPORATION,0,0,22
P51700012040,AMRUT BUILDERS,0,0,36
P51700003973,MAITRI CONSTRUCTION,0,0,18
P51700009534,Shubha Developers,0,0,46
P51700009788,BRIGHT SKY HEIGHTS BUILDERS AND DEVELOPERS PRIVATE LIMITED,5,1,80
P51700008682,SHREE KULSWAMI DEVELOPERS,0,0,24
P51700009578,Akshar Developers,6,0,96
P51700009950,Kanubhai Mohanbhai Lakkad,0,0,48
P51700003328,SAI BALAJI DEVELOPER,0,4,37
P51700003281,Uma Creative,0,0,0
P51700012454,Mirador Dewellers Pvt Ltd,0,0,60
P51700003177,VEDANT CONSTRUCTION,0,0,12
P51700009583,Gayasuddin Riyazuddin Khan,0,0,6
P51700007732,BHAWARLAL MOHANLAL JAIN,0,0,68
P51700003359,UNNATHI ESTATES,0,1,12
P51700009111,Vraj Ratan Buildcon Pvt Ltd,0,0,93
P51700004774,SHREE SIDDHIVINAYAK ENTERPRISES,1,1,9
P51700011345,METRO CONSTRUCTION,0,0,31
P51700009886,SANGHVI PREMISES PRIVATE LIMITED,0,0,57
P51700009110,Gagan Developers & Engineers,0,0,18
P51700010231,SAI ASHRAY DEVELOPERS PVT LTD,0,1,53
P51700010999,IDEAL ENTERPRISES,0,0,18
P51700008671,SAI ASHRAY DEVELOPERS PVT LTD,15,1,83
P51700005650,SAI ASHRAY DEVELOPERS PVT LTD,0,1,87
P51700010988,DOSTI REALTY LTD,1,1,18
P51700005479,SAI ASHRAY DEVELOPERS PVT LTD,4,1,87
P51700005322,NOBLE CONSTRUCTIONS,0,0,12
P51700008860,SHREE UMIYA GROUP,2,0,12
P51700007642,EKVEERA ENTERPRISES,0,0,12
P51700011742,SAI ASHRAY DEVELOPERS PVT LTD,15,2,86
P51700008497,NEWA REALITY INFRASTRUCTURE,0,0,12
P51700006338,Mutha Properties,0,1,72
P51700004406,MADHU HARSHAD DOSHI,0,2,54
P51700006632,NEETA UMESH DHARNIDHARKA,0,0,6
P51700009019,Om Shiv Enterprises,0,0,0
P51700004399,MADHU HARSHAD DOSHI,0,2,54
P51700005345,MADHU HARSHAD DOSHI,0,2,54
P51700003746,MANOJ VASUDEV VAIDYA,0,0,6
P51700003414,Theme Developers Private Limited,4,3,24
P51700003426,SPACE CORPORATION,0,2,156
P51700004794,Tycoons Avanti Projects LLP,6,0,30
P51700009719,PYRAMID INFRATECH CO.,0,0,0
P51700008788,ACORN REALITIES,0,0,0
P51700011728,Vraj Ratan Buildcon Pvt Ltd,0,0,99
P51700005477,HORIZON PROJECTS PVT LTD,6,0,12
P51700007377,GAURANG PROPERTIES PVT. LTD.,0,0,39
P51700009127,Bhagwati Space Conventure,0,0,12
P51700009063,RAMCHANDRA PARSHURAM VARAK,0,1,0
P51700010776,SHAILESH SHOBNATH MISHRA,0,0,24
P51700006954,NEWA TECHNOCITY (I) PRIVATE LIMITED,0,0,51
P51700012252,SHREE JI ENTERPRISES,10,0,12
P51700002701,VPA Developers,0,0,2
P51700012253,SAHYADRI GRIH NIRMAN,0,0,12
P51700010310,NEWA TECHNOCITY (I) PRIVATE LIMITED,0,0,51
P51700007780,KASATA HOME TECH,0,0,12
P51700006037,Haresh Gurbux Doulatani,0,2,48
P51700012014,SRI DEVELOPER,0,0,24
P51700010020,SAMARTH DEVELOPERS,0,0,0
P51700011439,Gajanan Krupa Developers,0,0,24
P51700011642,Shree Swami Samartha Associates,0,0,12
P51700006565,DOSTI ENTERPRISES,7,0,12
P51700006686,ANJANA SAHEBRAO CHAVAN,0,0,24
P51700008884,AAROHI DEVELOPMENT CORPORATION,0,0,6
P51700008580,Om Sai Riddhi Siddhi Developers,0,0,6
P51700010437,Pappu Developers & Group,0,0,0
P51700010323,PARSHVANATH DEVELOPERS,0,0,4
P51700004574,Dhruva Woollen Mills Pvt Ltd,40,0,44
P51700004497,GOOD LUCKDEVELOPERS,0,1,12
P51700006252,Shamirth Infra Private Limited,3,1,60
P51700009543,APACE REALTY,0,0,24
P51700009729,Concorde Realty,0,1,39
P51700007910,OTTO CONSTRUCTIONS,0,0,0
P51700012275,SHREE SAIBABA CONSTRUCTIONS PRIVATE LIMITED,0,0,32
P51700008491,APACE REALTY,0,0,72
P51700010280,APACE REALTY,0,0,72
P51700006732,Bhavani Enterprises,0,0,0
P51700006142,APACE REALTY,0,0,72
P51700010318,APACE REALTY,0,0,36
P51700006658,M/S SQUAREFEET ECO HOUSING LLP,0,1,12
P51700012310,VARDHMAN ENTERPRISES,0,0,0
P51700009032,APACE REALTY,0,0,48
P51700005803,APACE REALTY,0,0,48
P51700010034,SHREE SQUAREFEET ENTERPRISES LLP,0,0,12
P51700008767,M K PATIL DEVELOPERS,0,0,0
P51700003616,Nirmal Lifestyle (Kalyan) Private Limited,32,0,12
P51700003404,T Bhimjyani Realty Pvt.Ltd.,0,3,65
P51700006201,MIKONIC STRUCTURES,0,0,0
P51700006977,TRINITY CONSTRUCTION CO.,36,0,18
P51700011189,SHREE SAI BALAJI ENTERPRISES,0,0,0
P51700004981,M K PATIL DEVELOPERS,0,0,52
P51700006857,MOHAN HARDASMAL THARWANI,0,0,24
P51700011737,ATULYA TOWNSHIP BUILDCOM PVT LTD,0,0,11
P51700006692,MITALI CONSTRUCTION,0,0,5
P51700008565,M K PATIL DEVELOPERS,0,0,0
P51700001982,RAJARAM CONSTRUCTION,0,1,0
P51700004825,Shree Munisuvrat Realty,0,0,0
P51700010980,UMA SAGAR HOMES,0,0,12
P51700008600,Shivam Developers,0,0,36
P51700012445,SHREEJI & INNOVATIVE DEVELOPERS,0,0,0
P51700003887,METRO INFRA,0,0,0
P51700003607,MOHAN LIFESPACES LLP,0,2,66
P51700009075,Trimurti Construction Co,0,0,33
P51700003397,SUNRISE LIFESPACES LLP,0,0,38
P51700009168,HORIZON PROJECTS PVT LTD,3,0,12
P51700005373,HARAKCHAND NENMAL JAIN,0,1,21
P51700007140,SANGHVI PREMISES PRIVATE LIMITED,0,0,78
P51700009177,DEEP HOMES & CONSTRUCTIONS LLP,26,0,31
P51700005837,Trimurti Construction Co,0,0,18
P51700008168,RAMESHAWAR BUILDERS & DEVELOPERS,0,0,10
P51700003768,SHARPMIND INFRASTRUCTURE PRIVATE LIMITED,0,0,20
P51700005861,SHREE SIDDHI CONSTRUCTION,0,0,42
P51700006308,Dream Realtors,0,0,0
P51700009467,Ashtavinayak Infrastructure,0,1,2
P51700004410,AAROHI DEVELOPMENT CORPORATION,0,0,0
P51700011065,AANYA RESIDENCES,5,0,48
P51700011661,SWANAND CONSTRUCTION CO,0,0,36
P51700009469,ITTEHAD BUILDERS AND DEVELOPERS,0,0,18
P51700009109,GREENWORLD DEVLOPERS PVT. LTD.,0,0,24
P51700005390,ANKITA BUILDERS,0,0,54
P51700004223,SHRI SAI DEVELOPERS,0,0,1
P51700006925,MADHU HARSHAD DOSHI,0,2,36
P51700006847,Om Sai Infra & Om Sai Group,10,0,27
P51700009857,AKSHAR BUILDERS AND DEVELOPER,0,0,12
P51700011752,NEELKANTH INFRATECH CO,0,0,12
P51700011114,ADESHWAR ASSOCIATES,0,0,0
P51700012247,SIDDHI REAL ESTATE DEVELOPERS,0,17,12
P51700008741,AASHIYANA BUILDERS ANDDEVELOPERS,0,0,0
P51700007320,MADHU HARSHAD DOSHI,0,2,36
P51700010469,VINAYAK ENTERPRISES,0,0,0
P51700011863,NEPTUNE DEVELOPERS LIMITED,0,7,0
P51700003705,NEPTUNE DEVELOPERS LTD,0,5,12
P51700003360,Abhishek Consttruction Co,2,4,33
P51700011191,NEPTUNE DEVELOPERS LIMITED,0,5,0
P51700005899,NEPTUNE DEVELOPERS LTD,0,6,12
P51700004929,JEEVAN ENTERPRISES,0,0,3
P51700011861,NEPTUNE DEVELOPERS LIMITED,0,5,0
P51700009783,NEPTUNE DEVELOPERS LTD,1,6,12
P51700005949,NEPTUNE DEVELOPERS LTD,0,6,12
P51700009803,NEPTUNE DEVELOPERS LIMITED,0,7,0
P51700011913,NEPTUNE DEVELOPERS LTD,1,5,12
P51700009447,ALFA ENTERPRISES,6,0,48
P51700014710,SHREE DATTA ENTERPRISES,0,0,0
P51700008931,NEPTUNE DEVELOPERS LTD,1,5,12
P51700010039,SAI CITY DEVELOPERS,0,0,6
P51700010108,Shree Swami Krupa Builders and Developers,0,0,0
P51700002953,Laxmi Kamal Associates,0,0,18
P51700009528,ANKITA BUILDERS,0,0,54
P51700009813,MOHAN KEDARNATH KRISHNAVANSHI,0,0,18
P51700006965,JAGDALE INFRASTRUCTURE PVT. LTD.,0,0,48
P51700005237,shree shakti developers,0,0,53
P51700003660,D A CONSTRUCTION,0,4,12
P51700007920,shree shakti developers,0,0,60
P51700007648,PATIL GROUP BUILDERS AND DEVELOPERS,0,0,60
P51700010414,KEDAR CONSTRUCTION,0,0,18
P51700010806,Laxmi Kamal Associates,0,0,0
P51700005877,SAI ASHRAY DEVELOPERS PVT LTD,19,1,94
P51700011942,SHREE SIDDHIVINAYAK BUILDERS & DEVELOPERS,0,0,0
P51700010188,Mateshwari Realtors,22,2,84
P51700010802,Lok Nagari Developer,3,5,84
P51700009812,RUDIS DEVELOPERS,0,0,12
P51700006820,Lok Nagari Developer,5,17,90
P51700008436,BHAGWATI INFRA,0,0,12
P52000005298,EVALIA PROJECTS & DEVELOPMENT PRIVATE LTD,10,1,6
P51700011319,Puneet Developers,2,1,36
P51700007493,RAM KRISHNA HARI ENTERPRISES,0,0,0
P51700005601,Puneet Developers,0,1,24
P51700005594,SAI GURUKRUPA CONSTRUCTION & DEVELOPERS,0,0,0
P51700011648,D A CONSTRUCTION,0,3,0
P51700012219,SHIKHAR DEVELOPERS,0,0,0
P51700003810,ISHAAN DEVELOPERS,1,0,8
P51700006558,VASTUSANKALP DEVELOPERS,0,0,12
P51700007985,SHREE VARAD VINAYAK DEVELOPERS,0,0,15
P51700006563,DAHISAR GULISTAN CO OPERATIVE HOUSING SOCIETY LIMITED,0,0,24
P51700008402,DBR CONSTRUCTIONS PVT LTD,0,0,12
P51700009040,SANDESH SHYAMSUNDER SABLE,1,4,49
P51700008352,RAJESH ESTATES AND NIRMAN PVT LTD,10,0,15
P51700012168,PRAGATI CONSTRUCTIONS,0,0,62
P51700002434,PARASIYA DEVELOPES,0,0,4
P51700009458,GAURANG ASSOCIATES,1,0,73
P51700004754,Shree Krupa Builders & Developers,1,1,0
P51700008792,SHREE RAMTANU DEVELOPERS,0,0,0
P51700010658,MOHAN LIFESPACES LLP,1,0,35
P51700011248,VASTUSANKALP DEVELOPERS,0,0,24
P51700008791,SHREENIWASA DEVELOPERS,0,0,12
P51700010289,NEPTUNE DEVELOPERS LIMITED,1,5,0
P51700010237,ALFA ENTERPRISES,1,0,60
P51700009785,NEPTUNE DEVELOPERS LTD,0,8,12
P51700008397,Anudan Properties Private Limited,0,0,31
P51700007291,OM SAI DEVELOPERS,0,1,0
P51700006934,CONWOOD REALTY PRIVATE LIMITED,8,5,17
P51700010783,NEPTUNE DEVELOPERS LIMITED,0,6,0
P51700005264,NEPTUNE DEVELOPERS LTD,0,5,12
P51700005300,NEPTUNE DEVELOPERS LTD,0,8,12
P51700010665,NARESH YASHWANT PATIL,0,0,63
P51700009907,NEPTUNE DEVELOPERS LIMITED,0,5,0
P51700010381,NEPTUNE DEVELOPERS LTD,0,7,12
P51700005260,NEPTUNE DEVELOPERS LIMITED,0,5,0
P51700008852,NEPTUNE DEVELOPERS LTD,0,6,12
P51700012297,ROSHNI BUILDERS AND DEVELOPERS,6,0,24
P51700012000,NEPTUNE DEVELOPERS LTD,0,5,12
P51700007460,NEPTUNE DEVELOPERS LIMITED,0,7,0
P51700003706,NEPTUNE DEVELOPERS LTD,1,6,12
P51700011115,NEPTUNE DEVELOPERS LIMITED,0,5,0
P51700009563,MADHU HARSHAD DOSHI,8,0,18
P51700011196,NEPTUNE DEVELOPERS LTD,0,6,12
P51700011116,NEPTUNE DEVELOPERS LIMITED,0,6,0
P51700009847,Prashant Aditya Shukla,0,0,6
P51700006446,NEPTUNE DEVELOPERS LTD,1,12,12
P51700008868,NEPTUNE DEVELOPERS LTD,0,7,12
P51700009912,NEPTUNE DEVELOPERS LTD,0,8,12
P51700011644,SURJIT BHOJSINGH AILSINGHANI,0,0,28
P51700007710,Sanjay shreenath pandey,67,0,107
P51700008943,Arham Enterprises,0,0,0
P51700005239,Prashant Aditya Shukla,0,0,3
P51700010425,P J Construction,0,1,41
P51700010424,CLEAN CONSTRUCTION CO.,0,0,72
P51700011655,Sanjay shreenath pandey,0,0,142
P51700010195,LAABH BUILDTECH,0,0,24
P51700003266,KALASH DEVELOPERS,0,0,18
P51700013016,MAN REALTY LIMITED,16,2,36
P51700006323,ROYAL GROUP,3,0,24
P51700007432,PYARELAL BHRIGUNATH SINGH,0,0,29
P51700007437,MADHU HARSHAD DOSHI,0,0,12
P51700012436,Om Sai Infra & Om Sai Group,52,0,112
P51700014458,Ashwin kumar Jain,2,0,60
P51700010807,Laxmi Kamal Associates,0,0,0
P51700011339,SHREE HARI DEVELOPERS,0,0,0
P51700009468,ALLIANCE REALTY,1,0,48
P51700012240,MOHAN KEDARNATH KRISHNAVANSHI,0,0,42
P51700010130,MAITRI DEVELOPERS,0,0,4
P51700010653,AASHRAY DEVELOPERS,3,4,3
P51700009589,NEPTUNE DEVELOPERS LIMITED,0,0,12
P51700007746,Parshwa Associates,2,6,18
P51700008257,SATYAM CONCAST PRIVATE LIMITED,0,0,0
P51700013100,MAN REALTY LIMITED,3,2,36
P51700012035,ARVIND GOPAL PATIL AOP,0,0,24
P51700002949,UMIYA CONSTRUCTION COMPANY,0,0,0
P51700012031,S S DEVELOPERS,0,0,18
P51700005502,SHRIKRISHNA DEVELOPERS,0,0,0
P51700008430,SHASHWAT HOMES,0,0,12
P51700012065,ALPHA COMBINES,0,0,48
P51700012027,SHREE MAHALAXMI CONSTRUCTIONS,0,0,12
P51700008084,K M ENTERPRISES,0,0,60
P51700009495,Honest Homes,0,0,0
P51700010344,JAI AMBE DEVELOPERS,0,0,18
P51700003488,Mauli Krupa Developers,0,0,24
P51700007775,VENTURE BUILDERS,0,0,6
P51700009218,Velocity,1,0,27
P51700012148,J K T BUILDERS & DEVELOPERS,0,0,30
P51700005880,Shree Viraj Enterprises,0,0,12
P51700005603,AASHISH COMBINES,0,1,18
P51700008900,KSHITIJ DEVELOPERS,0,0,36
P51700012136,S H CONSTRUCTIONS,0,0,12
P51700009933,Tycoons Avanti Projects LLP,2,0,30
P51700002868,SURESH KESHAVRAO YASHVANTRAO,0,0,6
P51700004736,PROSPECTIVE EATATE AND REALITY LOGICAL SOLUTIONS PVT LTD,0,0,69
P51700003438,AASHVI DEVELOPERS,0,0,0
P51700014205,SAIPRASAD ENTERPRISES,0,0,18
P51700009060,Honest Infra,0,0,24
P51700012079,PHOENIX INFRASTRUCTURE AND DEVELOPERS,0,1,0
P51700008666,SHIVNATH DEVELOPER,0,0,7
P51700012104,SHREE SAI BALAJI ENTERPRISES,0,0,2
P51700006676,KANHA MOTIRAM KENE,0,0,12
P51700007957,SHREE BALAJI DEVELOPERS,0,0,24
P51700004004,Shree Ganesha Associates,0,1,29
P51700014443,SIDDHARTH NARAYAN TANGDI,1,0,42
P51700004477,ASHA INFRATECH,0,0,12
P51700008053,SONA ENTERPRISES,6,3,108
P51700009008,SHIV STRUCTURES,0,0,67
P51700012227,PERFECT BUILDERS,0,0,0
P51700009903,YASH INFRA,0,0,18
P51700005982,SOHAM DEVELOPERS,0,0,0
P51700009095,ANKITA BUILDERS,0,0,0
P51700010214,SAI DEVELOPERS,0,0,36
P51700010153,RIEL INFRASTRUCTURE PVT LTD,12,0,36
P51700012054,SHUBH DEVELOPERS,0,0,12
P51700005236,KOTHARI AUTOPARTS MANUFACTURERS PRIVATE LIMITED,0,0,12
P51700010400,ABHISHEK SHELTERS LTD,0,0,8
P51700007523,OMKAR ENTERPRISES,0,0,56
P51700010369,SHIKHAR DEVELOPERS,0,0,0
P51700010396,SAIJI DEVELOPERS,0,0,12
P51700008431,RAJESH ESTATES AND NIRMAN PVT LTD,1,0,0
P51700011909,Aditya Associates,0,0,0
P51700012322,RTG Infrastructure and Realtors Limited,23,23,210
P51700005592,TELE BUILD CONSTRUCTION PVT LTD,0,0,60
P51700005709,SHIKHAR DEVELOPERS,0,0,0
P51700010795,SHUBH ENTERPRISES,0,0,0
P51700003435,SAIBHAKTI BUILDERS,0,0,6
P51700009808,SAIJI BUILDERS,0,0,24
P51700009284,Umiya Associates,0,0,6
P51700007502,KAVITA INFRA,0,0,0
P51700007107,SRI BALAJI DEVELOPER,0,0,7
P51700010252,WELFARE CONSTRUCTION,0,0,22
P51700011393,Sanjay Shantaram Kankoshe,0,0,34
P51700015085,SHRI PARRSSSVA ARHAM CONSTRUCTIONS ENTERPRISES LLP,0,0,36
P51700010168,SATYABHAMA DEVELOPERS,0,1,0
P51700011888,SHREE SAI YASH REALTORS,0,0,8
P51700008440,HORIZON PROJECTS PVT LTD,40,5,12
P51700006029,MAHALAXMI ENTERPRISES,0,0,18
P51700010106,SRI BALAJI DEVELOPER,1,0,69
P51700007650,SUNRISE DEVELOPERS,0,1,29
P51700009938,Mahesh Shriram Borkar,0,0,0
P51700004182,Shree Khodiyar Builders and Developers,0,0,18
P51700011975,SHRI AADINATH REALTY,0,0,72
P51700010970,NAVKAR & ASSOCIATES,0,0,18
P51700011528,Piramal Sunteck Realty Pvt. Ltd.,1,0,1
P51700009540,UNNATHI ESTATES,0,3,6
P51700010701,NEPTUNE DEVELOPERS LIMITED,0,0,12
P51700003224,SHREE MAHALAXMI BUILDERS AND DEVELOPERS,0,0,0
P51700007977,SIDDHIVINAYAK DEVELOPERS,0,0,0
P51700004374,Ashapura Enterprises,0,0,24
P51700007601,SHREE SAI BALAJI ENTERPRISES,0,0,12
P51700010317,SHREE SADGURU DEVELOPERS,0,0,48
P51700012364,OMKAR ENTERPRISES,0,0,24
P51700007118,SHREE BALAJI CONSTRUCTION,0,0,24
P51700009293,Chintamani Builders,0,0,14
P51700012072,SHREE SIDDHI VINAYAK DEVELOPERS,0,0,12
P51700012161,NEELKANTH ASSOCIATES,0,0,80
P51700010429,SARVODAYA LAND DEVELOPERSDEVELOPERS,0,0,9
P51700008655,SHREE DEVELOPERS,0,1,6
P51700009917,SADGURU DEVELOPER,0,0,0
P51700009701,TULJAI CONSTRUCTION CO.,0,0,12
P51700005196,TULJAI CONSTRUCTION CO.,0,0,12
P51700008132,K P DEVELOPERS,1,0,24
P51700010871,DAMJI HARI CONSTRUCTIONS,8,0,23
P51700008960,M/S. INFINI DEVELOPERS,0,0,45
P51700007581,MADIREDDY KONDA REDDY,0,0,0
P51700008705,AAVISHKAR ASSOCIATES,0,0,18
P51700005769,KYRAA INFRA PROJECTS PRIVATE LIMITED,4,0,24
P51700010313,OM SWAYAMBHU SIDDHIVINAYAK BUILDERS AND DEVELOPERS,0,1,12
P51700003299,MARUTI RAGHUNATH JADHAV,0,0,42
P51700004978,ACE CONSTRUCTION,0,0,57
P51700005884,Kulswamini Builders,0,0,0
P51700008376,PATIL BUILDERS AND DEVELOPERS,0,0,12
P51700012479,M/S. KULSWAMINI BUILDERS,0,0,0
P51700012270,RAJIV THAKUR & ASSOCIATES,0,0,0
P51700013182,hitesh parmanand asrani,2,0,0
P51700010350,DIMPY INFRA VENTURES PVT LTD,2,0,81
P51700010631,Saleem Abdul Shaikh,0,0,24
P51700010242,Patel Group & Co,27,5,60
P51700008709,Patel Group & Co,13,2,72
P51700009981,Patel Group & Co,1,2,72
P51700010423,shree shakti developers,0,0,60
P51700009082,shree shakti developers,0,0,24
P51700010368,Vaijanath Realtors LLP,0,0,24
P51700010884,ARIHANT ENTERPRISES,0,0,139
P51700009850,Archit Enterprises,0,0,27
P51700009777,DIKSHA DEVELOPERS,4,0,12
P51700004483,ARIHANT ENTERPRISES,2,0,96
P51700005481,ROYALE URBANSPACE LLP,0,0,12
P51700011645,YASH REALTORS,0,0,18
P51700012435,AADYASHAKTI ENTERPRISES,0,0,0
P51700010265,Ganga Estate Developers,1,0,66
P51700010974,Honest Enterprise,0,0,24
P51700010303,Modella Textile Industries Limited,3,1,60
P51700010267,BHOIR AND SONS,0,0,0
P51700005281,Modella Textile Industries Limited,21,1,60
P51700010295,SACHIN SUDAM PATIL,0,0,0
P51700009762,Shri Sadguru construction,0,0,44
P51700009457,PETHE BUILDERS AND DEVELOPERS,0,0,23
P51700007222,J K T GROUP,0,0,30
P51700010451,SWAROOP CONSTRUCTION,0,0,0
P51700010899,Anmol Associates,0,1,0
P51700009056,SAKSHI SAURABH DANT,0,0,33
P51700009797,Gayasuddin Riyazuddin Khan,0,0,12
P51700005397,SHANTI ENTERPRISE,0,0,11
P51700007114,SHREE MANGALMURTI DEVELOPERS,0,0,36
P51700006944,MERINO SHELTERS PRIVATE LIMITED,0,0,0
P51700009356,KONARK REALTIES J.V.,0,0,0
P51700004049,Tycoons Avanti Projects LLP,9,3,59
P51700009923,Mangesh Dashrath Gaikar,1,1,3
P51700008224,SHREE JAI MALHAR ENTERPRISES,0,0,60
P51700010834,SHREENATH DEVELOPERS,0,0,46
P51700007122,SHREERAM BUILDERS,0,1,120
P51700009581,SHRIRAM DEVELOPERS,0,0,9
P51700011843,VISHWANATH RAMCHANDRA PANVELKAR,0,0,24
P51700009193,Jangid Contructions,0,1,12
P51700008247,NESTOR SAI DEVELOPERS PVT LTD,0,0,12
P51700006681,SHREE OMSAI CONSTRUCTION,0,0,17
P51700005885,SHREEYA ENTERPRISES,0,0,24
P51700009154,Asmeeta Infratech Limited,0,0,12
P51700004599,BHAKTI REALTORA,0,0,12
P51700008216,ANIL thakurdas kursija,11,0,67
P51700010860,OM SAI BUILDERS AND DEVELOPERS,0,0,0
P51700010349,Anmol Associates,0,1,0
P51700009343,SHIVNATH DEVELOPER,18,0,7
P51700007467,Padamavati Realbuild LLP,0,0,48
P51700010731,SUJAL DEVELOPERS,0,0,18
P51700009394,RICHKRAFT SPACES,0,0,0
P51700010993,M/s Parijat Constructions,0,0,2
P51700010376,MILIND MADHUKAR KAMBLE AND MANOJ SURESH NAYAK (AOP),0,0,36
P51700005750,KALPATARU ENTERPRISES,0,0,24
P51700003884,Kaiyomerz Cowas Palia,0,0,57
P51700009387,NANDISHWAR CONS CO,0,0,12
P51700010749,Shri Swami Samartha Developers,0,0,30
P51700008298,SUNRISE LIFESPACES LLP,8,0,12
P51700006721,G.E.CONSTRUCTIONS,0,0,12
P51700004738,Anmol Associates,0,1,0
P51700009615,Sanghvi Premises Private Limited,0,0,6
P51700007284,Savitri Group,1,0,0
P51700009993,Modella Textile Industries Limited,2,1,60
P51700006365,MAGNUM LIFE SPACES,0,0,0
P51700010636,Savitri Group,1,0,0
P51700009992,Modella Textile Industries Limited,1,1,60
P51700009697,Chaturthi Vastu Developers,0,0,71
P51700010935,Palava Dwellers Private Limited,1,0,12
P51700010264,CRATIVE HOME MAKERS,3,0,12
P51700006026,M/S. KULSWAMINI BUILDERS,0,0,0
P51700012349,Aghav Developers,0,0,60
P51700009396,MATOSHREE CONSTRUCTION,0,0,0
P51700005148,SHREEJI DEVELOPERS,0,0,24
P51700006329,SHREE SAIBABA GRIHANIRIMITI PRIVATE LIMITED,0,0,12
P51700006000,Prakash Trading Company,0,0,12
P51700009286,CREATIVE INFRA,0,0,12
P51700010103,SAYALEE SANJESH PATKAR,0,0,4
P51700004644,DREAM HOME INFRA,0,0,12
P51700008736,SIDDHIVINAYAK DEVELOPERS,3,0,42
P51700010102,NEPTUNE DEVELOPERS LTD,2,9,108
P51700010068,RICHI RICH INFRASTRUCTURE,0,0,36
P51700009044,RAI RESIDENCY Private Limited,0,0,0
P51700003909,DHANASHREE DEVELOPERS,0,0,36
P51700004630,JAYARAM PANDURANG GAIKWAD,0,0,0
P51700010098,SWASTIK ANMOL BUILDERS AND DEVELOPERS,0,3,12
P51700009684,SHUBH ENTERPRISES,0,0,6
P51700011514,RAI RESIDENCY Private Limited,0,0,0
P51700007647,AMEEN CONSTRUCTIONS,0,0,12
P51700008734,KANAK REALTORS,0,0,18
P51700010306,AVIGHNA KARAN,0,0,3
P51700003742,JRV CONSTRUCTION CO,0,0,6
P51700008112,SAINATH GURUNATH SHETE,0,1,42
P51700007099,JYOTIRMAY DEVELOPERS,0,0,43
P51700013776,GOPAL KRISHNA DEVELOPERS,0,0,12
P51700009352,SHREE SAIBABA GRIHANIRMITI PRIVATE LIMITED,0,0,12
P51700005889,SHRINIVAS DATTATRAY KALE,0,0,0
P51700012181,MRP INFRASTRUCTURE,0,0,0
P51700007507,SHREE SAIBABA GRIHANIRMITI PRIVATE LIMITED,1,0,12
P51700012012,PANACH RELATORS,2,0,3
P51700005893,AYMAN INFRA CONSTRUCTIONS,0,0,18
P51700011539,KOTHARI AUTOPARTS MANUFACTURERS PVT LTD,3,0,30
P51700010906,SHREE DEVELOPERS,0,0,0
P51700011595,ASHWAMEGH ASSOICATES,0,0,17
P51700011738,BALI CONSTRUCTIONS,0,0,0
P51700007592,M/s Rohan Development,0,2,27
P51700011254,ESHWAR ENTERPRISES,0,0,6
P51700012214,Anmol Associates,0,1,0
P51700004045,SUNSHINE ENTERPRISES,0,0,30
P51700007128,SHREE SAI SIDDHI ASSOCIATES,0,0,9
P51700008902,Ashoka Infrastructure,0,0,3
P51700010284,MARYAM ENTERPRISES,0,0,0
P51700010374,Anmol Associates,0,1,0
P51700004554,Kaiyomerz Cowas Palia,1,0,12
P51700005966,MOONSHINE REALTORS PVT LTD,0,0,21
P51700011433,SHELAR DEVELOPERS,0,0,42
P51700011429,Anmol Associates,0,1,0
P51700005092,Concorde Developers,0,1,33
P51700011425,BHAKTI CORPORATION,0,0,7
P51700007593,SHREE RAMA SHREE CONSTRUCTION PVT LTD,3,3,144
P51700011431,SATYAM CONCAST PRIVATE LIMITED,0,0,0
P51700008927,MOONSHINE REALTORS PVT LTD,1,0,69
P51700007059,Anmol Associates,0,1,24
P51700009222,SHREE CHINTAMANI ENTERPRISES,0,0,12
P51700008333,MAA JIVDANI CONSTRUCTION COMPANY,0,0,0
P51700009388,SQUARE FEET REAL ESTATE,0,0,0
P51700010805,Anmol Associates,0,1,24
P51700011559,VAISHNAVI HOUSING REALTY LLP,0,0,36
P51700012719,DKM REALTORS,0,0,0
P51700008265,MAGNUM SOLITAIRE LLP,0,0,12
P51700008541,ROHRA CONSTRUCTIONS,0,1,7
P51700012154,PLATINUM LIFESPACES,0,0,24
P51700007934,BALKRISHNA KASHINATH BHOIR,0,0,17
P51700006220,SAHYADRI GRIH NIRMAN,0,0,12
P51700005616,SHREE AYYAPPA CONSTRUCTIONS,0,0,0
P51700011368,BALKRISHNA KASHINATH BHOIR,0,0,0
P51700003711,Infini Construction,0,0,12
P51700011576,KAVYA BUILDCON PVT. LTD.,0,0,0
P51700006637,CONCORDE ASSOCIATES,0,0,12
P51700005076,SARVODAY DEVELOPER,0,1,36
P51700003748,GAURANG PROPERTIES PVT. LTD.,0,0,24
P51700004457,Concorde Builders,0,2,24
P51700007184,SAVJIBHAI BAVJIBHAI KODINARIYA,0,0,40
P51700006924,Jai Mata Di Developers,0,0,24
P51700011170,VASTU BUILDERS AND DEVELOPERS,0,0,20
P51700006060,PINNACLE CONSTRUCTIONS,0,0,3
P51700008738,SHANTINATH ENTERPRISES,1,5,36
P51700007167,TUKARAM BARKU MHATRE,0,0,12
P51700010779,Shree Samarth Developers,0,0,12
P51700008382,Mangesh Dashrath Gaikar,0,0,3
P51700005860,ROHAN KRISHNAPALSINGH THAKUR,0,0,42
P51700006597,VARAJ RAJ CONSTRUCTION,0,0,53
P51700004766,CRYSTAL CONSTRUCTION CO,1,1,0
P51700003000,IMTIYAZ MOHAMMED SAEED ANSARI,0,0,0
P51700012824,GREEN LIFESPACES,0,0,17
P51700005866,VISHNU DEVELOPERS,0,0,0
P51700006609,Jayant Shashikant Parikh,4,1,12
P51700010671,SHIVSAI ENTERPRISES,0,0,24
P51700004830,SHAHAJI BABA JAVIR,6,2,96
P51700006582,TIRUPATI DEVELOPERS,0,1,12
P51700011174,DEEPAK SHANKAR YASHWANTE,2,0,41
P51700012825,GREEN LIFESPACES,0,0,11
P51700003659,PLATINUM REALTY AND INFRASTRUCTURE PRIVATE LIMITED,0,0,12
P51700005904,AASHRAYGROUP,0,0,60
P51700010971,RENAISSANCE INDUS INFRA PRIVATE LIMITED,4,0,48
P51700007431,JUPITER LANDSCAPES PVT. LTD.,3,1,24
P51700006298,VARDHAMAN DEVELOPERS,0,0,60
P51700011175,M/S SHIVGANESH BUILDERS & DEVELOPERS,0,0,0
P51700008334,MANDAKINI KESHAV TOKRE,0,0,0
P51700009122,SHREE SIDDHIVINAYAK BUILDERS AND DEVELOPERS,0,0,12
P51700010259,Mahesh Shyamsundar Goyal,0,0,0
P51700009214,PRADIP GANPAT PAWAR,13,0,24
P51700011044,MONARCH DEVELOPERS,0,0,18
P51700011093,Silverline Building & Constructions LLP,0,0,36
P51700013224,SHAKTI DEVELOPERS,0,0,4
P51700013737,TRICITY REALTY LLP,0,0,0
P51700007412,VIJAY RAOJI SAWANT,1,0,0
P51700009102,Silver Line Constructions,1,0,48
P51700010244,Harikrupa Buildcon LLP,0,0,12
P51700010683,MADHAV BHALCHANDRA PARANJAPE,0,0,3
P51700014483,SLV ENTERPRISES,1,1,12
P51700014438,Prashant Tukaram Baeet,0,0,0
P51700010840,Pakshal Builders and Developers,0,0,12
P51700008885,ANANTNATH DEVELOPERS,1,0,12
P51700007348,Trinity Developers,0,0,6
P51700012995,RDP Realtores,12,0,36
P51700010814,SARVOPARI SAHARA,0,0,80
P51700007816,M/S PRIME DEVELOPERS,0,0,12
P51700012789,SHAFI ABDUL KADAR SYED,0,0,24
P51700008764,Macrotech Developers Limited,1,0,17
P51700012542,Dilip Madhukar Dalvi,2,0,5
P51700012558,MADHAV BHALCHANDRA PARANJAPE,0,0,2
P51700012138,PRADIP GANPAT PAWAR,0,0,48
P51700010770,FINE ART PROJECT MANAGEMENT CONSULTANTS PVT LTD,0,1,60
P51700012086,aasanghar construction,35,0,33
P51700010184,QUALITY CONSTRUCTION CO,0,0,12
P51700011914,GROW MORE INFRACON,0,0,12
P51700011820,fortunerpjdevelopers,0,0,48
P51700010706,RAJ CORPORATION,0,3,12
P51700009454,MAGNUS ENTERPRISES,0,0,69
P51700008676,V R REALTIES,0,0,29
P51700012074,KRISHNA ENTERPRISES,0,0,0
P51700010208,V. R. BUILDERS,0,0,12
P51700011665,SHREEGOPAL JUGALKISHORE BARASIA,0,0,36
P51700005256,Piramal Estate Private Limited,0,3,0
P51700011461,RAVI DEVELOPERS,0,0,0
P51700016129,AADYASHAKTI ENTERPRISES,0,0,0
P51700014800,ASHAPURA NIRMAN DEVELOPERS,0,0,42
P51700007243,KALYANI ENTERPRISES,0,0,0
P51700012778,SIDDHIVINAYAK DEVELOPERS,0,0,12
P51700005251,RUPA PROPERTIES & SECURITIES PVT. LTD.,0,1,0
P51700012682,CAARNEEVAL DEVELOPERS,0,0,48
P51700012556,SHREE SALASAR REALTY,0,0,48
P51700011210,SANGITA  SINGH,0,1,0
P51700011660,Gaurivinayak Builders and Developers Pvt Ltd,0,0,42
P51700010989,Gaurivinayak Builders and Developers Pvt Ltd,0,0,24
P51700012271,Gaurivinayak Builders and Developers Pvt Ltd,0,0,0
P51700007844,Aurum RealEstate Developers Limited,0,0,0
P51700011312,AARIA ENTERPRISES,0,0,28
P51700010503,Vajraa Developers,0,0,12
P51700010528,VIKRAM BUILDERS,1,0,4
P51700013572,S.A. SINGH BUILDERS AND DEVELOPERS,0,0,0
P51700007823,KAMYA ENTERPRISES,0,0,20
P51700008980,MERINO SHELTERS PRIVATE LIMITED,0,0,0
P51700008806,KRUTIKA BUILDERS AND DEVELOPERS,0,0,30
P51700011261,SHREE SAIKRUPA DEVELOPERS,0,0,0
P51700010673,MEENA SADASHIV AGALAVE,0,0,16
P51700012698,SAROJ SHRAWANKUMAR BAGARIA,4,2,57
P51700010819,Shree Khidkaleshwar Property Developers Pvt. Ltd.,0,0,12
P51700012988,SUPREME DEVELOPERS,0,0,24
P51700011206,ELITE DEVELOPERS,0,0,0
P51700010109,Palava Dwellers Private Limited,2,1,0
P51700011629,Palava Dwellers Private Limited,1,1,0
P51700010960,Palava Dwellers Private Limited,0,0,0
P51700008966,Ambika Brickwell LLP,1,0,0
P51700010672,Parisparsh,0,0,1
P51700011469,SHREE DEVELOPERS,0,0,47
P51700008998,KUBER ABHIRAJ INFRA,51,0,12
P51700011458,TRIMURTI CONSTRUCTION,0,0,24
P51700008564,SAI SIDDHI DEVELOPERS,0,0,6
P51700010245,SHREE HANUMAN KRUPA ENTERPRISES,0,0,3
P51700011921,NAGENDRAMANI RAMANUGRAH PANDEY,0,0,69
P51700007340,Sankalp Developers,0,0,0
P51700010661,Devidas Anant Waingankar,0,0,60
P51700009373,SAGAR SUPER STRUCTURES PRIVATE LIMITED,0,0,0
P51700011390,RAI RESIDENCY Private Limited,0,0,0
P51700012449,RAI RESIDENCY Private Limited,0,0,12
P51700010985,SADGURU ASSOCIATE,0,0,24
P51700012362,Heramb Developers,0,0,1
P51700012188,YASH INFRASTRUCTURE,0,0,4
P51700012008,MONARCH SOLITAIRE LLP,17,0,60
P51700009484,Ashish Waman Gole,0,0,0
P51700011019,GEETAI ENTERPRISES,0,0,6
P51700010787,GEETAI ENTERPRISES,0,0,12
P51700011493,M/S. AASTHA REALTORS,0,0,12
P51700010036,VINOD GORDHANBHAI PATEL,0,0,12
P51700009471,FRIENDS GROUP,0,0,0
P51700007269,RAJDEEP BUILDERS AND DEVELOPERS,0,0,0
P51700011876,V M CONSTRUCTIONS,0,0,0
P51700012325,SIDDHIVINAYAK ENTERPRISES,0,0,0
P51700011016,SHAH AND DASWANI,0,0,13
P51700011484,JMD ESTATE,0,0,0
P51700012622,Stone House Developer,0,0,1
P51700010487,VITTHAL MAULI CONSTRUCTION COMPANY,0,0,34
P51700010345,TEEJADEEP DEVELOPERS,0,0,24
P51700018436,YASH DEVELOPERS,0,0,0
P51700011834,DELTA REALTORS,0,0,0
P51700011140,M/S ROHAN CONSTRUCTION,0,0,33
P51700011109,SHREE SAI DEVELOPERS,0,0,12
P51700010703,SIDDHIVINAYAK DEVELOPERS,1,0,6
P51700009348,SAI BALAJI DEVELOPERS,0,0,45
P51700011354,MOHAN MALLESHAM MACHHA,0,0,54
P51700010786,PEACE ENTERPRISES,0,0,36
P51700011712,SIDDHI ENTERPRISES,0,0,12
P51700009018,ABHINANDAN ENTERPRISE,0,0,0
P51700012982,Stone House Developer,1,0,76
P51700009525,SHREE VALLABH REALITIES,0,0,12
P51700010601,CLASSIC CONSTRUCTION,0,0,12
P51700013028,ANANT ARJUN MADHAVI,0,0,0
P51700008646,J. ALVARES & OTHERS,0,0,36
P51700012282,EKVEERA SKYLINER CONSTRUCTION CO PRIVATE LIMITED,2,0,12
P51700013115,EKVEERA SKYLINER CONSTRUCTION CO PRIVATE LIMITED,0,0,24
P51700009522,SAI DEVELOPERS,0,0,2
P51700011833,OM ENTERPRISES,0,0,7
P51700008826,Gaurivinayak Builders and Developers Pvt Ltd,0,0,23
P51700013428,PRABHAT BUILDERS & DEVELOPERS,0,0,31
P51700011264,OMKAR INFRA,6,0,0
P51700012281,BALARAM GOPAL GAWLI,0,0,18
P51700008781,JMD LIFESPACES,0,0,0
P51700010273,SHREE SAI UNITY BUILDERS AND DEVELOPERS,0,0,2
P51700012586,JAIDEEP CONSTRUCTION,0,0,0
P51700013285,MAHAVEER INFRASTRUCTURE PVT LTD,0,0,0
P51700011723,JAGDISH JAIRAM PATIL,0,0,0
P51700013043,ASHAPURA BUILDERS AND DEVELOPERS,0,0,5
P51700012478,PACIFIC CONSTRUCTION & DEVELOPERS,0,0,0
P51700010530,JARIMARI RESIDENCY,0,0,0
P51700011672,SHIV ENTERPRISES,0,0,9
P51700012740,RAMKRISHNA DEVELOPERS,0,0,48
P51700011266,EKDANT DEVELOPERS,0,0,0
P51700013175,SAI SHAKTI DEVELOPERS,0,0,26
P51700010480,HEENA ENTERPRISES,0,0,18
P51700013368,shree adiraj laxmi builders Pvt. ltd,14,0,36
P51700017260,DELUX ASSOCIATES,0,0,6
P51700010557,Shubham Enterprises,0,0,36
P51700013476,DYS BUILTCON,0,0,12
P51700011302,ADARSH INFRA DEVELOPERS,0,0,18
P51700012865,VARDHAMAN NEST HOMES,0,0,33
P51700010769,PRAPTI ENTERPRISES,0,0,0
P51700011068,Palava Dwellers Private Limited,0,1,0
P51700010934,Sunil Suresh Honrao,0,0,0
P51700011301,MAITRI & MAITRI,0,0,0
P51700011933,SHREE BALAJI DEVELOPERS,2,0,36
P51700013647,SAI DEVELOPERS,12,1,56
P51700013797,MAHAVEER INFRASTRUCTURE PVT LTD,0,0,0
P51700010737,MOHAN LIFESPACES LLP,0,0,0
P51700011753,YOGESH RAMDAS SARJINE,0,0,92
P51700012516,M/s Hira Housing Construction Co.,1,0,18
P51700013073,Palava Dwellers Private Limited,2,5,0
P51700013158,Palava Dwellers Private Limited,1,1,0
P51700013145,Palava Dwellers Private Limited,0,0,0
P51700013513,MOHAMMED SIRAJ BASHEER,0,0,0
P51700014636,EWAR CONSTRUCTIONS PRIVATE LIMITED,0,0,18
P51700011819,ASHAPURA COMBINES,0,0,12
P51700012987,Shree Sawan Buildcon,0,0,0
P51700011967,DEEPRAJ ENTERPRISES,0,0,0
P51700011297,KESHAV REALTY,0,0,18
P51700012956,ganadish krupa palace,0,0,8
P51700012802,rashilifestyle,0,0,30
P51700013210,Om Sai Constructions,0,0,30
P51700011952,LAXMI SAGAR DEVELOPERS & BUILDERS,0,0,18
P51700011923,Shree Ganesh Developers,0,0,8
P51700012694,DEEP LAXMI DEVELOPERS,0,0,24
P51700013427,Rohan Gruh Nirman,0,2,3
P51700013462,Palava Dwellers Private Limited,2,0,0
P51700012806,PRADEEP PUNDLINK DHULE,4,0,60
P51700012858,MOHD MUKHTAR ABDUL RAUF KAZI,0,0,30
P51700012793,OM SAI CONSTRUCTION AND DEVELOPERS,2,1,30
P51700013253,MOHAN LIFESPACES LLP,0,0,24
P51700014240,JAGDISH SHIWANAND WAGH (HUF),5,2,12
P51700013024,RAMESH GHEVARCHAND TATED,0,1,36
P51700013045,YOGI ENTERPRISES,0,0,18
P51700012716,MUL AAKAR DEVELOPERS,0,0,41
P51700011958,KRISHNA ASSOCIATES,0,0,0
P51700013168,Mirador Dewellers Pvt Ltd,0,0,0
P51700013295,Waterfront Buildcon LLP,0,1,0
P51700015891,GREEN SPACE REAL TECH,0,0,36
P51700012940,MAHAVIR DREAMLAND,0,0,48
P51700013154,Mirador Dewellers Pvt Ltd,0,0,12
P51700013399,SATYAM CONSTRUCTION,0,1,0
P51700013493,SHREE UMIYA DEVELOPERS,0,0,24
P51700013459,SWANAND HEIGHTS,0,2,4
P51700013198,HARISHREE CREATIONS,0,0,0
P51700014509,Ashapura Global Projects,0,0,0
P51700013199,Sai Swarg Enterprises,0,0,0
P51700013160,BENCHMARK EMPIRE,0,0,36
P51700013019,OMKAR ENTERPRISES,0,0,0
P51700017349,APPLE PARADISE,0,0,23
P51700014033,M/S SQUAREFEET ECO HOUSING LLP,0,1,0
P51700013099,M/S NIRMAN DEVELOPERS,0,0,12
P51700013308,CHEROBA HOMES,0,0,0
P51700013397,SAI JYOT ENTERPRISES,0,0,7
P51700013406,SAI JYOT ENTERPRISES,0,0,0
P51700013516,Om Siddhivinayak Enterprises,0,0,33
P51700013426,Om Sai Residency,0,0,2
P51700013263,MACROTECH DEVELOPERS LIMITED,0,2,0
P51700013200,SHRI GAMI INFOTECH PVT LTD,0,0,0
P51700018023,T Bhimjyani Realty Pvt.Ltd.,0,3,0
P51700013256,Shree Radha Developers,0,0,0
P51700013720,ROMA BUILDERS PRIVATE LIMITED,0,0,0
P51700014326,SHREE SAI CHATRA DEVELOPERS,0,0,0
P51700013473,JOSHI ENTERPRISES,5,3,13
P51700014144,RESHMA VIKAS BAMBULKAR,0,0,0
P51700014895,JOSHI ENTERPRISES,0,0,12
P51700013500,Faizunnisa Farooque Sayed,17,1,12
P51700013692,AAKASH CORPORATION,0,1,0
P51700013705,Aditya Associates,0,0,15
P51700013375,VARDHAMAN AND VASTU ASSOCIATES,0,0,0
P51700013795,ROMA BUILDERS PRIVATE LIMITED,0,6,0
P51700013329,K. R. REAL ESTATE PVT. LTD.,0,0,12
P51700013337,GURUDEEP CONSTRUCTION,0,0,24
P51700013978,M/s Global Built Tech,0,0,0
P51700018514,AL - RAHBAR CONSTRUCTION,1,0,0
P51700013525,SHREE KRUPA BUILDERS,0,0,13
P51700013598,Suhas Suresh Shinde,0,0,84
P51700014218,YASH ASHOKA,0,0,12
P51700013477,SAI RAJ DEVELOPERS,0,0,0
P51700013418,NAGESHWAR CONSTRUCTION,0,0,12
P51700015121,ADPLUS IMPRESSION PRIVATE LIMITED,0,0,0
P51700013407,VASTU HOMES,0,0,0
P51700013467,SUNIL BHAGCHAND TALREJA,0,0,30
P51700013518,Shriniwas Developers,0,0,0
P51700014625,MAKHIJA CONSTRUCTION,0,0,0
P51700013509,JAI SAI ENTERPRISES,0,0,15
P51700013620,SANADI REALTY PROPERTIES PRIVATE LIMITED,0,0,41
P51700013478,Kishor Ramchandra Kulkarni,0,0,48
P51700013511,GLOBAL REALTY,0,0,24
P51700013542,A R CONSTRUCTION,0,0,12
P51700013843,Om SHree Maruti Sthapatya,0,0,48
P51700013676,MAHESH NARAYAN SASE,0,0,0
P51700013602,Thilayaparambil Kumaran Joshi,0,0,48
P51700013531,AQSA PURELINE DEVELOPERS,0,0,12
P51700013592,KISHORE DATTATRAY DESAI,0,0,58
P51700013866,EASHANYA BUILDER AND DEVELOPERS,1,0,24
P51700013609,TALL CONSTRUCTIONS,0,0,42
P51700013727,SURESH MITHALAL JAIN,0,0,36
P51700013877,SAPPHIRE DEVELOPERS,1,1,0
P51700013660,SHREE BAJALI BUILDERS AND DEVELOPERS,25,0,48
P51700013669,SHANKHESHWAR KREATERS,0,0,0
P51700013756,AVD INFRA INDIA PRIVATE LIMITED,0,0,24
P51700014150,MANOJ ATMARAM PAWAR,0,0,0
P51700013804,AASHVI DEVELOPERS,0,0,0
P51700013810,ARUN BALU PATIL,0,0,0
P51700013918,RAJ LAXMI DEVELOPERS,0,0,0
P51700013789,MACROTECH DEVELOPERS LIMITED,2,1,0
P51700013793,Mahesh Shyamsundar Goyal,0,0,26
P51700013777,JP DEVELOPERS,0,0,12
P51700013850,MARUTI HOMES,0,0,2
P51700014365,M/s. YOGI DEVELOPERS CORPORATION,0,0,0
P51700014868,Rajesh Dharamvir Gulati,0,0,0
P51700015143,YASH INFRA,0,0,24
P51700014398,Om Shiv Developers,0,0,0
P51700014517,SOMAN SUN CITI,0,0,12
P51700014634,MANVI CONSTRUCTION,0,0,0
P51700014394,LOTUS EMPIRE,0,0,0
P51700014382,SHREE SAI GANESH ENTERPRISES,0,0,0
P51700014444,NANDA KAPILDEV SHARMA,0,0,30
P51700014789,V N DEVELOPERS,0,0,0
P51700014478,M.K.DEVELOPERS,0,1,0
P51700014692,Panchala Builders & Developers,0,0,0
P51700015161,M/S NIRMAAN DEVELOPERS,0,0,29
P51700014540,PARSHVA REALTORS,0,0,0
P51700014903,ROYAL GALAXY DEVELOPERS,0,0,6
P51700014922,SANJAY DAULAT WADILE,0,0,36
P51700014663,ISHWAR ENTERPRISES,0,0,0
P51700018287,Sanidhya Enterprises,0,0,12
P51700015509,GURUCHARANSINGH SURENDRASINGH SAMLOK,0,0,60
P51700014538,Nirman Habitats,0,0,49
P51700014557,Manvaibhav Constructions,0,0,17
P51700014708,INDO ASIAN BUILDCON PVT LTD,0,0,54
P51700014916,GANDHI & SAMANI ASSOCIATES,0,0,12
P51700014553,M/s R. S. Constructions,0,0,12
P51700014694,AAMIRBAHAUDDIN,0,0,0
P51700014693,GYANDEV BUILDERS & DEVELOPERS,0,0,0
P51700014638,CHATURTHI DEVELOPERS,0,0,34
P51700014705,OM VASTU HOMES,0,0,9
P51700014960,PINNACLE REALTORS,0,0,0
P51700014730,YASH ENTERPRISES,0,0,12
P51700014690,DATTAGURU ENTERPRISES,0,0,0
P51700014814,MACROTECH DEVELOPERS LIMITED,1,0,0
P51700014719,BALAJI CONSTRUCTION,0,0,0
P51700014812,DEEPAK MOTIRAM DALAL,0,0,18
P51700015598,MACROTECH DEVELOPERS LIMITED,1,2,0
P51700014760,MACROTECH DEVELOPERS LIMITED,7,0,0
P51700014776,Sujeet Kumar  Singh,0,0,0
P51700014720,JIGAR ENTERPRISES,0,0,0
P51700014942,SHARAD RAGHUNATH MHATRE,0,0,0
P51700014893,SHREE KRISHNA BUILDCON,0,0,12
P51700015042,SULTAN SHIRAJUDDIN  YASIN,3,0,0
P51700014926,VEDANT DEVELOPERS,0,0,0
P51700014770,MACROTECH DEVELOPERS LIMITED,1,0,0
P51700016576,SURENDRA MOTIRAM MHATRE,0,0,0
P51700015356,EKTA LAND DEVELOPERS,0,0,0
P51700015488,YASH INFRA,0,0,24
P51700014979,KANAK REALTORS,1,0,18
P51700013956,RENAISSANCE INDUS INFRA PRIVATE LIMITED,2,0,0
P51700013872,SHIVSHAKTI REALITY,0,0,0
P51700013871,JP CORP,0,0,0
P51700021512,DHAANIYA ENTERPRISES,0,0,33
P51700013741,MAYFAIR HOUSING PRIVATE LIMITED,0,0,0
P51700014029,RAMESHAWAR BUILDERS & DEVELOPERS,0,0,0
P51700014069,PATIL ASSOCIATES,1,0,84
P51700013897,PYRAMID INFRATECH CO,0,0,0
P51700013772,NITIN GAJANAN KALE,0,0,0
P51700014298,Jayshree Builders,0,0,0
P51700014196,VIHAN REALTORS,0,1,0
P51700014233,M/s Krishna Builders & Developers,0,0,0
P51700014178,SAMAY HOMES,0,0,11
P51700014052,Sima purushottam Kumar,0,0,34
P51700014096,MARUTI CORPORATION,0,0,0
P51700014337,Mahesh Shriram Borkar,0,0,18
P51700013961,MACROTECH DEVELOPERS LIMITED,1,2,0
P51700013969,Neelkanth Mansions and Infrastructure Pvt Ltd,0,1,0
P51700014696,Rajesh Dharamvir Gulati,0,0,0
P51700014335,RAJENDRA YASHWANT PATIL,0,0,0
P51700014064,AANYA RESIDENCES,8,0,84
P51700014018,M/s Shashwat Vaastu,0,0,0
P51700014005,Shashwat Homes,0,0,0
P51700015683,SANKALP DEVELOPERS,0,0,0
P51700014675,SHREE VASTUCREATION DEVELOPERS,3,0,18
P51700014303,ADIRAJ DEVELOPERS,0,0,10
P51700014203,CONTINENTAL MANIRATNA BUILDERS & DEVELOPERS,0,1,0
P51700014280,VASANI ENTERPRISES,0,0,18
P51700014199,B G PATIL AND SONS,0,0,24
P51700018341,NEW HOMES ENTERPRISES,0,0,12
P51700014313,ABUBAKAR ALI MOHAMMED ZARIWALA,0,0,18
P51700015485,Suyash Enterprises,0,0,0
P51700014748,OM DEVELOPERS,0,0,36
P51700014193,SAI SADGURU BUILDERS & DEVELOPERS,0,0,24
P51700014990,M/S SUVARNA CONSTRUCTION COMPANY,0,0,18
P51700014486,JITNAT CONSTRUCTIONS,0,1,6
P51700014469,OMKAR NIRMAN DEVELOPERS,0,0,0
P51700014466,EVERGREEN BUILDERS AND DEVELOPERS,0,0,57
P51700014449,Pankaj Jagdish Gujrathi,0,0,0
P51700014660,SHREE HANUMAN ENTERPRISES,2,0,24
P51700014467,Krishna buildcon Corporation,4,0,0
P51700014766,VINOD BALNATH PATIL,0,0,12
P51700014605,DEVDAS TUKARAM CHAUGHULE,0,0,0
P51700014552,VASTU DEVELOPERS,0,0,0
P51700014396,Palava Dwellers Private Limited,2,1,0
P51700014473,NAYANTARA CONS,0,0,27
P51700014528,LOTUS CONSTRUCTION,0,0,0
P51700014370,SHAIKH AZIM IBRAHIM,0,0,37
P51700015544,OM SHANTI CONSTRUCTION COMPANY,1,2,36
P51700015355,Manoyadnya Developers,0,0,0
P51700016391,RACHANA ENTERPRISES,0,0,18
P51700015258,DOSTI ENTERPRISES,2,15,0
P51700015892,MONARCH DEVELOPERS,0,0,0
P51700015758,SHETE'S CONSTRUCTION,0,0,48
P51700015270,SHUBH BUILDCON,0,0,0
P51700015294,KRUSHAN DHAM BUILDERS & DEVELOPERS,0,0,0
P51700015266,NIKET ENTERPRISES,1,0,0
P51700015260,Kapstone Constructions Private Limited,0,4,0
P51700015394,SAISH CONSTRUCTION,0,0,0
P51700015305,METRO BALAJI DEVELOPERS,0,0,18
P51700028109,AKLIMA TAHIR FALKE,0,0,0
P51700015329,J SQUARE INFRA,0,0,0
P51700015907,GORANATH ESTATE PRIVATE LIMITED,0,0,0
P51700015330,AVISHKAR GROUP,0,0,24
P51700015369,JYOTI INDUSTRIES,0,0,0
P51700015295,SHREE MAHALAXMI CORPORATION,0,0,0
P51700015482,ROYCE INFRA,0,0,12
P51700015389,SURESH GURALDAS THADANI,0,0,0
P51700015782,Namdev Construction,0,0,30
P51700015385,PUSHLATA SUBHASH GHULE,0,0,0
P51700015390,M/s Soham Construction,0,0,0
P51700015565,ELITE INFRASTRUCTURE,0,0,0
P51700015427,CONCORDE ASSOCIATES,0,0,33
P51700015724,REAL VALUE BUILDERS AND DEVELOPERS,0,0,18
P51700016256,ROYAL REALTY,0,0,0
P51700015501,DOSTI ENTERPRISES,0,2,0
P51700015660,Palava Dwellers Private Limited,0,0,0
P51700015601,MOHAN LIFESPACES LLP,0,0,24
P51700015517,Sheth Developers Private Limited,0,0,0
P51700015588,STANDARD INFRASTRUCTURE,2,0,0
P51700016130,MORESHWAR CONSTRUCTION,0,0,18
P51700015495,ASHTAVINAYAK INFRASTRUCTURE,0,1,18
P51700015831,ARADHNA CONSTRUCTION,0,0,31
P51700015413,SHREE SAI ASHIRWAD ENTERPRISES,0,0,0
P51700015449,PRABHAVATI CONSTRUCTIONS,0,0,18
P51700015636,SHANTI RATNA GROUP,0,0,0
P51700015493,JUHI DEVELOPERS,0,0,18
P51700015504,ANJANA SAHEBRAO CHAVAN,0,1,9
P51700015527,SADGURU INFRA,0,0,0
P51700015595,BLS VENTURES,0,0,0
P51700015572,GURU DEVELOPERS,0,0,0
P51700015599,QUALITY CONSTRUCTION CO,0,0,0
P51700015525,PINNACLE LIFESPACES,0,0,0
P51700015548,NINA BUILDERS,0,0,0
P51700016267,ANIRUDDHA GROUP SHILPALI PROJECT,0,0,21
P51700014993,JAI BHAWANI ORCHID INFRA LLP,0,0,12
P51700015764,Yash Govinda Build Infra LLP,0,0,0
P51700014842,Panvelkar Infrastructures Private Limited,0,0,31
P51700014837,VARSHA BUILDCON,0,0,0
P51700016280,AMIR AHMED ABUJI,0,0,0
P51700014988,Unique Sai Buildcon,0,0,0
P51700014982,Aashiyana Constructions,0,0,0
P51700015328,ARIHANT SUPERSTRUCTURES LIMITED,0,0,0
P51700015176,GAURANG ASSOCIATES,1,0,0
P51700015064,VENUS REALTORS,0,0,0
P51700014924,Sai Siddhi Developers,0,0,0
P51700016301,OJASS CONSTRUCTIONS,0,0,0
P51700015209,SAI SHRUSHTI ENTERPRISES,0,0,0
P51700015290,BHARAT REALTY VENTURE PRIVATE LIMITED,1,0,15
P51700016283,RADHIKA SHELTERS,0,0,36
P51700015040,MACROTECH DEVELOPERS LIMITED,4,2,0
P51700015243,MACROTECH DEVELOPERS LIMITED,0,2,0
P51700015114,LAXMI DEVELOPERS,0,0,18
P51700015091,AKSHAR GROUP,0,0,12
P51700015011,SARA REALTY,0,0,0
P51700015016,Palava Dwellers Private Limited,0,1,0
P51700015090,Palava Dwellers Private Limited,0,0,0
P51700015129,PACIFIC IMPRESSIONS,0,0,18
P51700015006,GREENSCAPE SHAKTI VENUTRES,0,0,12
P51700015031,SHREE MAHAVEER ENTERPRISES,0,0,0
P51700015767,SAI SATYAM GROUP,0,0,0
P51700015392,VARAD VINAYAK DEVELOPERS,0,0,0
P51700015111,RUDIS DEVELOPERS,1,0,0
P51700016191,SHREE SUMATINATH ENTERPRISES LLP,0,1,0
P51700015018,HARI OM DEVELOPERS,0,0,48
P51700015200,OMPRAKASH RAMCHANDRA PANDEY,0,0,0
P51700015337,YADAV BRO''S CONSTRUCTIONS,0,0,0
P51700015118,UMA REALTY,0,0,18
P51700017047,Capmatrix Buildcon LLP,0,0,36
P51700015151,LANDSCAPE INFRASTRUCTURE,0,0,24
P51700015119,Sharpmind Consultancy Services Private Limited,0,3,12
P51700015400,Ekdanta Constructions and Developers,0,0,0
P51700015652,SHREE MALLINATH ENTERPRISE LLP,0,4,0
P51700015245,GAGAN DEVELOPERS AND ENGINEERS,0,0,36
P51700015127,SHREEJI DEVELOPERS,0,0,0
P51700015240,GLOBE ENTERPRISES,0,0,0
P51700015302,RAJ GROUP,0,0,0
P51700015374,VAIBHAV HOMES DEVELOPERS,0,0,24
P51700015589,Arha Buildpro LLP,0,0,0
P51700015325,GRACELANDS HABITATS,0,0,0
P51700020862,CLASSIC CONSTRUCTION,0,0,0
P51700015189,BUILT TECH BUILDERS & DEVELOPERS PVT. LTD.,0,0,8
P51700015177,Milind Vasant Vani,0,0,0
P51700015246,A PLUS LIFE SPACE,0,0,0
P51700015155,BALAJI WORLD,2,0,0
P51700015554,SHRUSHTI DEVELOPERS,0,0,0
P51700015546,SHIVA BHOPI DEVELOPERS LLP,0,0,24
P51700015567,SAIRAJ DEVELOPERS,0,0,0
P51700015621,DEEPA SURESH GADA,1,0,0
P51700015559,GLOBAL HOUSING VENTURE,0,0,15
P51700015557,QAVI CONSTRUCTION PVT. LTD.,0,0,0
P51700015655,Vadilal Creation,0,0,0
P51700015749,AASHRAYGROUP,0,0,0
P51700016463,Shree Sai Jalaram Builders & Developers,0,0,0
P51700015851,HIDAYAT KHAN,0,0,0
P51700015657,RUHI ENTERPRISES,0,0,0
P51700016548,Gajanan Katod Shelavale,0,0,0
P51700015793,Konark Lifespaces,0,0,0
P51700015624,MAHALAXMI BUILDERS & DEVELOPERS,0,0,0
P51700015735,Shalini Shivaji Pawar,0,0,78
P51700015676,AYUSHI INFRA ENTERPRISE PRIVATE LIMITED,0,0,0
P51700016057,SHRI RADHE REALITIES PROJECT DEVELOPER,0,0,0
P51700015812,OM ADITYA ASSOCIATES,0,0,0
P51700016007,SHREE MAHALAXMI CONSTRUCTIONS,0,0,0
P51700015729,SAI SHRADHA DEVELOPERS,1,0,0
P51700015751,D P HOMES INFRAPROJECTS PRIVATE LIMITED,2,0,0
P51700015832,SURYAKANT MANGALDAS SAMANI AND CHAMPABEN VASANJI MASHRU,0,0,0
P51700016284,VPA DEVELOPERS,0,1,0
P51700015845,SHREE TISAI DEVELOPERS,0,0,6
P51700016781,SHRI KALKI ENTERPRISES,0,0,6
P51700018559,RAI RESIDENCY Private Limited,0,0,0
P51700018533,RAI RESIDENCY Private Limited,0,0,0
P51700017230,RAI RESIDENCY Private Limited,0,0,0
P51700023997,SHREE NEELKANTH ASSOCIATES,0,0,0
P51700015840,RATTANRAJ LIFESPACES,0,0,24
P51700015962,KATHOD DAMA BHOIR,0,0,0
P51700016288,LALJI HIRJI ARETHIYA,0,0,0
P51700015874,HASTI BUILDCON,0,0,15
P51700015959,SPACE BUILDCON,0,0,0
P51700016175,SHREE SAI BUILDERS & DEVELOPERS,0,0,0
P51700015920,RAMESH  SAWANT,0,0,21
P51700016492,Versatile Developers,1,0,0
P51700016071,RIYAZ MUQEEMUDDIN AZMI,0,0,0
P51700015978,DEEPLAXMI DEVELOPERS,0,0,0
P51700016074,KRISKAN INFRAVENTURE LLP,0,0,0
P51700015965,NEW INDIA CONSTRUCTION,14,0,0
P51700016047,SANVEG HOMES,0,0,0
P51700016123,Nirman Construction,0,0,0
P51700015956,M/S PATIL ASSOCIATES,0,0,0
P51700015939,CONTINENTAL SIDHANT REALITY,0,0,0
P51700016399,SURESH  MORE,0,0,24
P51700015954,ADITYA ENTERPRISES,1,0,0
P51700016720,SATYASHIV DEVELOPERS,0,0,0
P51700016180,VIJAYPRAKASH RAMDEV YADAV,0,0,0
P51700016651,SHREE AYYAPPA CONSTRUCTIONS,0,0,0
P51700015994,Parth  Parikh,0,0,0
P51700016532,SHARAD NAMDEO GAIKWAD,0,0,0
P51700015923,SHREE SHANKHESHWAR ENTERPRISES,0,0,0
P51700016119,SAILAVKIK REALTY PRIVATE LIMITED,0,0,0
P51700016054,HONEST DEVELOPERS,0,0,17
P51700016012,MAHAVIR ENTERPRISES,0,0,0
P51700016754,M/S. BALAJI DEVELOPERS,0,0,0
P51700016225,ROHRA CONSTRUCTIONS,0,1,0
P51700016873,BALKRISHNA KASHINATH BHOIR,0,0,0
P51700016164,NIVASTI DEVELOPERS LLP,0,0,0
P51700016423,LA ARIHANT ESTATE,0,0,0
P51700016300,SHREEJI BUILDCON,0,0,0
P51700016111,Sripad Vallabh Ventures,0,0,12
P51700016240,M/s IQRA REALTY,0,0,0
P51700016033,Ms ASHAR VENTURES,0,0,0
P51700016015,Ms ASHAR VENTURES,0,0,0
P51700016016,Ms ASHAR VENTURES,0,0,0
P51700016060,JD Housing LLP,0,0,0
P51700016190,VASTU SAI BUILDERS & DEVELOPERS,0,0,0
P51700016499,M/S D S REALTORS,0,0,30
P51700016349,SIDDHIVINAYAK GROUP,0,0,0
P51700016101,SHRUSHTI DEVELOPERS,0,0,0
P51700016067,S K ENTERPRISE,0,0,0
P51700016030,SILVER LINE BUILDING AND CONSTRUCTION LLP,0,0,0
P51700016124,DAVAKHAR INFRASTRUCTURE PRIVATE LIMITED,0,0,12
P51700016241,GLOBE REALTORS,0,0,0
P51700016707,NAVKAR ASSOCIATES,0,0,3
P51700016094,SHIV SAGAR DEVELOPERS & BUILDERS,0,0,0
P51700016121,M/S VAKRATUND ENTERPRISES,0,0,12
P51700016090,HUDA CONSTRUCTION,0,0,0
P51700016187,VIKAS DEVELOPERS,0,0,12
P51700017417,Tulsi Infratech,0,0,5
P51700016303,Rohit Balaram Choudhari,0,0,0
P51700016173,SHRI KRISHNA REALTORS,0,0,12
P51700016355,SADGURU GROUP,0,0,12
P51700016157,JAGJEET BUILDER,0,0,36
P51700016308,Agile Real Estate Pvt. Ltd.,0,2,0
P51700016386,M/S. PURAB ASSOCIATES,0,0,0
P51700016156,Neptune Developers Limited,2,0,0
P51700017990,Shankar  Hotchandani,0,0,0
P51700016245,MACROTECH DEVELOPERS LIMITED,4,0,0
P51700016243,MACROTECH DEVELOPERS LIMITED,0,0,0
P51700016437,MACROTECH DEVELOPERS LIMITED,0,0,0
P51700016371,V3 Reality,0,0,6
P51700016334,PREMNARAYAN  SHUKLA,0,0,12
P51700016451,SHREE YASH DEVELOPERS,0,0,0
P51700017177,I.B.CONSTRUCTION,0,0,23
P51700016405,Mercury Infra,0,0,12
P51700016556,Neptune Developers Limited,0,0,0
P51700016351,Neptune Developers Limited,0,0,0
P51700016350,Neptune Developers Limited,0,0,0
P51700016352,Neptune Developers Limited,0,0,0
P51700016455,Manoj Ramesh Chaudhari,0,0,0
P51700016324,Shiv Corporation,0,0,0
P51700016592,YASH DEVELOPERS,0,0,0
P51700016666,MACROTECH DEVELOPERS LIMITED,1,0,0
P51700016332,NAMDEV SAKHARAM PATIL,0,0,12
P51700016400,Jewel Builders and Infraprojects Ltd,0,0,0
P51700016428,VIVAAN ENTERPRISES,0,0,0
P51700016375,MACROTECH DEVELOPERS LIMITED,2,1,0
P51700016363,R V ENTERPRISE,0,1,0
P51700016378,Mahaavir Impex,0,0,0
P51700016394,SAMRIN INFRA PRIVATE LIMITED,0,0,12
P51700016588,HARSHAD BALU GAWADE,0,0,0
P51700016534,MOHAN LIFESPACES LLP,0,0,24
P51700016538,THE SQUARE FEET DEVELOPERS,0,0,0
P51700016410,ANJANA SAHEBRAO CHAVAN,0,0,9
P51700016412,NND Ambernath LLP,0,1,0
P51700016516,Neptune Developers Limited,0,0,0
P51700017330,Shree Mahavir Enterpises,0,0,12
P51700016625,rajententerprises,0,0,0
P51700017119,AMBALAL BHANJI GAMI,2,0,0
P51700016623,ISHWAR ENTERPRISES,0,0,0
P51700018466,RUBY ROOF MAKERS,0,1,0
P51700016732,BALARAM VITTHAL MALI,0,0,0
P51700016603,Dipti Home Makers Pvt Ltd,0,0,0
P51700016741,Yash Govinda Build Infra LLP,0,0,0
P51700016477,NAVIN KAMLAPRASAD SINGH,0,0,0
P51700016533,SHREE ENTERPRISES,0,0,24
P51700016810,MAHALXMI FORTUNE,0,1,0
P51700016837,MAHARASHTRA DEVELOPERS,0,0,0
P51700016764,TARAL MANUBHAI NAKRANI,0,0,21
P51700016488,SHRIKRISHNA ENTERPRISES,0,0,0
P51700016687,SAI KRUPA CONSTRUCTIONS,0,0,0
P51700016608,MIT ENTERPRISES,0,0,0
P51700016633,HALLMARK INFRA REALTY LLP,0,0,0
P51700016698,SANGHVI PREMISES PVT LTD,0,0,18
P51700017179,M/S LAXMI REALTY,0,0,21
P51700016519,SIDDHIVINAYAK ENTERPRISES,0,0,36
P51700017507,SHREE NARAYAN ENTERPRISES,0,0,0
P51700016602,ANIL thakurdas kursija,14,0,0
P51700016569,NANDA SANTOSH BHOIR,0,0,18
P51700017031,RAINBOW DEVELOPERS,0,0,12
P51700016665,MANOJ SAMBHAJI SAWANT,0,0,0
P51700016631,RAJESHKUMAR MOOLCHAND RUPAWAT,0,0,0
P51700016624,M/S KRISHNA DEVELOPERS,0,0,24
P51700016621,JAGATVIRSINGH HARPALSINGH SHISHODIA,0,0,0
P51700016961,MACROTECH DEVELOPERS LIMITED,8,2,0
P51700017557,Concorde Developers,0,0,0
P51700016927,MACROTECH DEVELOPERS LIMITED,0,1,0
P51700016708,RAMEEZ SHAHNAWAZ MAJEED,0,0,0
P51700016919,SAHAJANAND DEVELOPERS,0,0,12
P51700017012,PRAKASH  WADHAWA,0,0,12
P51700016792,CHAMUNDA INFRASTRUCTURE LTD,0,0,0
P51700016716,UMA REALTY,0,0,0
P51700017461,Jayshree Builders,0,0,0
P51700017026,AtlanticRealtors,0,0,0
P51700017071,SEEMA DEVELOPERS,0,0,0
P51700017214,SKYLINE BUILDPRO,0,0,12
P51700016878,Neptune Developers Limited,0,0,0
P51700016825,Neptune Developers Limited,0,0,0
P51700016870,SAISHIV CONSTRUCTION,0,0,0
P51700016882,Neptune Developers Limited,1,0,0
P51700016820,MAHARASHTRA HOUSING AND AREA DEVELOPMENT AUTHORITY,0,0,60
P51700016818,Neptune Developers Limited,0,0,0
P51700016831,MAHARASHTRA HOUSING AND AREA DEVELOPMENT AUTHORITY,0,0,72
P51700016800,SHRISAIBABA CONSTRUCTION CO,0,0,0
P51700016785,PRAVIN NARASI MANANI,0,1,0
P51700016819,M.K.REALTORS,0,0,0
P51700016947,Mangesh Dashrath Gaikar,0,0,0
P51700016875,Neptune Developers Limited,0,4,0
P51700016920,Neptune Developers Limited,3,4,0
P51700016823,Neptune Developers Limited,0,4,0
P51700016879,SHUBHANGI DEVELOPER,0,0,0
P51700016886,DHARITRI BUILDER PVT. LTD.,0,0,0
P51700017821,PRARTHANA ENTERPRISES,0,0,39
P51700017086,HUB REALTOR,0,0,0
P51700017015,Shalini Shivaji Pawar,0,0,0
P51700016747,Palava Dwellers Pvt Ltd,1,1,0
P51700016836,ARVIJ BUILDERS AND DEVELOPERS PRIVATE LIMITED,0,1,17
P51700017315,Gaurivinayak Builders and Developers Pvt Ltd,0,0,0
P51700016929,OM CORPORATIN,0,0,0
P51700016871,SIDDHESHWAR GROUP,0,0,0
P51700016861,MALI VENTURES PRIVATE LIMITED,0,0,0
P51700016903,Lodha Developers Limited,0,0,0
P51700016866,SHIVAM CONSTRUCTION,0,0,12
P51700016918,Neptune Developers Limited,0,0,0
P51700016915,AASTHA BUILDCON,0,0,24
P51700017002,MAHARASHTRA DEVELOPERS,0,0,0
P51700016941,Palava Dwellers Private Limited,0,1,0
P51700017035,VRUDEE ASSOCIATES,0,0,18
P51700016926,BHUMIRAJ BUILDERS PVT.LTD.,0,16,0
P51700018165,CHALAMA INFRAPROPERTIES PRIVATE LIMITED,0,1,0
P51700017022,METRO BUILDCON,0,0,0
P51700017019,CRYSTAL REALTORS,0,0,48
P51700017081,M/S OMKAR REALTORS,0,0,0
P51700017613,RAJIV THAKUR & ASSOCIATES,0,0,0
P51700017537,SHREE HARI REALTY,0,0,0
P51700017034,BHUMIRAJ BUILDERS PVT. LTD.,0,16,0
P51700019938,SADGURU ENTERPRISES,0,0,0
P51700017137,OM SADGURU REALTORS,0,0,0
P51700017029,KANAK REALTY,0,0,0
P51700017159,SHIVANAND SHANKAR KORE,0,0,0
P51700017078,MACROTECH DEVELOPERS LIMITED,0,0,30
P51700017060,MACROTECH DEVELOPERS LIMITED,0,0,12
P51700017151,Rudra Enterprises,0,0,13
P51700017788,MAHALAXMI INFRASTRUCTURE,0,0,42
P51700017099,JHALAK CONSTRUCTIONS,0,0,0
P51700017080,M/s. SAI BALAJI EMRALD REALTY,0,0,0
P51700017127,M/s. SAI BALAJI EMRALD REALTY,0,0,0
P51700017089,M/s. SAI BALAJI EMRALD REALTY,0,0,0
P51700017185,AMAKIN MOHAMMEDIYAH PRIVATE LIMITED,0,2,0
P51700018933,Om Sai Residency,0,0,0
P51700017067,SADGURU DEVELOPERS,0,0,0
P51700017130,UTKARSHA CONSTRUCTION,0,0,0
P51700017162,MURLI JAGANNATH MACHHA,0,0,24
P51700017195,Oyster Living LLP,0,0,12
P51700017123,Oyster Living LLP,0,0,26
P51700017140,BHUMIRAJ BUILDERS PVT. LTD.,0,16,0
P51700017308,Amol Padmakar Tarmale,0,0,0
P51700017824,OMKAR ENTERPRISES,0,2,0
P51700017267,ROMA BUILDERS PRIVATE LIMITED,0,6,0
P51700017184,JAI AMBE CONSTRUCTION,0,0,12
P51700017255,RAI RESIDENCY Private Limited,0,0,0
P51700017199,RUTU BUILDERS,0,1,0
P51700017242,RAMESHAWAR BUILDERS & DEVELOPERS,0,0,2
P51700017206,SHREE VASTU BUILDERS,0,0,0
P51700017332,Panvelkar Infrastructures Private Limited,1,0,24
P51700017148,SAI SHRUSHTI ENTERPRISES,0,0,0
P51700017384,Ashish Waman Gole,0,0,0
P51700017389,M/s. Unit Arsen Developers (Joint Venture),0,0,0
P51700017478,HERAMB CONSTRUCTION,0,0,0
P51700017481,ARAMUS REALTY LLP,0,0,0
P51700017342,TIRUPATI DEVELOPERS,5,0,24
P51700017669,PRIDEDREAM REALTORS PRIVATE LIMITED,0,0,0
P51700017304,Aurum RealEstate Developers Limited,1,0,0
P51700017401,MISTRY CONSTRUCTION CO. PVT. LTD.,2,0,0
P51700017488,RAUNAK CORPORATION,0,5,0
P51700017305,Aurum RealEstate Developers Limited,0,0,0
P51700017747,M/S S P ASSOCIATES,0,0,0
P51700017328,LAXMI DEVELOPERS,0,0,0
P51700017423,TETRIS GREEN VALLEY,0,0,18
P51700017424,RASHMI ASHOK JOSHI,0,0,36
P51700017518,Ms ASHAR VENTURES,0,0,0
P51700017736,L K EARTH DEVELOPERS PRIVATE LIMITED,0,0,0
P51700017450,S K INFRASTRUCTURE,0,0,0
P51700017459,SHREE BALAJI HOMES,0,0,0
P51700017317,Bhagwat Baban Kamthe,0,0,0
P51700018710,G.E.CONSTRUCTIONS,0,0,0
P51700017531,Shradhha Saburi Associates,0,0,0
P51700017593,LFKA BUILDERS AND DEVELOPERS,0,0,0
P51700017434,LFKA BUILDERS AND DEVELOPERS,0,0,0
P51700017366,CIDCO of Maharashtra Ltd.,0,0,15
P51700017421,CIDCO of Maharashtra Ltd.,0,0,17
P51700017346,Shree Ganesh Enterprises,0,0,0
P51700017364,AMRUT LAXMI DEVELOPERS,0,0,18
P51700017969,M/S CITY INFRA,0,0,0
P51700017382,N M DEVELOPERS,0,0,17
P51700017739,M/S VISION SKY WORLD,0,0,0
P51700017701,M S DEVELOPERS,0,0,12
P51700017496,GNP DEVELOPERS,0,0,0
P51700018663,DEVENDRA DAMODAR PATIL,0,0,12
P51700018087,JEEVAN ENTERPRISES,0,0,0
P51700017501,Bhagwati Infrastructure,0,0,0
P51700017487,Palava Dwellers Private Limited,2,2,0
P51700017506,Palava Dwellers Private Limited,0,2,0
P51700017590,Palava Dwellers Private Limited,0,2,0
P51700017664,shaikh  nazir,0,0,0
P51700017649,SHREEJI BUILDCON,0,0,0
P51700017751,SHRI KRISHNA HOMES,0,0,0
P51700018220,SCHEMA ENTERPRISES PRIVATE LIMITED,0,0,11
P51700017682,VERTEX NEWTON PROJECTS PRIVATE LIMITED,0,1,0
P51700017614,JASHNANI CONSTRUCTION PRIVATE LIMITED,0,0,0
P51700017700,SHAKTI REALTY,1,1,12
P51700017680,PAWAR GROUP,1,0,0
P51700017774,siddhivinayak builders and developers,0,0,0
P51700017892,SHREE GAJANAN BUILDERS & DEVELOPERS,0,0,30
P51700017732,SAI MAHIMA INFRADEVELOPERS LLP,0,0,12
P51700017697,OM SAI REALTORS,0,0,0
P51700020647,SARTH SHILP PVT. LTD.,0,0,0
P51700017925,MOHAN LIFESPACES LLP,0,0,36
P51700017729,RADHIKA ENTERPRISES,0,0,12
P51700018679,Krushnai Builders & Developers,0,0,27
P51700018209,SHREE GANESH ENTERPRISES,0,0,13
P51700017752,CITY DEVELOPERS,0,0,12
P51700017758,M K PATIL DEVELOPERS,0,0,36
P51700017964,Mahaveer reality,0,0,0
P51700017863,The Pacific,0,0,4
P51700018242,ABHIJEET BUILDCON,0,0,0
P51700017958,MAYA DEVELOPER,0,0,0
P51700017889,MAYA DEVELOPER,0,0,0
P51700017834,AARTI HOME MAKERS PRIVATE LIMITED,0,0,17
P51700017923,INDO ASIAN BUILDCON PVT LTD,0,0,24
P51700017817,MAYA DEVELOPER,0,0,0
P51700017959,CITY PRIDE INCORPORATION,0,0,24
P51700018623,NANDKUMAR BALKRISHNA SALVI,0,0,21
P51700017904,VEE SQUARE HITECH INFRA PVT LTD,0,0,0
P51700018006,Audumbar Realtors,0,0,0
P51700017874,REGENCY NIRMAN LTD,1,0,0
P51700017984,ASD ENTERPRISES,0,0,0
P51700017947,STK CORPORATION,0,0,0
P51700017982,AARAMBHA VISION HOMES PRIVATE LIMITED,0,0,0
P51700018122,KASHIKAR INFRASTRUCTURES PRIVATE LIMITED,0,0,0
P51700017924,MACROTECH DEVELOPERS LIMITED,0,0,0
P51700018014,AMBIKA ENTERPRISES,0,0,0
P51700018001,M R M DEVELOPERS,0,0,36
P51700019353,LIFESPACE REALTY,0,0,0
P51700018132,Royal Group,0,0,0
P51700019289,LIFESPACE REALTY,0,0,0
P51700019577,VALSHET CORPORATION,0,0,0
P51700018171,VINAYAK DEVELOPERS,0,0,0
P51700018036,Milind Martand Kulkarni HUF,0,0,12
P51700018154,M/S. AASTHA REALTORS,0,0,0
P51700018159,MILESTONE CONSTRUCTION,0,0,0
P51700018062,SOHAM CREATORS,0,0,36
P51700018145,V-RAJ BUILDCON,2,2,0
P51700018097,SEEMA VISHNU PATIL,0,0,48
P51700018035,MACROTECH DEVELOPERS LIMITED,0,0,0
P51700018107,MACROTECH DEVELOPERS LIMITED,0,0,0
P51700018080,Green Park Residency,0,0,48
P51700018175,PRAGALBHA CONSTRUCTION,0,0,0
P51700019020,SHREE DATTA DEVELOPERS,0,0,0
P51700018249,PALACIO VENTURES,0,0,12
P51700018186,NEXUS BUILDERS AND DEVELOPERS PVT LTD,0,4,0
P51700018212,Quality Annex,0,0,0
P51700018185,NEXUS BUILDERS AND DEVELOPERS PVT LTD,0,4,0
P51700018167,ASAYA BUILDERS AND DEVELOPERS LLP,0,0,0
P51700018336,Shivam Builders and Developers,0,0,6
P51700018561,J S S BUILDERS AND DEVELOPERS,0,0,0
P51700018247,SAI SHRUSHTI ENTERPRISES,0,0,0
P51700018294,BHARATI CONSTRUCTION CO,0,0,0
P51700018447,SATISH KASHINATH GUJARATHI,0,0,0
P51700018492,HEMANT  KASHIKAR,0,0,0
P51700018232,St. Angelo's VNCT Ventures Pvt. Ltd.,0,0,30
P51700019655,BHUMIRAJ BUILDERS PVT. LTD.,0,16,40
P51700019890,PAURAVI ENTERPRISES,0,0,0
P51700018470,PAREKH INFRAPROJECTS,0,0,0
P51800018633,VIRANI CONSTRUCTION COMPANY,0,0,0
P51700018376,SAI PROPERTIES,0,0,0
P51700021389,Maulikrupadevelopers,0,0,0
P51700018300,GEETAI INVESTMENT,0,0,0
P51700018995,LALITA SANTOSH THORAT,0,0,0
P51700018621,Kapstone Constructions Private Limited,1,3,0
P51700018459,PRACHI DEVELOPERS,0,0,0
P51700019544,Kapstone Constructions Private Limited,0,3,0
P51700020484,MHATRE DEVELOPERS,0,0,12
P51700018408,Magnus Builders,0,0,0
P51700018463,GOODWILL CONSTRUCTIONS,0,0,0
P51700018742,M/S NITYANAND REALTORS,0,0,0
P51700019249,Balaji Builders & Developers,0,0,0
P51700018305,Swaminarayan Life Space LLP,0,0,0
P51700018370,Leading Frontier Private Limited,0,8,18
P51700018384,PATIL SONS,0,0,18
P51700018389,A V CONSTRUCTION,0,0,0
P51700018374,M K PATIL DEVELOPERS,0,0,24
P51700018665,PINNACLE LIFESPACES,0,0,0
P51700018485,SHIVSAI REALTY,0,1,42
P51700018388,SHREE SQUAREFEET ENTERPRISES LLP,0,0,0
P51700019675,RAM LAXMAN DEVELOPERS,0,0,0
P51700018400,SHREE SIDDHGANESH ENTERPRISES,0,0,37
P51700018669,SHREE VIRAJ ENTERPRISES,0,0,0
P51700018433,M/S. RBG Constructions & Developers Pvt. Ltd.,0,0,28
P51700020898,Ekta Builders,0,0,0
P51700018549,Uma Housing,0,0,0
P51700018393,MACROTECH DEVELOPERS LIMITED,0,2,0
P51700018718,LAUKIK BUILDCON,0,0,17
P51700018695,CISB & KUSHWAH INFRASTRUCTURE PRIVATE LIMITED,0,0,24
P51700018639,SHREE HARI ENTERPRISE,0,0,0
P51700018451,MAYUR GROUP,0,0,26
P51700018705,SWAYAMDEEP REALITY,0,0,0
P51700018601,PRIME REALTORS,0,0,6
P51700018517,M/s Onkareshwar Developers,2,1,0
P51700018430,M/s Onkareshwar Developers,2,1,0
P51700021190,Vibha Realtors,0,0,36
P51700018476,SHREE SAI PRASAD ENTERPRISES,0,0,0
P51700018806,RATTAN PROPERTIES AND PROJECTS PRIVATE LIMITED,0,0,0
P51700018593,MACROTECH DEVELOPERS LIMITED,1,2,0
P51700018579,MACROTECH DEVELOPERS LIMITED,0,2,0
P51700018908,Ornate Buildcon Developers,0,0,0
P51700018640,MAATR DEVELOPERS,0,0,0
P51700019391,Shraddha Corporation,0,0,0
P51700019173,FAZAL MEHMOOD SHAIKH,0,0,0
P51700018740,GANADHISH ENTERPRISES,0,0,0
P51700018798,ALFA CONSTRUCTIONS,0,0,12
P51700018589,NAVIN NARANJI JAIN,0,0,42
P51700018612,OM SAI DEVELOPERS,0,0,0
P51700018644,JOSHI ENTERPRISES,0,0,0
P51700018688,JAINAM DEVELOPERS,0,0,0
P51700018630,M/s. Ashapura Developer,0,0,36
P51700018618,SHIV SAI DEVELOPERS,0,0,0
P51700019542,ROMA BUILDERS PRIVATE LIMITED,0,0,0
P51700019547,ROMA BUILDERS PRIVATE LIMITED,0,3,0
P51700019550,ROMA BUILDERS PRIVATE LIMITED,0,2,0
P51700019790,RAUNAK CORPORATION,0,2,12
P51700019962,RAUNAK CORPORATION,1,2,0
P51700018938,JOSHI ENTERPRISES,0,0,12
P51700018693,SHIV SAI BUILDERS AND DEVELOPERS,0,0,0
P51700019024,VEDANT INFRASTRUCTURES,0,0,0
P51700018799,GURUDATT ENTERPRISES,0,0,0
P51700019317,BABA & SEAGREEN DEVELOPERS LLP,0,1,0
P51700018730,MAHANT CONSTRUCTION LLP,0,0,0
P51700018689,MOHAN HARDASMAL THARWANI,0,1,15
P51700018725,PARTH WORLD LLP,0,0,24
P51700018999,KAVYA BUILDCON PVT. LTD.,0,0,0
P51700019112,JAIDEEP CONSTRUCTION,0,0,0
P51700019139,JAIDEEP CONSTRUCTION,0,0,0
P51700018761,DIWALI CONSTRUCTION COMPANY,0,0,24
P51700018987,MILAN HOUSING COMPLEX PVT. LTD.,0,0,0
P51700022304,SHIVRAM CONSTRUCTION,0,0,18
P51700018895,SWASTIK ENTERPRISES,0,0,0
P51700018837,IMPRESSIONS BUILDCON,0,0,9
P51700018847,Sudarshan Nirman Co,0,0,36
P51700018858,RED BRICKS DEVELOPERS,0,0,15
P51700018820,Dream Realtors,0,0,0
P51700018832,SAFA ENTERPRISES,0,0,0
P51700019343,PARAGON BUILDCON,0,0,0
P51700019412,NAJEEB SULEMAN MULLA,0,2,0
P51700019157,PINNACLE LIFESPACES,1,0,0
P51700019194,BALAJI HOMES,0,0,0
P51700020802,P S INFRASTRUCTURE,0,0,0
P51700018944,SIDDHIVINAYAK ENTERPRISES,0,0,0
P51700018929,Panvelkar Infrastructures Private Limited,0,0,12
P51700018966,DEEPLAXMI DEVELOPERS,0,0,0
P51700018904,SHREEJI DEVELOPERS,0,0,0
P51700018960,CORNATION ASSOCIATES,0,0,0
P51700019007,OM SAI UNITED,0,0,12
P51700018917,ADITYA CONSTRUCTION,0,0,0
P51700018991,Mahesh Shankar Mate,0,0,0
P51700019016,PALAVA DWELLERS PVT LTD,0,0,0
P51700018963,PALAVA DWELLERS PVT LTD,0,0,0
P51700019085,HORIZON PROJECTS PVT LTD,5,1,0
P51700018969,Koperkhairane - The Address CO Operative Housing Society Limited,0,0,0
P51700019187,M/s Eeshan Enterprises,0,0,9
P51700019003,RAIS  QURESHI,0,0,12
P51700019154,KDV ENTERPRISE,0,0,0
P51700018983,St. Angelo's VNCT Ventures Pvt. Ltd.,0,0,0
P51700024089,MOHAN LIFESPACES LLP,0,0,0
P51700019211,REGENCY NIRMAN LTD,0,0,0
P51700019188,SAI MAULI ENTERPRISES,0,0,0
P51700019653,EKTA DEVELOPERS,0,0,0
P51700019092,AMEYA ENTERPRISES,0,0,0
P51700019097,SHREE JASRAJ DEVELOPERS,1,0,0
P51700019120,K T REALTY,0,0,0
P51700019527,VIJAY VASDEV BATHIJA,0,0,0
P51700019178,Century Textiles & Industries Ltd,5,1,0
P51700019283,ISHWAR ENTERPRISES,0,0,0
P51700019210,Royal Builders & Developers,0,0,0
P51700019121,MACROTECH DEVELOPERS LIMITED,0,1,0
P51700019386,MAHAVEER INFRASTRUCTURE,0,0,0
P51700019146,ANANTNATH DEVELOPERS,0,0,0
P51700019124,Shrinath Developers,0,0,0
P51700019737,ROYALE URBANSPACE,0,0,0
P51700019245,Shrikant Dhondu Hindalkar,0,0,18
P51700019181,Raheja Universal (Pvt.) Ltd.,0,0,12
P51700019159,AMEYA DEVELOPERS,0,0,0
P51700019266,VEENA DEVELOPERS,0,0,0
P51700019155,ANANNYA BUILDERS,0,0,24
P51700019272,VIJAYA CONSTRUCTION,0,0,0
P51700019510,BAL GANAPATI LAABH DEVELOPERS,0,0,0
P51700019222,ARAMUS REALTY LLP,0,0,0
P51700019163,MIRZA HOMES PRIVATE LIMITED,0,0,0
P51700019164,SHREE JARI MARI BUILDERS AND DEVELOPERS,0,0,0
P51700020645,M/s Vedant Chetana Enterprises NX,0,0,0
P51700019400,ROMA BUILDERS PRIVATE LIMITED,0,4,0
P51700019923,ROMA BUILDERS PRIVATE LIMITED,0,3,0
P51700019480,GURUKRUPA CONSTRUCTION,0,0,0
P51700019265,Raymond Limited,1,10,0
P51700019351,N C ASSOCIATES,0,0,0
P51700019841,SHIVSHAKTI DEVELOPERS,0,0,0
P51700019646,SHAKTI DEVELOPERS,0,0,6
P51700019556,ATLANTIC,0,0,0
P51700019784,OM SHARDARAM ENTERPRISES,0,0,0
P51700019303,SHUBH HOMES,0,0,0
P51700021861,SQUAREFEET INFRASTRUCTURE LLP,0,1,0
P51700019326,Swaminarayan Life Space LLP,0,0,0
P51700019429,ESHAN DEVELOPERS,0,0,0
P51700019360,AVIGHNA KARAN,0,0,0
P51700020400,Shree Sai Vastu Hills,0,0,0
P51700019505,HIRANANDANI PROPERTIES PRIVATE LIMITED,0,4,12
P51700019332,MORIVALI AMBERNATH BRONDESBUSRY CO-OP HSG.SOCIETYLIMITED,0,0,0
P51700019597,JASHNANI CONSTRUCTION PRIVATE LIMITED,0,0,0
P51700019647,SIDDHIVINAYAK ENTERPRISES,0,0,0
P51700019533,Akshar Developers,0,0,0
P51700019589,NEEL CONSTRUCTION,0,0,0
P51700019466,SAI SHRADHA DEVELOPERS,0,0,0
P51700019456,VARSHA INFRASTRUCTURE,0,0,0
P51700019906,SATGURU ENTERPRISES,0,0,0
P51700019714,SHREENEEL BUILDER,0,0,0
P51700019674,UNITY BUILDERS AND DEVELOPERS,0,0,0
P51700019519,MACROTECH DEVELOPERS LIMITED,4,2,0
P51700019651,PGN BUILDERS AND DEVELOPERS,0,0,0
P51700019942,Aarsh Construction,0,0,0
P51700020301,PRASHANT KASHINATH DONGRE,0,0,0
P51700019656,JAI MATA DI BUILDERS & DEVELOPERS,0,0,0
P51700019521,SHREE SAI ENTERPRISES,0,0,0
P51700019572,Dream Realtors,0,0,0
P51700019847,PRATIMA CONSTRUCTION,0,0,0
P51700020275,L&T SEAWOODS LIMITED,3,1,0
P51700019697,TULSI REALTY,0,0,0
P51700019554,UNIQUE BUILDCORN BUILDERS & DEVELOPERS,0,0,0
P51700019689,SHREE RAJ DEVELOPERS,0,0,0
P51700019657,OMCON AADHAR INFRA PROJECTS,0,0,0
P51700019517,SHREE SADGURU CONSTRUCTION,0,0,0
P51700019548,Shree Swami Krupa Builders and Developers,0,0,0
P51700019814,OJASS CONSTRUCTIONS,0,0,0
P51700019939,SADGURU ASSOCIATE,0,0,12
P51700019571,UNIQUE BUILDCORN BUILDERS & DEVELOPERS,0,0,0
P51700019573,PATIL DEVELOPERS,0,0,0
P51700019672,RIEL INFRASTRUCTURE PVT LTD,0,0,0
P51700020065,AMBERCORPORATION,0,0,0
P51700019766,LAXMI BUILDCON BUILDERS & DEVELOPERS,0,0,0
P51700019641,Laxmi Kamal Associates,0,0,0
P51700019818,Pacific Creations,0,0,0
P51700019634,AMAR REALTY,0,0,2
P51700019699,Charms Developers,0,0,0
P51700019695,SHREE RADHAKRISHNA DEVELOPER,0,0,2
P51700020529,PAVANPUTRA APARTMENTS,0,0,24
P51700020212,SHIVAJI PARSHURAM KATHORE,0,0,9
P51700019826,DEIV ENTERPRISES,0,0,0
P51700019748,MKY Infrastructure,0,0,0
P51700019809,Palava Dwellers Pvt Ltd,0,1,0
P51700019813,DREAMZ DEVELOPERS,0,0,0
P51700019929,SAI POOJA CONSTRUCTIONS,0,0,0
P51700019993,PRIME DEVELOPERS,0,0,0
P51700020058,SHIV SHAKTI DEVELOPERS,0,0,0
P51700019868,Sonu Anilkumar Hotchandani,0,0,0
P51700020000,SWASTIK ENTERPRISES,0,0,0
P51700019864,Jaykali Developers Private Limited,0,0,0
P51700020424,GURUKRUPA CONSTRUCTION,0,0,0
P51700019865,Jaykali Developers Private Limited,1,0,0
P51700030130,M/s. Deepali Infracon LLP,0,0,0
P51700019996,VINAY  KOLI,0,0,24
P51700020366,PAREKH INFRAPROJECTS,0,0,12
P51700020008,Jewel Builders and Infraprojects Ltd,0,0,12
P51700019911,M/S. INFINI DEVELOPERS,0,0,0
P51700020032,Poddar Housing and Development Limited,0,0,0
P51700020164,MACROTECH DEVELOPERS LIMITED,1,2,33
P51700020449,SAI SHRADDHA DEVELOPERS,0,0,0
P51700020155,Palava Dwellers Private Limited,0,0,0
P51700020159,Palava Dwellers Private Limited,0,0,0
P51700020253,Palava Dwellers Private Limited,0,0,0
P51700020162,CHALAMA INFRAPROPERTIES PRIVATE LIMITED,0,0,0
P51700020151,MACROTECH DEVELOPERS LIMITED,0,2,45
P51700020131,Palava Dwellers Private Limited,0,0,0
P51700020214,Palava Dwellers Private Limited,0,0,0
P51700020267,PALAVA DWELLERS PVT LTD,0,2,0
P51700020150,PALAVA DWELLERS PVT LTD,0,2,0
P51700020165,PALAVA DWELLERS PVT LTD,0,2,0
P51700020139,PALAVA DWELLERS PVT LTD,0,3,0
P51700020160,PALAVA DWELLERS PVT LTD,0,0,0
P51700020166,PALAVA DWELLERS PVT LTD,2,0,0
P51700020240,RAUNAK CORPORATION,0,2,0
P51700020123,MACROTECH DEVELOPERS LIMITED,0,2,33
P51700020191,MACROTECH DEVELOPERS LIMITED,0,0,0
P51700020261,RAUNAK CORPORATION,0,2,0
P51700020154,MACROTECH DEVELOPERS LIMITED,0,0,0
P51700020141,MACROTECH DEVELOPERS LIMITED,0,0,0
P51700020104,MACROTECH DEVELOPERS LIMITED,0,0,12
P51700020158,MACROTECH DEVELOPERS LIMITED,0,2,0
P51700020225,MACROTECH DEVELOPERS LIMITED,0,0,0
P51700020170,MACROTECH DEVELOPERS LIMITED,0,0,0
P51700020241,RAUNAK CORPORATION,0,2,0
P51700020217,MACROTECH DEVELOPERS LIMITED,0,0,0
P51700020182,RAUNAK CORPORATION,0,2,0
P51700020157,MACROTECH DEVELOPERS LIMITED,0,2,39
P51700020266,MACROTECH DEVELOPERS LIMITED,0,0,0
P51700020215,MAGUS INFRATECH PRIVATE LIMITED,0,0,0
P51700020494,RAJAI DEVELOPERS,0,0,0
P51700020161,Palava Dwellers Private Limited,0,1,0
P51700020189,MACROTECH DEVELOPERS LIMITED,0,2,0
P51700020436,MAJESTIC CONSTRUCTION,0,0,18
P51700020268,MACROTECH DEVELOPERS LIMITED,0,0,0
P51700020291,PADMANABH DEVELOPERS,0,0,0
P51700020197,MACROTECH DEVELOPERS LIMITED,0,0,12
P51700020413,NOORI GROUP OF COMPANIES,0,0,0
P51700020381,Palava Dwellers Pvt Ltd,0,0,0
P51700020354,Palava Dwellers Pvt Ltd,0,0,0
P51700021145,Sukham Corporation Proprietor Sunrise Lifespaces LLP,0,0,0
P51700020667,Trinity Builders,0,0,0
P51700020186,REGENCY NIRMAN LTD,0,0,0
P51700020256,Raymond Limited,5,10,0
P51700020194,REGENCY NIRMAN LTD,0,0,0
P51700019999,GRANDEUR DEVELOPERS LLP,0,0,0
P51700020078,VIJAY GURUNATH PATIL,0,0,0
P51700020028,Poddar Housing and Development Limited,0,0,30
P51700020038,Poddar Housing and Development Limited,0,0,0
P51700020041,Poddar Housing and Development Limited,0,0,0
P51700020067,Poddar Housing and Development Limited,0,0,0
P51700020027,Poddar Housing and Development Limited,0,0,0
P51700019980,AL ARAAF INFRA PRIVATE LIMITED,0,0,9
P51700021259,ARC ASSOCIATES,0,0,0
P51700019920,M S BUILDCON,0,0,0
P51700020014,K T REALTY,0,0,0
P51700020772,GUL GIANCHAND VATIANI,0,0,18
P51700020076,KDC ENTERPRISES,0,0,0
P51700020319,MANOJ SHREEPAT GAIKWAD,0,0,12
P51700020888,SHIVOM ENTERPRISES,0,0,10
P51700020108,SHIRVAWALA ESTATE DEVELOPERS LLP,0,0,0
P51700020478,M/S AKSHAR OM CONSTRUCTION,0,0,0
P51700019973,OM SAI CONSTRUCTIONS,0,0,0
P51700019995,SEVENHILL GROUP,0,0,0
P51700020263,Bhavani Enterprises,0,0,0
P51700020153,Pafilia Realtors LLP,0,0,0
P51700020286,PATIL DEVELOPERS,0,0,0
P51700020561,Shree Laxmi Enterprises,0,0,12
P51700019987,KRICON GROUP,0,2,0
P51700020481,RASSAZ INFRASTRUCTURE PRIVATE LIMITED,0,0,0
P51700021381,M/S LUCKY HOMES,0,0,12
P51700020080,SANCHI CONSTRUCTION,0,0,0
P51700020044,A PLUS CREATION,0,0,0
P51700020130,VISHNU VATIKA,0,0,12
P51700020312,SHREE GAJANAN DEVELOPERS,0,1,12
P51700020221,PRIDE INFRASTRUCTURE,0,0,12
P51700020575,Ashish Waman Gole,0,0,0
P51700020173,SERENE INFRATECH CO,0,0,0
P51700020093,MACROTECH DEVELOPERS LIMITED,0,2,12
P51700021297,Anantnath Enterprises,0,0,0
P51700020098,ARCJ REALTY LLP,0,0,0
P51700020201,Agile Real Estate Pvt. Ltd.,0,2,0
P51700020237,Agile Real Estate Pvt. Ltd.,0,2,0
P51700020196,Agile Real Estate Pvt. Ltd.,0,2,0
P51700020175,Agile Real Estate Pvt. Ltd.,0,2,0
P51700020264,Agile Real Estate Pvt. Ltd.,0,2,0
P51700020382,SAI RAJ DEVELOPERS,0,0,0
P51700020124,Palava Dwellers Private Limited,0,0,0
P51700020088,MACROTECH DEVELOPERS LIMITED,0,2,12
P51700020128,MACROTECH DEVELOPERS LIMITED,0,2,45
P51700020333,SKYLARK INFRASTRUCTURES,1,0,0
P51700020227,M/s. Tycoons Developers,0,0,42
P51700020305,Jaykali Developers Private Limited,0,0,0
P51700020414,SANJAYKUMAR MAKANJI KOTAK THAKKAR,0,0,0
P51700020310,MOHAN LIFESPACES LLP,0,0,24
P51700020293,SANJAYKUMAR MAKANJI KOTAK THAKKAR,0,0,0
P51700020448,J.K.INFRA,0,0,0
P51700020429,MASTER BUILDCON,0,0,0
P51700020338,GLOBE REALTY,0,0,0
P51700020405,M/s Ekdant Housing,0,0,0
P51700020373,Palava Dwellers Pvt Ltd,1,0,0
P51700020637,RAMESHWAR YASHWANT PATIL,0,0,0
P51700020600,OM SAI REALTY,0,0,0
P51700020430,PINNACLE CORPORATION,0,0,0
P51700020451,WESTERN ARCH DEVELOPERS,0,0,0
P51700020374,A PLUS LIFE SPACE,0,0,4
P51700021026,GIRIJA INFRASTRUCTURE,0,0,0
P51700021504,SAI SHRADDHA CONSTRUCTIONS,0,0,0
P51700020522,REAL ENTERPRISE,0,0,0
P51700020644,SAMARTH SAI BUILDERS & DEVELOPERS,0,0,0
P51700020586,Bhalchandra  Wadnerkar,0,0,0
P51700020525,Dashmesh Infrastructure,0,0,0
P51700023481,SHREE DHANLAXMI PROPERTIES AND DEVELOPERS,0,0,0
P51700020508,WELKIN DEVELOPERS,0,0,0
P51700020467,GREEN DEVELOPERS,0,0,0
P51700020599,JOHAR HASAN ZOJWALLA,0,0,0
P51700020559,RAJENDRA  GHORPADE,0,0,6
P51700020548,LANDSCAPE INFRASTRUCTURE,0,0,18
P51700020587,ABHIJEET PRIDE,0,0,0
P51700020758,AVISHKAR BUILDCON,0,0,0
P51700020581,SANCHIT ENTERPRISES,0,0,0
P51700023570,M/S SAI PROPERTIES,0,0,0
P51700020576,AGILE ENTERPRISES,0,0,0
P51700020614,Aboli Estates,0,0,0
P51700020673,GAVDEVI INFRA,0,0,42
P51700020958,LAXMI CONSTRUCTION,0,0,24
P51700020807,PARISPARSH,0,0,0
P51700021065,SHIVA AMRUT ENTERPRISES,0,0,0
P51700020874,KRISHNA BUILDERS & DEVELOPERS,0,0,12
P51700020677,RATTAN PROPERTIES AND PROJECTS PRIVATED LIMITED,0,0,0
P51700020767,ARHAM DEVELOPERS,0,0,0
P51700020706,MITRA HOMES,0,0,0
P51700020680,OM DEVELOPERS,0,0,12
P51700020715,SHREE SARASWATI DEVELOPERS,0,0,0
P51700020725,GURU ASHISH CORPORATION,0,0,0
P51700028429,ARIHANT ENTERPRISES,0,0,0
P51700020741,T Bhimjyani Realty Pvt.Ltd.,0,3,0
P51700020756,METRO CREATORS,0,0,0
P51700021165,LGS DEVELOPERS,0,0,12
P51700020827,SHREE RAMJI DEVELOPERS,0,0,0
P51700020811,SHIVALIK DEVELOPERS,0,0,0
P51700020907,N.M.Enterprises,0,0,0
P51700020810,AKSHAR REALTORS,0,0,0
P51700020733,Sagar Enterprise,0,0,12
P51700020837,SHRI HARI REALTY,0,0,0
P51700021160,SIDDHI REAL ESTATE DEVELOPERS,0,5,0
P51700020763,BHUMIRAJ BUILDERS PRIVATE LIMITED,0,16,0
P51700020918,SHREEJI ENTERPRISES,0,0,12
P51700028441,ARIHANT ENTERPRISES,0,0,0
P51700028430,ARIHANT ENTERPRISES,0,0,0
P51700027862,ARIHANT ENTERPRISES,0,0,0
P51700020846,JAGJEET SHRUSTI REALTORS,0,0,0
P51700021030,Matoshree Construction,0,0,0
P51700020863,M/S PUSHPAK DEVELOPERS,0,0,0
P51700020869,Mahalaxmi Builders & Developers,0,0,51
P51700022768,PARSHVA REALTORS,0,0,0
P51700020829,Raghunath Kedari Phadtare,0,0,0
P51700022599,T Bhimjyani Realty Pvt.Ltd.,0,0,0
P51700021015,QUALITY BUILDERS & DEVELOPERS,0,0,0
P51700020942,GAYASUDDIN RIYAZUDDIN KHAN,0,0,0
P51700020844,RAJAI DEVELOPERS,0,0,0
P51700022100,SHREE SAI DEVELOPERS,0,0,0
P51700020890,Neelyog Developers,0,0,0
P51700020881,Raymond Limited,0,11,0
P51700021033,Neelpadma Associates,0,0,0
P51700020951,Sharpmind Consultancy Services Private Limited,0,0,24
P51700020876,OM VILLA BUILDTECH LLP,0,0,0
P51700020950,Arpit Sushil Agarwal,0,0,0
P51700020946,SHIVRAJ DEVELOPERS,0,0,0
P51700020930,VIGHANHARTHA ENTERPRISES,0,0,0
P51700021050,TUSHIRAJ REALTECH PRIVATE LIMITED,1,0,23
P51700021074,VIGHNAHARTA DEVELOPERS,0,0,12
P51700021362,M/S SAGAR DEVELOPERS,0,0,12
P51700020976,SHIVNATH DEVELOPER,0,0,0
P51700021011,DHANANJAY DEVELOPERS,0,0,0
P51700021092,Ganesh Chandrakant Malvankar,0,0,0
P51700021189,MARATHON ENER-GEN,0,0,0
P51700021003,PRAGATI CONSTRUCTIONS,0,0,0
P51700021310,AMEYA ENTERPRISES,0,0,0
P51700021029,Samarth Construction,0,0,0
P51700021244,SHRI KRISHNA HOMES,0,0,0
P51700021285,UTKARSHA CONSTRUCTION,0,0,0
P51700021320,ACHIVERS CONSTRUCTION COMPANY,0,0,0
P51700021714,MADHU KACHHARAM ACHHRA HUF,0,0,0
P51700021365,ACHIVERS CONSTRUCTION COMPANY,0,0,0
P51700021197,NAYANTARA,0,0,19
P51700023483,SHREE SAI VENTURES,0,0,0
P51700021153,SHREE SAI BALAJI ASSOCIATES,0,1,12
P51700021149,MUKUND SHRIDHAR SHRIKHANDE,0,0,12
P51700021246,TRIMURTY INFRATECH,0,0,12
P51700022446,SAPTSHRUNGI CONSTRUCTION CO,0,0,21
P51700021486,APNA GHAR BUILDERS AND DEVELOPERS,0,0,0
P51700021173,SHUBHAM BUILDERS & DEVELOPERS,0,0,15
P51700021200,SHREE RAJ PROPERTIES DEVELOPERS,0,0,0
P51700021215,M/ SAI BHAKTI BUILDERS,0,0,0
P51700021238,ANUP SHYAM KARNANI,0,0,0
P51700021187,M/s VISHAL CONSTRUCTION,0,1,0
P51700021185,DAYANAND TULASHIRAM KIRATKAR,2,0,0
P51700022360,SHREE DEVELOPERS,0,0,0
P51700021437,M/S. VISHNU GROUP,0,0,0
P51700022649,H P DEVELOPERS,0,0,18
P51700021474,Kalpataru Homes Private Limited,0,4,0
P51700021333,MAHAVIR ENTERPRISES,0,0,12
P51700021264,JEWEL ORIENT,0,0,18
P51700021364,MAHAVIR ENTERPRISES,0,0,0
P51700021794,PATEL & CO.,0,0,18
P51700021647,Dhulchand Shankar Naik,0,0,0
P51700021328,GULAMSHAH AZGAR ALI,0,0,24
P51700021315,EMPIRE INDUSTRIES LIMITED,0,0,0
P51700021321,Panvelkar Realty Private Limited,0,0,30
P51700021594,MANGALYA DEVELOPER,0,0,0
P51700021284,SAI HOMES,0,0,0
P51700021955,SEACITY REALITY,0,0,12
P51700021978,PRANNAV DEVELOPERS,0,0,12
P51700021305,TECHNO PACK SOFTWARE SERVICES PRIVATE LIMITED,0,0,0
P51700021273,SIDDHIVINAYAK HOMES,0,0,12
P51700021397,BHAGWATI VENTURES LLP,0,0,0
P51700021395,MOHAN LIFESPACES LLP,0,0,12
P51700021967,SEASONS SAI DEVELOPERS,0,0,0
P51700021480,SAILAVKIK REALTY PRIVATE LIMITED,0,0,0
P51700021530,M/s. JIGAR ENTERPRISE,0,0,0
P51700021343,Metro Dream Homes,0,0,0
P51700021425,SHIV ENTERPRISES,0,0,0
P51700021429,DEV CONSTRUCTION,0,0,0
P51700021561,Trinity Developers,0,0,0
P51700021439,VAASTUDEAL DEVELOPERS PVT. LTD.,0,0,12
P51700021387,V. V. ENTERPRISES,0,0,36
P51700021688,RAMESH DUNGARSHI SHAH,0,0,6
P51700021704,KHATRI REALTY,0,0,0
P51700021402,SHREE SHIV OM DEVELOPERS,0,0,0
P51700022743,ARIHANT ENTERPRISES,0,0,0
P51700021555,KASHIBAI NARAYAN PATIL,0,0,0
P51700022416,MORAYA DEVELOPERS,0,0,0
P51700021441,AMEYA DEVELOPERS,0,0,17
P51700021518,Gayatri Builders,0,0,0
P51700021541,VARDHAMAN VENTURE,0,0,6
P51700021521,GANESH DEVELOPERS,0,0,0
P51700021919,Advaita Developers,0,0,18
P51700021579,OM ENTERPRISES,0,0,0
P51700021915,APNA GROUP,0,0,0
P51700021598,OM NAMAH SHIVAY DEVELOPERS PRIVATE LIMITED,0,0,0
P51700022724,RAMA CONSTRUCTION AND DEVELOPERS,0,0,6
P51700021634,KRISHA ENTERPRISES,0,0,18
P51700021897,TRIVENI LIFESTYLE DEVELOPERS LLP,0,0,0
P51700024290,AVADHUT ENTERPRISES,0,0,0
P51700023093,PARAM BUILDERS AND DEVELOPERS,0,0,0
P51700021862,XRBIA WARAI DEVELOPERS PRIVATE LIMITED,0,0,0
P51700021596,XRBIA WARAI DEVELOPERS PRIVATE LIMITED,0,0,0
P51700021558,XRBIA WARAI DEVELOPERS PRIVATE LIMITED,0,0,0
P51700021909,XRBIA WARAI DEVELOPERS PRIVATE LIMITED,0,0,0
P51700023083,M S Developers,0,0,10
P51700021576,CHALAMA INFRAPROPERTIES PRIVATE LIMITED,0,3,0
P51700024317,JAGANI DEVELOPERS,0,0,12
P51700021625,Pruthviraj Balkrishna Mhatre,0,0,0
P51700021799,PRAPTI ENTERPRISES,0,0,0
P51700021662,ECO REALTIES PVT LTD,0,0,0
P51700021620,BUILT CHARMS CORPORATION,0,0,0
P51700021884,SHIVKRUPA ENTERPRISES,0,0,0
P51700021675,SARASWATI BUILDCON,0,0,0
P51700021630,Sai Vishwa Developers,0,0,0
P51700021677,YASH ENTERPRISES,0,0,0
P51700022052,M/S TRIMURTI HOMES,0,0,0
P51700021673,RAMESHAWAR BUILDERS & DEVELOPERS,0,0,0
P51700021657,OM NAMAH SHIVAY DEVELOPERS PRIVATE LIMITED,0,0,0
P51700021785,SBM DEVELOPERS PVT LTD,0,0,29
P51700023684,RAJAI DEVELOPERS,0,0,48
P51700021661,NEELKANTH HI-TECH INFRA,0,0,0
P51700021880,YASH VIKRANT RAIKAR,0,0,0
P51700021742,SAI SHRUSHTI ENTERPRISES,0,0,0
P51700021698,T Bhimjyani Realty Pvt.Ltd.,1,1,16
P51700021771,ALLIANCE INFRA,0,0,0
P51700021914,JAI MALHAR BUILDERS & DEVELOPERS,0,0,12
P51700021733,D A CONSTRUCTION,0,0,0
P51700021729,VISHAL R GROUP & ENTERPRISES,0,0,0
P51700021802,Dream Realtors,0,0,0
P51700021734,VARDHAMAN ENTERPRISES,0,0,48
P51700021828,VARDHAMAN ENTERPRISES,0,0,0
P51700022075,FINE CONSTRUCTION COMPANY,0,0,0
P51700021769,SAI MERE ENTERPRISES,0,0,18
P51700023497,MUNISUVRAT ENTERPRISES,0,0,0
P51700022578,SHREEJI DEVELOPERS,0,0,0
P51700021760,HARIOM ENTERPRISE,0,0,0
P51700021895,JAI GANESH GRUHNIRMAN PRIVATE LIMITED,0,0,5
P51700024425,Sharp Textile Mills Pvt Ltd,0,0,41
P51700022261,OM CONSTRUCTIONS,0,0,0
P51700021829,ShrI Mangalmurti Enterprises,0,0,0
P51700021852,Rohini  Rao,0,0,0
P51700021870,WAMAN BARKU MHATRE,0,0,0
P51700021856,BHAWANI SHANKAR RESIDENCY,0,0,0
P51700024592,SHREE GANRAJ COMMERCE PLAZA,0,0,0
P51700021977,"SBM DEVELOPERS PVT LTD.,",0,0,0
P51700021917,ASK Developers,0,0,0
P51700021845,SKYLAND CONSTRUCTION COMPANY,0,0,0
P51700021983,CHARMS GLOBAL,0,0,12
P51700021881,Neelkanth Infracon,0,0,0
P51700022192,Shivkrupa Developers,0,0,0
P51700022013,SUNIL PURSHOTTAM DESHMUKH,0,0,0
P51700023918,M/S KRISHNA ENTERPRISES,0,0,0
P51700022285,SAGAR BUILTCON,0,0,0
P51700022222,VARDHAMAN INFRASTRUCTURE,0,0,12
P51700021991,ART SALES AND TRADING PVT. LTD.,0,0,0
P51700022652,SAIJI DEVELOPERS,0,0,0
P51700022431,SHREE DATTA DEVELOPERS,0,0,0
P51700025480,MORESHWAR CONSTRUCTIONS,0,0,0
P51700021900,NEELSIDHI ASSOCIATES LLP,0,0,0
P51700022148,PRAKHHYAT DWELLINGS LLP,0,0,0
P51700021992,SHREENATH DEVELOPERS,0,0,12
P51700022076,M/S SQUAREFEET ECO HOUSING LLP,0,0,0
P51700026390,M/S SHREE PRAST,0,0,12
P51700022917,VISHAL CORPORATION,0,0,0
P51700022023,MANGALAM INFRA,0,0,0
P51700021997,MUSSADIQUE HAJINIJAMUDDIN MAJEED,0,0,0
P51700022008,TECHNICON,0,0,0
P51700022010,ANNAPURNA CORPORATION,0,0,0
P51700024240,ALFA ENTERPRISES,1,0,0
P51700022122,PACIFIC EXCELLENCE,0,0,0
P51700022647,Gaurivinayak Builders and Developers Pvt Ltd,0,0,0
P51700022393,GALAXY ASTER,0,0,0
P51700022414,PINNACLE CONSTRUCTION,0,0,0
P51700022628,AARADHANA CONSTRUCTION,0,0,0
P51700022305,Jaykali Developers Private Limited,0,0,0
P51700022158,RAJKUMAR TULJARAM ASWANI,0,0,0
P51700022377,Vir Enterprises,0,0,0
P51700022344,Abbas Constructions,0,0,12
P51700023163,KONARK REALTIES J.V.,0,0,9
P51700022306,Trimity Constructions,0,0,12
P51700022346,Shripatii Realtors Pvt Ltd,0,0,0
P51700022224,VINAYAK ENTERPRISES,0,0,0
P51700022357,SHREE SUMATINATH ENTERPRISES LLP,0,1,0
P51700023162,Vedant Builders and Developers,0,0,0
P51700022359,NEW GLOBAL BUILDERS AND DEVELOPERS,0,0,0
P51700022250,MACROTECH DEVELOPERS LIMITED,3,2,0
P51700022251,MACROTECH DEVELOPERS LIMITED,0,2,0
P51700024133,Shrikrishna Ramchandra Marathe,0,0,10
P51700022580,UMA REALTY,0,0,0
P51700022964,RDC VENTURES,0,0,0
P51700022374,EARTH DEVELOPERS,0,0,0
P51700022565,SPACE EDGE PROJECTS PVT LTD,0,0,0
P51700022542,GAJANAN PROPERTIES,0,0,12
P51700022999,Anant Developers,0,0,0
P51700022796,AADINATH BUILDERS AND DEVELOPERS,0,0,0
P51700022442,GREENSCAPE REALTY,0,0,0
P51700022422,INFINI LANDMARK,0,0,0
P51700022517,WALEKAR & SON'S DEVELOPERS,0,0,0
P51700022637,SHREE DATTA ASSOCIATES,0,0,0
P51700022785,SAHYADRI GRIH NIRMAN,0,0,0
P51700022515,SPLENDOR SHELTERS,0,0,0
P51700024260,VIVEK  BARVE,0,0,0
P51700024883,SAI BALAJI DEVELOPER,0,0,0
P51700023241,SAI PRASAD BUILDERS AND DEVELOPERS,0,0,0
P51700022529,LAXMI DEVELOPERS,0,0,0
P51700022870,Shree GHP Housing,0,0,24
P51700022681,NEELKAMAL BUILDCO,0,0,0
P51700022700,ANANT SQUARE,0,0,0
P51700022752,EKDANT ENTERPRISES,0,0,0
P51700022663,GREENSCAPE VENTURES,0,0,0
P51700022593,Sai Swarg Enterprises,0,0,24
P51700022533,MACROTECH DEVELOPERS LIMITED,0,1,0
P51700022685,SHREE RAJ DEVELOPERS,0,0,0
P51700022601,SHIVSAI BUILDERS AND DEVELOPERS,0,0,0
P51700022786,NND Ambernath LLP,0,1,0
P51700022981,MAHINDRA HAPPINEST DEVELOPERS LIMITED(Formerly known as Mahindra Happinest Developers Pvt. LTD),1,4,0
P51700022586,NND Ambernath LLP,0,1,0
P51700022665,SHIVAM ENTERPRISES,0,0,0
P51700022961,ANANT SQUARE,0,1,0
P51700022959,ANANT SQUARE,0,1,0
P51700023415,N. A Developers,1,0,0
P51700022651,BALAJI WORLD,0,0,0
P51700022689,OM VASTU HOMES,0,0,0
P51700023486,SHREE SIDDHIVINAYAK BUILDERS & DEVELOPERS,0,0,0
P51700022699,Runwal Residency Private Limited,1,0,0
P51700022695,ISHWAR ENTERPRISES,0,0,0
P51700022688,SHREE SHRIPAT BUILDERS & DEVELOPERS,0,0,0
P51700023018,BALAJI BUILDERS AND DEVELOPERS,0,0,0
P51700023860,SHIV MAHIMA DEVELOPERS,0,0,0
P51700022773,PEER REALTY PRIVATE LIMITED,0,0,0
P51700023104,Shivam Developers,0,0,0
P51700022740,MAHARASHTRA ENTERPRISES REAL ESTATE PROMOTERS AND DEVELOPERS,0,0,0
P51700024511,KALYAN DEVELOPMENT CORPORATION,0,0,0
P51700023171,PRAGATI ENTERPRISES,0,0,0
P51700022822,Shree Swami Samartha Associates,0,0,0
P51700023025,CHAMUNDA INFRASTRUCTURE LTD,0,0,0
P51700023930,RANAS CONSTRUCTION,0,0,0
P51700022779,Raymond Limited,0,10,0
P51700022894,ASHAPURA DEVLOPERS,0,0,12
P51700026248,Sai Sakshi Developers,0,0,0
P51700022844,Chaturthi Developers,0,0,0
P51700022847,MATRIX ENCLAVES PROJECTS DEV. PVT. LTD,0,0,0
P51700022825,PALAVA DWELLERS PVT LTD,2,0,0
P51700022900,PALAVA DWELLERS PVT LTD,1,0,0
P51700022990,LAXMI CONSTRUCTION,0,0,0
P51700022950,TELANGE BUILDERS & DEVELOPERS PRIVATE LIMITED,0,0,0
P51700024382,RACHANA INFRASTRUCTURE,0,0,0
P51700023303,SHREE KRISHNA CONSTRUCTION,0,0,12
P51700022984,SHABBIR MOHIDDIN SHEIKH,0,0,0
P51700023490,G G DEVELOPERS,0,0,0
P51700022994,Vinayak Developers,0,0,0
P51700023841,ANIL HARDASMAL THARWANI,0,0,0
P51700023872,ANIL HARDASMAL THARWANI,0,0,0
P51700023974,THARWANI REALTORS,0,0,0
P51700023782,THARWANI REALTORS,0,0,0
P51700023784,THARWANI REALTORS,0,0,0
P51700022980,AMBER BUILDERS & DEVELOPERS,0,0,0
P51700023128,KENDALE DEVELOPERS,0,0,0
P51700022926,ISHWAR ENTERPRISES,0,0,0
P51700022995,Vinayak developers,0,0,0
P51700023217,Kendale Developers,0,0,0
P51700023252,SAKHARAM JANARDAN BHOIR,0,0,0
P51700022940,Raymond Limited,4,14,0
P51700023076,SHREE SAI INFRA,0,0,0
P51700023404,MITTAL PAINTERIOR REALTY LLP,0,1,0
P51700023246,MITTAL PAINTERIOR REALTY LLP,0,1,0
P51700023256,MITTAL PAINTERIOR REALTY LLP,0,1,0
P51700023739,M/S EKVEERA CONSTRUCTIONS,0,0,0
P51700023009,Samarth Construction,0,0,12
P51700024178,Samarth Construction,0,0,0
P51700023874,Neelpadma Associates,0,0,7
P51700023316,SANJAY KISHAN BHOIR,0,0,0
P51700023047,Sheth Developers Private Limited,0,0,0
P51700023331,M/S. SAI SHRADDHA DEVELOPERS,0,0,0
P51700023234,GLORY TOWNSHIP LLP,0,0,0
P51700023466,B K SATRA HUF,0,0,0
P51700023113,SAI GANESH BUILDERS AND DEVELOPERS,0,0,0
P51700023348,SHIVAM DEVELOPERS,0,0,12
P51700023310,SURESH SHALIK MHATRE,0,0,12
P51700023115,VASTU DEVELOPERS,0,0,0
P51700023599,SARVODAY COMBINE,0,0,0
P51700023629,VENUS INFRA,0,0,0
P51700023823,SPLENDOR SHELTERS PVT LTD,0,0,0
P51700023082,SHREE NARAYAN CONSTRUCTION,0,0,0
P51700024877,MUKESH CHHABILDAS SHAH,0,0,0
P51700023096,SAI SHRUSHTI ENTERPRISES,0,0,0
P51700023176,M/S. RAJ HOMES & INFRACON,0,0,15
P51700023125,Nagesh Buildtech LLP,0,0,0
P51700023383,TITANIUM REALTY,0,0,0
P51700028392,MUKTA DEVELOPERS,0,0,48
P51700023675,JV REALITIES,0,0,0
P51700023557,M/s Ekdant Housing,0,1,0
P51700023364,POKHRIYAL AND ASSOCIATES,0,0,0
P51700023261,MODI DEVELOPERS,0,0,12
P51700023432,GANDHI AND SAMANI ENTERPRISES,0,0,0
P51700024041,METRO DEVELOPERS,0,4,0
P51700028738,Kashish Park Realtors,0,15,0
P51700026552,PAVAN HASTIMAL JAIN,0,0,0
P51700023181,Poddar Housing and Development Limited,0,0,0
P51700025355,Raymond Limited,0,10,0
P51700023746,GURU DEVELOPERS,0,0,0
P51700023193,LJTANNA REALTY LLP,0,0,0
P51700024398,CHARMS GLOBAL,0,0,0
P51700023319,VISHWAMAHAL CONSTRUCTION CO,0,0,0
P51700023212,RED BRICKS DEVELOPERS,0,0,0
P51700023692,VINAYAK DEVELOPERS,0,0,0
P51700024060,MACROTECH DEVELOPERS LIMITED,0,1,19
P51700024394,ROYALE URBANSPACE,0,0,0
P51700023695,IMPRESSIONS NXT,0,0,0
P51700023372,IMPRESSIONS NXT,0,0,0
P51700023209,MAHINDRA HAPPINEST DEVELOPERS LIMITED(Formerly known as Mahindra Happinest Developers Pvt. LTD),5,4,0
P51700023671,MILIND VASANT VANI,0,0,0
P51700023720,Sumit Developers,0,0,6
P51700023446,VAIBHAVI DEVELOPERS,0,0,0
P51700023585,OM SAI DEVELOPERS,0,0,0
P51700023565,RAI RESIDENCY Private Limited,0,0,0
P51700023376,ABHA BUILDERS,0,0,0
P51700023694,KRISHNA DEVELOPERS,0,0,0
P51700023614,Tycoons Avanti Projects LLP,1,0,0
P51700023371,SHREE SWAMI SAMARTH DEVELOPERS,0,0,0
P51700025262,SHREE GANESHA ENTERPRISES,0,0,0
P51700023296,Poddar Housing and Development Limited,0,0,21
P51700023590,SAROJ SURYAKUMAR PARIHAR,0,0,12
P51700023548,SHAD MANSOOR DHANGE,0,0,0
P51700023429,Tycoons Avanti Projects LLP,0,0,0
P51700023391,VARDHAMAN ENTERPRISES,0,0,0
P51700023603,SHUBH BUILDERS,0,0,0
P51700023508,Poddar Housing and Development Limited,1,0,0
P51700023568,Mahesh Shriram Borkar,0,0,0
P51700023535,Sujeet Kumar  Singh,0,0,0
P51700023536,Sujeet Kumar  Singh,0,0,0
P51700023898,S S ENTERPRISES,0,0,0
P51700023538,RANGVEL ENTERPRISES,0,0,0
P51700023605,SHARDA VASTU NIRMITEE PVT. LTD.,0,0,0
P51700023545,SPACE DEVELOPERS,0,0,0
P51700024371,Mahesh Shriram Borkar,0,0,0
P51700023550,LJTANNA REALTY LLP,0,0,12
P51700023944,CHIRAG ENTERPRISES,0,0,0
P51700024183,Trimity Constructions,1,0,12
P51700024278,ANIRUDDHA DEVELOPERS,0,0,0
P51700024324,SHREE SAMARTH BUILDERS,0,0,0
P51700023653,VISHNU SHYAMLAL SACHDEV,0,0,0
P51700023656,GAVDEVI SHELTER,0,0,12
P51700023664,SATISH BAPU GIRI,0,0,0
P51700023775,Aurum RealEstate Developers Limited,0,0,0
P51700023911,Aurum RealEstate Developers Limited,0,0,0
P51700024735,MAHESH MAHADU TARE,0,0,0
P51700023854,REGENCY NIRMAN LTD,0,6,12
P51700023851,SADGURU ASSOCIATE,0,0,0
P51700023999,OJASS GOVIND INFRA LLP,0,0,0
P51700025743,Sameer Mukund Natu,0,1,0
P51700024237,MEET INFRA,0,0,12
P51700023796,M/S. SARASWATI HOMES,0,0,12
P51700023820,PADMA CONSTRUCTIONS,0,0,0
P51700024107,R K CONSTRUCTION,0,0,0
P51700023797,ADITI BUILDERS,0,0,0
P51700023900,SAI SHRUSHTI ENTERPRISES,0,0,0
P51700024182,Magnum Enterprises,0,0,20
P51700023800,JOSHI ENTERPRISES,0,0,0
P51700023975,PARIJAT CONSTRUCTION,0,0,0
P51700025980,Fortune Infracreators Private Limited,34,6,0
P51700024349,MAULI CONSTRUCTION,0,0,0
P51700023882,VAISHNAVI DEVELOPERS,0,0,0
P51700027824,Bhalchandra  Wadnerkar,0,0,0
P51700024094,SAIRAJ PROJECTS,0,0,0
P51700024330,Morya Sportscity Infraconstruct Private Limited,0,0,0
P51700023956,OM SAI DEVELOPERS,0,1,0
P51700024023,Piramal Estate Private Limited,5,7,0
P51700035033,MADHUSUDAN BUILDCON,0,0,0
P51700024403,VIVEK  BARVE,0,0,12
P51700024095,SHRINATH DEVELOPERS,0,0,0
P51700024331,SANDESH ENTERPRISES,0,0,0
P51700023966,SUN REALTORS,0,0,12
P51700024100,RIDDHI SIDDHI INFRAPROJECTS,0,0,0
P51700024353,M/S. MAHALAXMI SHELTERS,0,0,8
P51700023963,VINAYAK CONSTRUCTION,0,0,0
P51700025897,MAHAVIRDARSHAN,0,0,0
P51700024171,HARE KRISHNA ENTERPRISES,0,0,0
P51700024062,SAIRAJ BUILDERS,0,0,0
P51700024084,SHREE BALAJI DEVELOPERS,0,0,0
P51700024174,YASH INFRA,0,0,0
P51700025537,ABDUL GULAMPEER SHAIKH,0,0,0
P51700024190,SHREE SAMARTH DEVELOPERS,0,0,0
P51700024141,Palava Dwellers Pvt Ltd,0,0,0
P51700024082,PRATIK CONSTRUCTIONS,0,0,0
P51700024195,AKSHAR INFRA,0,0,0
P51700024117,PADMANABH DEVELOPERS,0,0,0
P51700027519,FBKA Developers LLP,0,0,0
P51700024154,Runwal Residency Private Limited,1,0,0
P51700024487,KULSWAMINI BUILDERS AND DEVELOPERS,0,0,0
P51700028805,SHREE SAI ENTERPRISES,0,0,24
P51700024228,SHANKHESHWAR KREATERS,0,0,0
P51700026236,SHREE MANGALMURTI COMBINES,0,0,0
P51700027069,SAI DEVELOPERS,0,0,0
P51700024245,DEIV ENTERPRISES,0,0,0
P51700024291,Aditya Associates,0,0,0
P51700032766,VASUDHA DEVELOPERS,0,0,18
P51700024299,SURESH JETHANAND VALECHA,0,0,0
P51700024306,AMOL PADMAKAR TARMALE,0,0,0
P51700024517,Mangesh Dashrath Gaikar,0,0,0
P51700025307,PREMNARAYAN  SHUKLA,0,0,0
P51700024350,MAHARASHTRA DEVELOPERS,0,8,18
P51700024337,SUNRISE REALTORS,0,0,0
P51700024879,IMPRESSIONS,0,0,0
P51700024978,Akshar Developers,0,0,12
P51700026770,JAGDALE INFRASTRUCTURE PVT. LTD.,0,2,0
P51700024580,Piramal Estate Private Limited,1,3,0
P51700024581,SUMIT ENTERPRISES,0,0,0
P51700024947,SHREE GURUKRUPA DEVELOPERS,0,0,24
P51700024773,PANDHARINATH SITARAM PATIL,0,0,0
P51700024448,SUPARSHVA INCORPORATION,0,0,0
P51700024496,Godrej Macbricks Private Limited,1,0,18
P51700025161,VIRA THEATRES PVT LTD,0,0,0
P51700024621,METRO SHIVSHAKTI DEVELOPERS,0,0,12
P51700024463,SKYBOUND HEIGHTS INDIA PRIVATE LIMITED,0,0,0
P51700024758,YESU ANAND ENTERPRISES,0,0,0
P51700024791,OM SAI DEVELOPERS,1,0,0
P51700024882,SHRIKRISHNA ENTERPRISES,0,0,0
P51700025521,HUB'S INFRASTRUCTURE,0,0,0
P51700024653,SATYASHIV DEVELOPERS,0,0,0
P51700024552,SHREE KRISHNA CONSTRUCTION,0,0,0
P51700024797,Anand Associates,0,5,0
P51700025055,MORESHWAR DEVELOPERS,0,0,0
P51700024717,BABA DEVELOPER,0,0,0
P51700025993,Broadway,0,0,12
P51700024549,RAHUL ENTERPRISES,0,0,0
P51700024611,SHAHNAWAZ FAROOQUE AHMED MOMIN,0,0,0
P51700025125,M/S OM SWAYAMBHU SIDDHIVINAYAK BUILDERS AND DEVELOPERS,0,1,0
P51700030083,NAVADITYA DEVELOPERS,0,0,0
P51700024548,Samir Shrinivas Kale,0,0,0
P51700024748,AMRUT LAXMI DEVELOPERS,0,0,12
P51700024590,YUVRAJ NATHU PAGARE,0,0,0
P51700025622,SHREE SAI ASSOCIATES,0,0,0
P51700025000,Sai Vaishnavi Enterprises,0,0,3
P51700026950,L. K. Realtors,0,0,11
P51700025265,PINNACLE INFRA,0,0,0
P51700025088,A1 BUILDCON,0,0,0
P51700024815,MACROTECH DEVELOPERS LIMITED,0,1,19
P51700025165,ASHAPURA CORPORATION,0,0,0
P51700025010,M/S. JAI SANTOSHI MAA ENTERPRISES,0,0,0
P51700029570,SURESH KESHAVRAO YASHVANTRAO,0,0,10
P51700024709,AMARSINGH NARAYANSINGH THAKUR,0,0,0
P51700024889,JASHNANI CONSTRUCTION PRIVATE LIMITED,0,2,12
P51700024721,SHIVKRUPA ENTERPRISES,0,0,0
P51700024777,MACROTECH DEVELOPERS LIMITED,3,0,0
P51700024884,MANOHAR SAHEBRAO KADAM,0,0,6
P51700025471,Palava Dwellers Private Limited,0,0,0
P51700025474,Palava Dwellers Private Limited,0,0,0
P51700025470,Palava Dwellers Private Limited,0,0,0
P51700025522,Palava Dwellers Private Limited,0,0,0
P51700025535,Palava Dwellers Private Limited,0,1,0
P51700025674,Palava Dwellers Private Limited,0,2,0
P51700025475,Palava Dwellers Private Limited,0,0,0
P51700024701,THANE SQUAREFEET LIFESTYLES LLP,0,0,0
P51700026268,DREAM CORPRATION,0,0,0
P51700026368,DHAIRYA PROPERTIES,0,0,0
P51700026993,SAI LEELA CONSTRUCTION,0,0,0
P51700024784,DEEPLAXMI HEIGHTS,0,0,0
P51700024832,DINANATH KASHINATH THANEKAR,0,0,0
P51700025359,M/S. J. R. Y. ENTERPRISES,0,0,0
P51700024853,J.V. ENTERPRISES,0,0,0
P51700024785,GULABRAO BABURAO KARANJULE PATIL,0,0,0
P51700024808,KOTHARI & DESHMUKH LANDMARK LLP,0,0,0
P51700024828,KOTHARI & DESHMUKH LANDMARK LLP,0,0,0
P51700025525,SHREE SAI DEVELOPERS,0,0,0
P51700025385,SHREE DEVELOPERS,0,0,0
P51700025082,Acme Housing India Private Limited,0,1,19
P51700024942,DEEPLAXMI DEVELOPERS,0,0,0
P51700024873,OM ENTERPRISES,0,0,0
P51700025002,Paradise Lifestyles Private Limited,0,0,0
P51700025006,M/S CRYSTAL HOMES,0,0,0
P51700024923,ADRIKA DEVELOPERS PRIVATE LIMITED,0,2,0
P51700025464,ZEPHYR ASSOCIATES,0,0,0
P51700025661,SHAKTI DEVELOPERS,0,0,11
P51700025122,SHREE HERAMB BUILDERS,0,0,0
P51700025116,RAJ GROUP,0,0,0
P51700025110,SAI NARAYAN DEVELOPERS,0,1,0
P51700024939,SHREE SAISHRADDHA ENTERPRISES,0,0,0
P51700027947,L M REALTY,0,0,0
P51700025738,NYP DEVELOPERS,0,0,0
P51700025651,SQUAREFEET CONSTRUCTION,0,0,0
P51700025074,GOLDEN ENTERPRISES,0,0,0
P51700025816,MOHD SHAKEEL ABDUL RAUF ANSARI,0,0,0
P51700025100,JAY SERVICE AND CONSULTANT,0,0,0
P51700026481,Satnam Sakhi const LLP,0,0,0
P51700025155,SUNRISE DEVELOPERS,0,0,0
P51700025139,M M BUILDERS & DEVELOPERS,0,0,0
P51700025150,DREAM APEX REALTIES,0,0,0
P51700025109,PAWAR GROUP,0,0,0
P51700025175,GK BUILDCON,0,0,0
P51700025487,Pranjee Properties Pvt. Ltd,0,0,0
P51700025102,Paper Flutings,0,0,0
P51700025177,SHUBH ASSOCIATES,0,0,12
P51700025164,Accura Developers LLP,0,0,0
P51700026058,ABHA CONSTRUCTIONS,0,0,0
P51700025153,EKVEERA ENTERPRISES,0,0,0
P51700027627,SHRUSHTI DEVELOPERS,0,0,12
P51700025220,SHREE SIDDHI CONSTRUCTION,0,0,0
P51700025218,SAMARTH SAI BUILDERS & DEVELOPERS,0,0,0
P51700025192,Empire Industries Limited,0,0,0
P51700025202,Empire Industries Limited,0,0,0
P51700025397,Aradhana Lifespace LLP,0,2,6
P51700025311,THALIA AND GAMI ENTERPRISES,0,0,24
P51700025271,PADMADISHA PARADISE,0,0,0
P51700025270,KGI REALTY PRIVATE LIMITED,0,0,0
P51700026530,VHS Developers,0,0,0
P51700025277,RADMIN DEVELOPERS & CONSULTANTS PRIVATE LIMITED,0,0,0
P51700025616,AMEYA DEVELOPERS,0,0,0
P51700025606,PLUTONIUM BUSINESS SOLLUTION PRIVATE LIMITED,0,0,0
P51700027019,M/s Tirupati Developers,0,1,0
P51700025391,SHREENEIL DEVELOPERS,0,0,0
P51700030327,AVIGHNA KARAN,0,0,0
P51700025478,SHREE LAXMI DEVELOPERS,0,0,12
P51700025612,Adwait constructions,0,0,0
P51700028347,RAJESH SITARAM DHUMAL,0,0,0
P51700025495,Palava Dwellers Private Limited,0,1,0
P51700025841,Provident Housing Limited,0,0,0
P51700025504,APR REALTY,0,0,0
P51700025696,Morya Developers,0,0,0
P51700025839,Provident Housing Limited,0,0,0
P51700025840,Provident Housing Limited,0,0,0
P51700025864,Provident Housing Limited,0,0,0
P51700025844,Provident Housing Limited,0,0,0
P51700025854,Provident Housing Limited,0,0,0
P51700025849,Provident Housing Limited,0,0,0
P51700025842,Provident Housing Limited,0,0,0
P51700025683,Tridev Enterprises,0,1,0
P51700025644,Deep Realtors,0,0,0
P51700025768,SAIKRUPA DEVELOPERS,0,0,0
P51700025554,JAYESH PRAMODBHAI THAKKAR,1,1,0
P51700025601,SHREE GANESH BUILDERS AND DEVELOPER,0,0,0
P51700025627,Macrotech Developers Limited,0,1,0
P51700025692,SHREE KRUPA BUILDERS AND DEVELOPERS,0,0,24
P51700025810,M/s. Shrusti Buildcom,0,0,0
P51700026370,BHANUPRATAP BHARAT SINGH,0,0,0
P51700025677,Runwal Residency Private Limited,0,0,0
P51700025673,Adwait constructions,0,0,11
P51700025694,VIRAT BUILDERS AND DEVELOPER THROGH PROP PRASAD SHIVAJI DHUMAL,0,0,0
P51700025704,SUMUKH DEVELOPERS,0,0,0
P51700025732,VIKRANT V RAIKAR HUF - -,0,1,0
P51700025834,DOSTI ENTERPRISES,4,10,0
P51700025863,PARAS DEVELOPERS,0,3,0
P51700025932,MACROTECH DEVELOPERS LIMITED,0,0,0
P51700026454,MACROTECH DEVELOPERS LIMITED,0,2,0
P51700028028,SHREE KRUPA BUILDERS,0,0,0
P51700025896,VIPUL BHIMSHI SATRA,0,0,0
P51700025892,MACROTECH DEVELOPERS LIMITED,0,0,0
P51700026349,Chaturthi Vastu Developers,0,0,0
P51700026008,ASHAPURA COMBINES,0,0,0
P51700025953,SARVODAY REALTORS,0,0,0
P51700026026,GURUDUTT DEVELOPER,0,0,0
P51700026067,MALI INFRA,0,0,0
P51700026561,SUNIL PURUSHOTTAM DESHMUKH,0,0,0
P51700025968,ASHTAVINAYAK CONSTRUCTION BUILDERS AND DEVELOPERS,1,0,0
P51700032157,HORIZON PROJECTS PVT LTD,0,4,0
P51700026609,Mitasha Avish Agrawal,0,0,0
P51700026352,RAI RESIDENCY Private Limited,0,0,0
P51700026075,TIRUPATI ENTERPRISES,0,0,0
P51700026129,PRAKASH DNYANDEO WANKHEDE,0,0,12
P51700026198,Om Sai Shraddha Developers,0,0,0
P51700026174,SUBH CONSTRUCTION,0,0,0
P51700026435,M/S Tanvi Enterprises,0,0,0
P51700027171,HORIZON PROJECTS PVT LTD,0,0,0
P51700026228,Runwal Residency Private Limited,2,0,0
P51700026438,Runwal Residency Private Limited,0,0,0
P51700026340,JP DEVELOPERS,0,0,0
P51700026303,E. R. CONSTRUCTIONS,0,0,0
P51700026563,OM SAI CONSTRUCTION,0,0,0
P51700026262,J B CONSTRUCTIONS,0,0,0
P51700026500,M/S SPARSH INFRA,0,0,0
P51700026608,Kalpataru Homes Private Limited,0,4,0
P51700026644,VISHAL LAXMAN PATIL,0,0,0
P51700026313,Maatr Enterprises,0,0,0
P51700026503,MACROTECH DEVELOPERS LIMITED,0,0,0
P51700026748,SHIVSHAKTI BUILDERS AND DEVELOPERS,0,0,0
P51700026365,SAIRAJ DEVELOPERS,0,0,0
P51700026395,Sai Balaji Enterprises,0,0,0
P51700026599,POOJA BUILDCON,0,0,0
P51700026412,FORNAX REALTY,0,0,0
P51700026674,BALAJI WORLD,0,0,18
P51700026664,JAL DEVELOPERS,0,0,0
P51700026423,S S Lifespaces,0,0,0
P51700026453,SHIVTEJ BUILDCON,0,0,0
P51700026551,GIRIRAJ REALTORS,0,0,0
P51700027158,T Bhimjyani Realty Pvt.Ltd.,0,0,0
P51700026753,OMKAR REALTORS,0,0,0
P51700026485,VIKAS HARAKCHAND JAIN,0,0,0
P51700026516,JOSHI ENTERPRISES,0,0,0
P51700028270,PRAMUKH INFRACON,0,0,0
P51700026824,SAMP FURNITURE PRIVATE LIMITED,0,0,0
P51700026573,SHREE VEDANT ENTERPRISES,0,0,0
P51700026854,Mahima Infra Estates LLP,0,0,0
P51700026578,CROWN BUILDERS AND DEVELOPERS,0,0,0
P51700026689,Pushpalata Dattatray Kanthe,0,0,0
P51700026600,SAI SHRUSHTI ENTERPRISES,0,0,0
P51700026845,SHAILESH JAMNADAS DAWDA,0,2,0
P51700026653,L&T SEAWOODS LIMITED,0,1,0
P51700026738,HOME COSULTANCY,0,0,0
P51700026672,ganesh chandrakant malvankar,0,0,0
P51700026717,S S CONSTRUCTION,0,0,0
P51700027713,HOME CONSULTANCY,0,0,0
P51700026921,Regency Reality Developers LLP,1,1,0
P51700026750,ANANT SQUARE,0,0,0
P51700027225,M/S MATOSHREE DEVELOPERS,0,0,0
P51700027091,SHREE KRISHNA ENTERPRISES,0,0,0
P51700026776,SAI VANDANA BUILDERS AND DEVELOPERS,0,0,0
P51700027029,SAIRATAN DEVELOPERS,0,0,0
P51700026804,OM SHIV ENGINEERING AND CONSTRUCTION OPERATIONS PRIVATE LIMITED,1,0,31
P51700026769,HARI KRISHNA ENTERPRISE,0,0,0
P51700026789,ANSHU PRADEEP GUPTA,0,0,0
P51700026742,GANESH TUKARAM BHANE,0,0,0
P51700027339,ARIHANT VATIKA REALTY PRIVATE LIMITED,0,0,0
P51700026760,REGENCY NIRMAN LTD,0,6,0
P51700027195,Om Sai Associates,0,0,12
P51700026861,TULSI LAND DEVELOPERS,0,0,0
P51700026948,ABDUL GULAMPEER SHAIKH,0,0,0
P51700026868,VASHDEV BACHOMAL KHUSHALANI,0,0,0
P51700027057,SWAMINI INFRA PRIVATE LIMITED,0,0,0
P51700026919,EKDANT CONSTRUCTION,0,0,6
P51700027105,VASANTI KASHINATH CHAUDHARI,0,0,0
P51700026865,Umiya Associates,0,0,0
P51700027450,NEXUS GROUP,0,0,0
P51700026927,Runwal Residency Private Limited,0,0,0
P51700027126,Rushabh Developers,0,0,0
P51700027034,DEVDATTA BUILDERS LLP,0,0,0
P51700026924,SHREE MAHALAXMI BUILDERS AND DEVELOPERS,0,0,0
P51700026925,M/s YOGI DEVELOPERS CORPORATION,0,0,0
P51700027081,RAJARAM CONSTRUCTION,0,0,0
P51700029081,SKYSPACE BUILTEK,0,0,6
P51700027232,Jai Jalaram Enterprises,0,0,0
P51700028344,Runwal Residency Private Limited,1,0,0
P51700027170,EKDANT DEVELOPERS,0,0,12
P51700027546,SHREE SQUAREFEET ENTERPRISES LLP,0,0,0
P51700027065,MAITRI CREATIONS,0,0,0
P51700026977,EKVEERA AAI CONSTRUCTION,0,0,0
P51700026996,SHREE BALAJI DEVELOPERS,0,0,0
P51700027142,A.S.D. ENTERPRISES,0,0,12
P51700027136,SHREE SAI GANESH DEVELOPERS,0,0,0
P51700028899,TRIMURTI CONSTRUCTIONS,0,0,0
P51700027036,Raymond Limited,0,11,0
P51700027115,M/S PUSHPAK DEVELOPERS,1,0,6
P51700027177,M/S. SANVEG BUILDERS,0,0,0
P51700027075,SHRESTHA CONSTRUCTION COMPANY,0,0,0
P51700027293,VARAD BUILDERS,0,0,0
P51700027239,BALAJI INFRA,0,0,18
P51700028076,SIDDHILAXMI SHELTER PRIVATE LIMITED,0,0,0
P51700031471,QUEENSTOWN CONSTRUCTIONS PRIVATE LIMITED,0,0,0
P51700027430,RAM ASSOCIATES,0,0,0
P51700027183,M. R. REALTY,0,0,0
P51700027436,PRAKHHYAT DWELLINGS LLP,1,0,0
P51700027374,STONEWORK DEVELOPERS LLP,0,0,0
P51700027449,MACROTECH DEVELOPERS LIMITED,1,2,0
P51700027223,TITANIUM INFRACON,0,0,0
P51700027176,Jaykali Developers Private Limited,0,0,0
P51700027322,GOKULDHAM BUILDERS & DEVELOPERS,0,0,0
P51700027255,ASRA DEVELOPERS,0,0,0
P51700027975,Prathmesh Developers,0,0,12
P51700027328,SHREE UMA DEVELOPERS,0,0,0
P51700027197,Jaykali Developers Private Limited,0,0,0
P51700027292,SAINATH MOTOR BODY BUILDERS,0,0,0
P51700027251,AMBER BUILDCON,0,0,0
P51700027463,NINA DEVELOPERS,0,0,0
P51700027307,MAHAAVIR BUILDCON LLP,0,0,0
P51700027277,AL ABRAAJ BUILDERS AND DEVELOPERS,0,0,0
P51700027587,GANESH ENTERPRISES,0,1,0
P51700027621,RUTU BUILDERS,0,0,0
P51700027320,NEELE BUILDCON LLP,0,0,0
P51700027311,AVS ENTERPRISES,0,0,0
P51700027799,Laxmi Buildcon LLP,0,0,0
P51700028011,P G BUILDERS & DEVELOPERS,0,0,0
P51700027336,KHUBCHAND GORDHANDAS HINDUJA,0,0,0
P51700027399,AKSHAR ENTERPRISES,0,0,0
P51700027267,Queens Realty,0,0,0
P51700027668,SANJAY VASANT THAKKAR,0,0,0
P51700028142,SINGH CONSTRUCTION,0,0,11
P51700027523,Parijas Infraventures LLP,0,0,0
P51700027345,SAHYADRI GRIH NIRMAN,0,0,0
P51700028466,Rashi Developers,0,0,0
P51700027414,Laukik Homes,0,0,0
P51700027452,MACROTECH DEVELOPERS LIMITED,0,2,0
P51700027462,M/s. Gaurang Properties Pvt Ltd,0,0,0
P51700028645,SANJAY B AGARWAL,0,0,0
P51700027441,Golden Falcon Pacific Ltd,0,0,0
P51700028321,ALPHA COMBINES,0,0,0
P51700027507,Geetai Foundation,0,0,12
P51700027802,SHREE ENTERPRISES,0,0,0
P51700027730,FARHAT FAROOQUE AHMED MOMIN,0,0,0
P51700027495,ADWAIT REALTY,0,0,0
P51700028269,PARAM PROPERTY DEVELOPERS,0,0,0
P51700027861,SWAYAM SHAILESH PARANJAPE,0,2,0
P51700027863,Jash Developers,0,0,0
P51700027591,SUBHASH SKYLINE INFRA,0,0,0
P51700027567,SHREE SAMARTH KRUPA DEVLOPERS,0,0,12
P51700028385,Jay Malhar Construction,0,0,0
P51700027560,U S BUILDERS & DEVELOPERS,0,0,0
P51700027652,GLOBE DEVELOPERS,0,0,0
P51700027683,S.K. HOMES BUILDER & DEVELOPERS,0,0,0
P51700027634,Shree Swami Krupa Developers,0,0,0
P51700027719,DREAM REALTY,0,0,0
P51700029156,Shree Samarth Developers,0,0,0
P51700027694,NEXUS BUILDERS AND DEVELOPERS PVT LTD,0,4,0
P51700027906,IMPRESSIONS,0,0,0
P51700027767,Shruti Enterprises,0,0,0
P51700027822,Shivshkati Builders and Developers,0,0,12
P51700027704,ABHIJEET CONSTRUCTION,0,0,0
P51700027736,R P ENTERPRISES,0,0,0
P51700029084,OMKAR ENTERPRISES,0,0,0
P51700028006,MAHAJAN CHS,0,0,0
P51700027980,M/s. Sai Balaji Buildcon,0,0,0
P51700028081,Geetai Investment,0,0,0
P51700028021,BUILDCON ENGINEERS,0,0,0
P51700029534,ARUN SHANKARRAO BORGAVE,0,0,63
P51700028136,SHREEJI AND INNOVATIVE DEVELOPERS,0,0,0
P51700028102,GYANDEV INFRA,0,0,0
P51700029322,ARIHANT ENTERPRISES,0,0,0
P51700028239,PRAMUKH INFRASTRUCTURES,0,0,0
P51700028044,H R GADNIS AND ASSOCIATES,0,0,27
P51700028002,MANESH VASANT MALUSARE,0,0,0
P51700028301,SHREE DARSHAN ENTERPRISES,0,0,0
P51700028098,Palava Dwellers Private Limited,0,1,0
P51700028176,Pappu Developers & Group,0,0,0
P51700028398,AKVIRA ENTERPRISES,0,0,0
P51700028487,CHINTAMANI RAGHUNATH AWSARE,0,0,0
P51700028193,Chaitanya Enterprises,0,0,6
P51700028137,SHAFIQUR RAHMAN ABDULRAB SHAIKH,0,0,0
P51700028260,Shree Ganadhish Homes,0,0,0
P51700029202,Neelyog Developers,0,0,0
P51700028436,ASHOK SURYANARAYAN SINGH,0,0,12
P51700028285,SHREE KRISHNA DEVELOPERS,0,0,0
P51700028856,EKTA REALTORS,0,0,0
P51700028975,RAI RESIDENCY Private Limited,0,0,0
P51700028309,R PLUS INFRA,0,0,0
P51700029285,M/s OMKAR ASSOCIATES,0,0,0
P51700030036,SHREE VAKRATUNDA DEVELOPERS,0,0,0
P51700028369,SWAMINI INFRA PRIVATE LIMITED,0,0,0
P51700028367,FEN-KIN BUILDPRO LLP,0,0,0
P51700028282,SHREE SHIV CONSTRUCTION,0,0,0
P51700028208,ESHAN DEVELOPERS,0,0,0
P51700028786,Maatr Ventures,0,0,0
P51700028295,SHAHZADALI ABDULWAHEB CHAUDHARY,0,0,0
P51700028329,Buildcon Enterprises,0,0,0
P51700028712,Ram Vasant Rane,0,0,0
P51700028432,Omkar Developers,0,0,12
P51700028779,SURESH GURALDAS THADANI,0,0,0
P51700028296,SHREE MANGALMURTI BUILDERS AND DEVELOPERS,0,0,0
P51700029071,GANRAJ DEVELOPERS,0,0,12
P51700028972,MURLI SHYAMLAL SACHDEV,0,0,0
P51700028694,SURESH GURALDAS THADANI,0,0,0
P51700028336,ANIL GEMU CHAVAN,0,0,0
P51700028339,NEELKANTH DEVELOPERS,0,0,0
P51700028341,OM SAI DEVELOPERS,0,0,0
P51700028556,KRYSTAL BUILDCON,0,0,0
P51700028836,Jitendra Shivaji Patil,0,0,0
P51700028691,MANGAL MAITRI GROUP,0,0,0
P51700031342,SANTOSH BALU VEKHANDE,0,0,0
P51700029573,SHAURYA DEVELOPERS,0,0,0
P51700028516,SKYLINE INFRASTRUCTURE,0,0,0
P51700028668,SANJESH GOPAL PATKAR,0,0,12
P51700029442,SADGURU INFRA,0,0,0
P51700028525,AMI BUILDCON,0,0,0
P51700028927,ADRIKA DEVELOPERS PRIVATE LIMITED,0,0,0
P51700028460,ARC DEVELOPERS,0,0,0
P51700029471,TRIVENI LIFESTYLE DEVELOPERS LLP,0,0,0
P51700028697,MUKUND BUILDERS & CONTRACTORS PVT LTD,0,0,0
P51700028915,ROYAL DEVELOPERS,0,0,0
P51700051088,MOHAN LIFESPACES LLP,0,0,0
P51700028502,AAI ENTERPRISES,0,0,0
P51700028580,AMI SAI CONSTRUCTION,0,0,0
P51700029385,ARIHANT ENTERPRISES,0,0,0
P51700029333,MAYUR GROUP (RD),0,0,0
P51700028530,Mahesh Shamlal Sachdev,0,0,0
P51700029381,ARIHANT ENTERPRISES,0,0,0
P51700029384,ARIHANT ENTERPRISES,0,0,0
P51700029386,ARIHANT ENTERPRISES,0,0,0
P51700028707,S V BUILDERS,0,0,0
P51700028950,ARIHANT AASHIYANA PRIVATE LIMITED,0,0,0
P51700028722,EV HOMES CONSTRUCTIONS PVT LTD,0,0,0
P51700028914,JAYANT ENTERPRISES,0,0,0
P51700028808,Mayra Developers,0,0,0
P51700028607,ADITI BUILDWELL,0,0,0
P51700029282,Bhumi Homes,0,0,0
P51700028842,Yadav Bros Construction,0,0,6
P51700028840,VARAD REALTORS,0,0,0
P51700028547,SADGURU DEVELOPERS,0,0,12
P51700028797,MOHD HASIM ABDUL SATTAR KHAN,0,0,0
P51700028535,Leading Frontier Private Limited,1,8,0
P51700028638,ISHWAR REALITY,0,0,11
P51700028631,RAJLAXMI DEVELOPERS,0,0,0
P51700028903,JILANI  GORE,0,0,0
P51700028831,CHADHA DEVELOPERS AND PROMOTERS,0,0,0
P51700029348,ARIHANT ESTATES,0,0,0
P51700029161,Panvelkar Group Realty,0,0,0
P51700028817,Holy Square Realty,0,2,0
P51700028947,Rupali Developers,0,0,0
P51700028940,JOSHI ENTERPRISES,0,0,0
P51700034205,SUDHIR DAMODAR GHATNEKAR,0,0,0
P51700028855,SARASWATI DEVELOPERS,0,0,0
P51700029155,Runwal Residency Private Limited,0,0,0
P51700029655,RAI RESIDENCY Private Limited,0,0,0
P51700030047,N V CONSTRUCTION,0,1,0
P51700028742,SAI SAMARTH CONSTRUCTION,0,0,0
P51700028873,D A CONSTRUCTION,0,0,0
P51700029045,PROVIDENCE REALTY LLP,0,0,0
P51700029807,K K ENTERPRISES,0,0,0
P51700028880,PINNACLE SPM GROUP,0,0,0
P51700029217,JEEVAN ENTERPRISES,0,0,0
P51700028919,Shelar Developers,0,0,0
P51700029076,Shree Infra Developers,0,0,0
P51700029231,SIDDHIVINAYAK ENTERPRISE,0,0,12
P51700029198,FIVE BROTHERS CORPORATION,0,0,0
P51700029218,RAJ LAXMI DEVELOPERS,0,0,0
P51700028923,ROSHNI ENTERPRISES,0,1,0
P51700029095,P G BUILDERS & DEVELOPERS,0,0,0
P51700029523,ANITA BHARATKUMAR JAIN,0,0,0
P51700029587,M/s. JIGAR ENTERPRISE,0,0,12
P51700029253,TELANGE BUILDERS & DEVELOPERS PRIVATE LIMITED,0,0,6
P51700029049,NANDA ARJUN SHELKE,0,0,0
P51700029262,SUMANGAL VASTU CONSTRUCTIONS,0,0,0
P51700029410,K T HOMES,0,0,0
P51700029145,DATTA BABURAO GHAVAT,0,0,0
P51700029908,FAISAL NISAR AHMED SHAIKH,0,0,0
P51700029059,Leading Frontier Private Limited,0,8,0
P51700029062,Leading Frontier Private Limited,0,8,0
P51700029191,Shaneshwar Builders & Developers,0,0,0
P51700029098,M/S BHOIR BUILDCON,0,0,0
P51700029135,ISHWAR REALITY,0,0,7
P51700029068,BHOOMI ENTERPRISES,0,0,0
P51700029295,SQUARE DEVELOPERS,0,0,12
P51700029567,ISHWAR BUILDCON,0,0,0
P51700029229,KARTIK ENTERPRISES,0,0,0
P51700029221,SHANKHESHWAR KREATERS,0,0,0
P51700029564,OMKAR ENTERPRISES,0,0,12
P51700029153,SUMIT DEVELOPERS,0,0,0
P51700029349,NAKSHATRA DEVELOPER,0,0,0
P51700029339,EMPERIA PROJECTS,0,0,0
P51700029472,JAIHIND BUILDCON,0,0,0
P51700029397,SARVESH ENTERPRISES,0,0,0
P51700029346,PRAVARSHA CO-OPERATIVE SOCIETY LIMITED,0,0,0
P51700029529,MAA AMBICA ENTERPRISES,0,0,0
P51700029763,MANOJ PRABHAKAR PATIL,0,0,0
P51700029551,SUPPER SQUAREFEET INFRAVENTURES LLP,0,0,0
P51700029428,TRIVENI UPLIFE REALTORS LLP,0,0,0
P51700029477,ISHWAR REALITY,0,0,0
P51700029414,SHREE PRABHA CONSTRUCTION,0,0,0
P51700029554,NAKSHATRA BUILDERS,0,0,0
P51700029596,SPACE DEVELOPERS,0,0,0
P51700029512,SHREEJI DEVELOPERS,0,0,0
P51700029507,TRIMURTI ENTERPRISES,0,0,0
P51700029528,Pacific Innovations LLP,0,0,0
P51700029434,ASHAPURA BUILDERS AND DEVELOPERS,0,0,0
P51700029601,VIPSA INFRA,0,0,0
P51700029607,Varad Vinayak Developers,0,0,12
P51700029469,G K BUILDERS,0,0,0
P51700029493,Sai Ganesh Enterprises,0,0,0
P51700029930,REGENCY NIRMAN LTD,0,0,0
P51700030487,MARJAAN DEVELOPERS LLP,0,0,0
P51700029800,Himanshu Builders & Developers,0,0,12
P51700029604,VAIDIK DEVELOPERS,0,0,17
P51700030985,KULKARNII BUILDER,0,0,0
P51700031013,SHUBH BUILDCON,0,0,0
P51700029830,SHRIDHAR DATTATRAY PATIL,0,0,0
P51700030930,VIJAYALAKSHMI DEVELOPERS,0,0,0
P51700030407,JAI SANTOSHI MATA CONSTRUCTION BUILDERS AND DEVELOPERS,0,0,0
P51700029720,TUKARAM JADHAV AGASKAR,0,0,0
P51700030770,Oscar Infrastructure Pvt Ltd,0,0,0
P51700029726,VIKAS HARAKCHAND JAIN,0,0,0
P51700029678,KOHARI INFRACON,0,0,0
P51700029725,JVM SPACES,0,0,0
P51700030099,CHETAN ABHIMANYU PATIL,0,0,0
P51700030834,ALBIN ANTHONY CHEYADEN,0,0,0
P51700029782,VINOD MADHUKAR BHOIR,0,0,0
P51700030331,MANDAR VILAS BHAVE,0,0,0
P51700030493,M/S. GANDHI BUILDERS & DEVELOPERS,0,0,0
P51700030166,GREENCITY INFRA,0,0,0
P51700029799,SHREE CONSTRUCTION,0,0,0
P51700030565,SAHARA RESIDENCY,0,0,0
P51700030070,NARAYAN SUNIL RANE,0,0,0
P51700029817,JALARAM INFRA,0,0,0
P51700029805,MAYUR ENTERPRISES BUILDERS & DEVELOPERS,0,0,0
P51700029780,EMPIRE DEVELOPERS,0,0,0
P51700029823,RAJESH WASUDEORAO BHIWAPURE,0,0,0
P51700029755,Century Textiles & Industries Ltd,0,1,0
P51700029885,Shri ShivSamarth Shopping Plaza Private Limited,0,0,38
P51700030296,SHIVANSH VAISHNAVI CONSTRACTION,0,0,6
P51700030709,AMI ENTERPRISES,0,0,0
P51700029965,M/s Krishna Builders & Developers,0,0,0
P51700030059,RJ ENTERPRISES,0,1,0
P51700030263,GAYASUDDIN RIYAZUDDIN KHAN,0,0,0
P51700030587,MANDAR CONSTRUCTION (MUKUND BALU KENI HUF),0,0,0
P51700029977,PATKAR REALTY,0,0,0
P51700030528,SULBHA ENTERPRISES,0,0,0
P51700029816,Gayatri Builders,0,0,0
P51700030427,Bhoomi Developers,0,0,0
P51700031596,A. K. BUILDERS,0,0,0
P51700030986,Shrusti Realtors,0,0,0
P51700029848,Mangeshi And Deveshwar Developers,0,0,0
P51700029843,DREAM MARUTI REALTORS,0,0,0
P51700029996,SATYAM CONSTRUCTIONS,0,0,0
P51700030100,CITY AND INDUSTRIAL DEVELOPMENT CORPORATION OF MAHARASHTRA LIMITED,0,1,0
P51700029920,MANGESH  THAKUR,0,0,0
P51700029987,VISHNU DEVELOPERS,0,0,0
P51700030383,BUILT CHARMS,0,0,0
P51700030451,MANOVI PRITHVI,0,0,0
P51700030951,TRIVENI LIFESTYLE DEVELOPERS LLP,0,0,0
P51700030468,SWASTIK REALTORS,0,0,0
P51700031749,Swaminarayan Life Space LLP,0,0,0
P51700029883,SHREE CONSTRUCTION,0,0,0
P51700029916,Pravin Kisan Bhoir,0,0,0
P51700030189,JOHNY NANDLAL SACHDEV,0,0,0
P51700030052,Sunita Developers,0,0,0
P51700029932,SHREE SWAMI SAMARTH ENTERPRISES,0,0,0
P51700031722,Shree Krupa Developers,0,0,0
P51700030098,FORE HOLDINGS,0,0,0
P51700030476,SNA Build-Tech,0,0,0
P51700030123,TELANGE BUILDERS & DEVELOPERS PRIVATE LIMITED,0,0,0
P51700030018,VINOD BUILDER,0,0,0
P51700033112,MAHALAXMI DEVELOPERS,0,0,0
P51700030224,Anand Associates,0,5,0
P51700029986,Tycoons Avanti Projects LLP,0,0,0
P51700030165,Shikhar Lifespaces,0,0,0
P51700030619,SUNRISE DEVELOPERS,1,0,0
P51700030076,Shree Ganesh Developers,0,0,0
P51700030228,GAYATRI DEVELOPERS,0,0,0
P51700030210,TROIKA ESTATE PRIVATE LTD,0,0,0
P51700029988,KULKARNI AND ASSOCIATES,0,0,0
P51700031192,Thalia And Gami Enterprises,0,0,0
P51700030031,OMKAR ENTERPRISES,0,0,0
P51700031202,LAXMINARAYAN BUILDERS,0,0,12
P51700030544,SAI BALAJI COMPLEX,0,0,0
P51700031551,KAMLA RAMESHLAL SIDHANI,0,0,11
P51700030230,SERENE INFRATECH CO,0,0,0
P51700030081,NARENDRA KALYANJI PATEL,0,0,0
P51700030588,SUBHAM ENTERPRISES,0,0,0
P51700030172,ANIL HARDASMAL THARWANI,0,2,0
P51700030057,LOTUS CONSTRUCTION,0,0,0
P51700030548,SHRI KRISHNA HOMES,0,0,0
P51700034804,BALAJI DEVELOPERS,0,0,0
P51700030843,Chintamani Developers,0,0,36
P51700030249,FEN-KIN REALTORS & PROJECT PVT LTD,0,0,0
P51700030106,JP CORP DEVELOPERS (INDIA) LLP,0,0,0
P51700030583,M/S NITYANAND REALTORS,0,0,0
P51700030883,Gaondevi Developers,0,0,0
P51700030323,Tisai Construction,0,0,0
P51700031095,NYP DEVELOPERS,0,0,8
P51700030171,JAGDALE INFRASTRUCTURE PVT. LTD.,0,0,0
P51700030595,SNA Build-Tech,0,0,0
P51700030201,GULABRAO BABURAO KARANJULE PATIL,0,0,0
P51700030195,Shree Khidkaleshwar Property Developers Pvt. Ltd.,0,0,0
P51700030973,MADHUSUDAN LEISURE HOMES,0,0,0
P51700031454,D P REALTY,0,0,0
P51700030212,Baburao Gajanan Mhatre,0,0,0
P51700033042,ASHAPURA DEVELOPERS,0,0,0
P51700030537,RISHA BUILDERS & DEVELOPERS LLP,0,0,0
P51700031050,SHRUSTI NX,0,0,0
P51700030575,AL SIRAJ CONSTRUCTION,0,0,0
P51700030393,SHUBH HOMES,0,0,0
P51700030403,SHREE SAI PRATHAMESH DEVELOPERS,0,0,0
P51700030452,AAKRUTI DEVELOPERS,0,0,0
P51700030515,MAHESH SHYAMSUNDAR GOYAL,0,0,0
P51700030340,M/S MITRA REALITY,0,0,0
P51700030788,MAHALAXMI CONSTRUCTION,0,0,0
P51700030509,Raheja Universal (Pvt.) Ltd.,0,0,0
P51700031112,VAISHNAVI BUILDERS AND DEVELOPERS,0,0,0
P51700030485,Mellennium Realty,0,0,0
P51700031142,SHREE JAI MALHAR ENTERPRISES,0,0,0
P51700030787,YADAV BROS CONSTRUCTION,0,0,0
P51700030365,BARADIA REALTY,0,0,0
P51700030491,RAJ GROUP,0,0,0
P51700033029,SAI BUILDER AND DEVELOPERS,0,0,0
P51700031483,APR REALTY,0,0,0
P51700030525,Shree Ekdant Enterprises,0,0,0
P51700030533,Runwal Residency Private Limited,0,0,0
P51700030699,MOHAN HARDASMAL THARWANI,0,1,0
P51700030892,M M DEVELOPERS,0,0,0
P51700030746,VIPSAINFRA,0,0,0
P51700031089,PRAMUKH DEVELOPERS,0,0,0
P51700031006,Gopal Krishna Developers,0,0,0
P51700045512,OM ENTERPRISES,0,0,0
P51700030558,HILTON HEIGHTS LLP.,0,0,0
P51700031031,SUNRISE BUILDERS AND DEVELOPERS,0,0,0
P51700030901,ONYX BUILDCON LLP,0,0,0
P51700030955,SNEH BUILDCON,0,1,0
P51700030519,NASIM NIYAZ KHAN,0,0,0
P51700033554,KAVITA BUILDCON LLP,0,0,0
P51700030660,Magnus Builders,0,0,0
P51700031632,Reliance Enterprises,0,0,0
P51700032082,SHRIVIGHANHARTA REALITY (OPC) PRIVATE LIMITED,0,0,12
P51700030642,SAI SHRADHA DEVELOPERS,0,0,0
P51700031051,RUSHIKESH ENTERPRISES,0,0,23
P51700030580,SUNTECK REALTY HOLDINGS PVT LTD,0,0,0
P51700030774,Pokhriyal And Associates,0,0,0
P51700030607,SUNTECK REALTY HOLDINGS PVT LTD,0,0,0
P51700030578,SUNTECK REALTY HOLDINGS PVT LTD,1,0,0
P51700031172,MOHAN LIFESPACES LLP,0,2,0
P51700031070,CHATURTHI DEVELOPERS,0,0,17
P51700034031,Gaurivinayak Builders and Developers Pvt Ltd,0,0,0
P51700030793,ABHIJEET PRIDE,0,0,0
P51700032102,Shree Khodiyar Builders and Developers,0,0,0
P51700030859,ANANDWAN CONSTRUCTION,0,0,0
P51700031715,OMKAR PROPERTIES,0,0,0
P51800030942,VINAYAK CONSTRUCTIONS,0,0,0
P51700030946,RAI RESIDENCY Private Limited,0,0,0
P51700032565,VINAYAK ENTERPRISES,0,0,0
P51700030832,SAI SHRADDHA ASSOCIATES,0,0,0
P51700030819,SUNTECK REALTY HOLDINGS PVT LTD,0,0,0
P51700031207,Sai Constructions,0,0,0
P51700030780,VINEET DATTATRAY THANEKAR,0,0,0
P51700030893,JD Builders and Developers,0,0,0
P51700033989,Gaurivinayak Builders and Developers Pvt Ltd,0,0,0
P51700031005,ATREE REALTORS,0,0,0
P51700031235,JAI MALHAR BUILDERS AND DEVELOPERS,0,0,0
P51700030925,LAXMI CONSTRUCTION CO,0,0,0
P51700031101,GEETAi INFRASTRUCTURE,0,0,0
P51700030757,Mahashar Mata Builders & Developers,0,0,0
P51700031265,KHUSHI AXIS INFRATECH LLP,0,0,0
P51700030888,KGI REALTY PRIVATE LIMITED,0,0,0
P51700030963,KGI REALTY PRIVATE LIMITED,0,0,0
P51700030982,UNIVERSAL INFRA,0,0,0
P51700030926,TULSIDAL BUILDERS AND DEVELOPERS,0,0,0
P51700031419,AMAR REALTY,0,0,0
P51700035165,M/S. Green Realtors,0,0,0
P51700031214,Shreeram Builders,0,0,0
P51700035084,K K NIRMAN & INFRASTRUCTURE LLP,0,0,0
P51700030809,NICE BUILDERS,0,0,0
P51700030999,RKR REALITY,0,0,0
P51700031251,REGENCY NIRMAN LTD,0,0,3
P51700032859,PROVIDENCE REALTY LLP,0,0,0
P51700030861,MAASH CONSTRUCTION,0,0,0
P51700031110,Kalyani Enterprises,0,0,0
P51700030923,SHARDA VASTU NIRMITEE PVT. LTD.,0,0,0
P51700030874,AL AMEEN BUILDERS AND DEVELOPERS,0,0,0
P51700031021,AL BARI'S CONSTRUCTION,0,0,0
P51700030906,ANTALICA TOWERS,0,0,0
P51700031104,SHAKTI REALTY,0,0,0
P51700031489,Jay Ganesh Developers,0,0,0
P51700031048,VAIBHAV DEVELOPERS,0,0,0
P51700031260,RATTANRAJ LIFESPACES,0,0,0
P51700031378,Magnum Homes,0,0,0
P51700030931,VISHNU JETHANAND BADLANI,0,0,0
P51700031568,SAMARTH SAI BUILDERS & DEVELOPERS,0,0,0
P51700031898,DIVINE BUILDERS,0,0,0
P51700031081,VIDISHA CONSTRUCTIONS,0,0,12
P51700031486,VIDHAATA DEVELOPERS,0,0,12
P51700031253,DALAL BUILDSCAPE,0,0,0
P51700031084,MOHAN HARDASMAL THARWANI,0,0,0
P51700031047,JAY SERVICE AND CONSULTANT,0,0,0
P51700031286,VENUS NIRVANA LLP,0,0,0
P51700031076,CHAITANYA DEVELOPERS,0,0,0
P51700031306,S R REALTORS,0,0,0
P51700031433,BHUMIK ENTERPRISES,0,0,0
P51700031510,Nayantara Developers,0,0,0
P51700032706,KOHINOOR BUILDCON,0,0,0
P51700031072,PAWAN REAL ESTATE,0,0,0
P51700031250,KRUSHAN DHAM BUILDERS & DEVELOPERS,0,0,0
P51700031663,BECHAR RAGHAVJI PATEL,0,1,0
P51700031628,M/s. Goodwill Dwellings LLP,0,0,0
P51700031395,RAJNB HOUSING LLP,0,0,9
P51700031312,DIVIT VENTURES,0,0,0
P51700031502,GOPAL KRISHNA DEVELOPERS,0,0,0
P51700031318,ABHIJEET PRIDE,0,0,0
P51700031599,BHAWANI SHANKAR BUILDERS & DEVELOPERS,0,0,0
P51700032349,SHREE SAI HOMES,0,0,0
P51700031345,Shreekrupa Construction,0,0,0
P51700031494,K D Construction Co,0,0,0
P51700031540,AKSHAR GROUP,0,0,0
P51700032193,alka prakash mhatre,0,0,0
P51700032492,M/S. AMBER COMBINES,0,2,0
P51700031319,Runwal Residency Private Limited,1,0,0
P51700031409,IRA HOMES,0,0,0
P51700031434,SKYLINE ENTERPRISES,0,0,0
P51700031807,NND Ambernath LLP,0,1,0
P51700031798,NND Ambernath LLP,0,1,0
P51700031797,NND Ambernath LLP,0,1,0
P51700034661,LAL GEBI INFRA PRIVATE LIMITED,0,0,0
P51700031394,RAJ BUILDCON & INFRASTRUCTURE,0,0,0
P51700034030,M/S SHRI SWASTIK CONSTRUCTION,0,0,0
P51700031453,DEEPLAXMI DEVELOPERS,0,0,0
P51700031374,S.K.Khambalkar Builders & Developers,0,0,0
P51700031545,IMPRESSIONS NXT,0,0,0
P51700031505,RADHE GOVIND DEVELOPERS,0,0,0
P51700031793,OMKAR DEVELOPERS,0,0,0
P51700032812,MISTRY CONSTRUCTION CO. PVT. LTD.,0,0,0
P51700031570,Empire Residency,0,0,0
P51700031641,PRABHAT DEVELOPERS,0,0,0
P51700033916,Aditya Associates,0,0,0
P51700031588,ARYAN CONSTRUCTION,0,0,0
P51700031601,Ashish Waman Gole,0,0,0
P51700031529,SHUBH REALITY,0,0,0
P51700031822,Rahul Vijay Panvelkar,0,0,0
P51700032181,JOHNSON JESUDAS NADAR,0,0,0
P51700031650,THAKUR DEVELOPERS,0,0,0
P51700033770,VINIT SUBHASH MUKADAM,0,0,0
P51700031726,Suncity Infrastructures (Mumbai) LLP,0,0,0
P51700031649,ADIMAYA ENTERPRISE,0,0,14
P51700031966,NOORI BUILDERS AND DEVELOPERS,0,0,0
P51700032367,PROVIDENCE REALTY LLP,0,0,0
P51700032095,Kalpataru Homes Private Limited,0,4,0
P51700031992,M/S SAI BALAJI BUILDCON,0,0,0
P51700031870,Ramniklal Hiralal Tanna,0,0,0
P51700031812,OM SHREE SAI BUILDERS AND DEVELOPERS,0,0,0
P51700033913,BHAKTI REALTORS,0,0,0
P51700031609,Runwal Residency Private Limited,0,0,0
P51700034351,Mangesh Dashrath Gaikar,0,0,0
P51700031762,Raymond Limited,0,4,0
P51700031861,Techcons Constructional Engineering Co,0,0,0
P51700031785,JOHAR HASAN ZOJWALLA,0,0,0
P51700032718,SPLENDOR SHELTERS PVT LTD,0,0,0
P51700034332,Mangesh Dashrath Gaikar,0,0,0
P51700034444,Mangesh Dashrath Gaikar,0,0,0
P51700034115,Mangesh Dashrath Gaikar,0,0,0
P51700032625,Marathe Enterprises,0,0,0
P51700031923,Shree Sandhya Builders And Developers,0,0,0
P51700032262,Kapstone Constructions Private Limited,0,2,0
P51700046165,Pravin Kashinath Haware,0,0,0
P51700032615,RANAS ENTERPRISES,0,0,0
P51700032359,Concorde Builders,0,0,0
P51700032070,D K BUILDCON,0,0,0
P51700032498,SHREE JANAI DEVELOPERS,0,0,0
P51700032986,RANAS ENTERPRISES,0,0,0
P51700032675,Sunset Spaces Pvt. Ltd.,0,0,0
P51700032231,SPLENDOR SHELTERS PVT LTD,0,0,0
P51700032585,SHIVANJALI CONSTRUCTION,0,0,12
P51700032714,RAJLAXMI SAMARTH DEVELOPERS,0,0,0
P51700032144,SILVER DEVELOPERS,0,0,0
P51700032473,SITEMAN HOME,0,0,12
P51700032556,ANNAPURNA ENTERPRISES,0,0,0
P51700032338,ITTEHAD BUILDCON,0,0,0
P51700032547,PRAMUKH DEVELOPERS,0,0,0
P51700032437,DESIRE REALTY,0,0,0
P51700032044,AUDUMBER SUPERSTRUCTURES,0,0,0
P51700032139,Mayuresh Ashok Dalal,0,0,0
P51700031879,Panvelkar Infrastructures Private Limited,0,0,0
P51700032786,M/S. INFINI DEVELOPERS,0,0,0
P51700034857,MORAJ BUILDCON,0,0,0
P51700032234,M/s. MERAKII INFRACON,0,0,0
P51700032669,VINOD KISAN MHATRE,0,0,0
P51700032055,Mahesh Shriram Borkar,0,0,0
P51700032026,Yavhi Infratech Private Limited,0,0,0
P51700031951,SHIRDI SAI SHELTORS LLP,0,0,11
P51700032241,RUDRA SHLOK REALITY,0,0,0
P51700032110,Ajeet Shankarlal Bhatia Prop Kohinoor Construction Co,0,0,0
P51700032990,MACROTECH DEVELOPERS LIMITED,0,0,0
P51700032683,MACROTECH DEVELOPERS LIMITED,0,0,0
P51700032684,MACROTECH DEVELOPERS LIMITED,0,0,0
P51700032927,Dayal Realtors,0,0,0
P51700032599,ADITYA BUILDCON,0,0,0
P51700032283,JHALAK CONSTRUCTIONS,0,0,0
P51700032330,ORIENT DEVELOPER,0,0,0
P51700032377,SAIRAJ CONSTRUCTION,0,0,0
P51700032174,Shree Balaji Developers,0,0,0
P51700032759,REGENCY NIRMAN LTD,0,3,0
P51700032252,PRADEEP RAGHUNATH PATIL,0,0,0
P51700032731,PRAMUKH DEVELOPERS,0,0,0
P51700033118,Sai Durga Developers,0,0,0
P51700034230,BALAJI CONSTRUCTION,0,0,0
P51700032792,Tanisha Enterprises,0,0,0
P51700032246,BALAJI HOMES,0,0,0
P51700045256,MIDTOWN SHELTORS LLP,0,0,0
P51700032267,SAI BALAJI ENTERPRISES,0,0,0
P51700032180,Anand Associates,0,3,0
P51700032478,SAHARA ELITE,0,0,12
P51700032205,Kapstone Constructions Private Limited,0,2,0
P51700032175,Sarvodaya Amrut LLP,0,0,0
P51700032918,Sai Siddhi Developers,0,0,0
P51700032369,GREEN HEIGHTS INFRA,0,0,0
P51700032638,SURAJ ENTERPRISES,0,0,0
P51700032386,ISHWAR REALITY,0,0,12
P51700032708,SAMRUDDHI ENTERPRISES,0,0,0
P51700032131,SILVERLINE BUILDHEIGHT LLP,0,0,0
P51700032636,M S BUILDCON & ASSOCIATES,0,0,0
P51700045540,SHREEJI ENTERPRISE,0,0,0
P51700032271,HERAMB DEVELOPERS,0,0,0
P51700033004,DEEPAK MADHUKAR BUNDE,0,0,0
P51700032795,THANEKAR REALTOR LLP,0,0,0
P51700032730,VIRANI CONSTRUCTION COMPANY,0,0,0
P51700032902,Panvelkar Infrastructures Private Limited,0,0,0
P51700034178,GIRIRAJ REALTORS,0,0,0
P51700032780,Ornate Buildcon Developers,0,0,0
P51700032666,DOSTI ENTERPRISES,0,1,0
P51700032501,Laaman Developers,0,0,0
P51700032811,RAJ GROUP,0,0,0
P51700045328,M/S ROHAN CONSTRUCTION,0,0,0
P51700033485,P V K CONSTRUCTION,0,0,0
P51700033139,VINAYAK ASSOCIATES,0,0,0
P51700033248,HARESH GIRDHARILAL GULRAJANI,0,0,0
P51700033657,HARESH GIRDHARILAL GULRAJANI,0,0,0
P51700032656,PARIVARTAN DEVELOPERS,0,0,0
P51700032995,SAIJI DEVELOPERS,0,0,0
P51700032919,RAJ RATNESHWARI DEVELOPERS,0,0,0
P51700033354,OM BHAGWATI BUILDERS AND DEVELOPERS,0,0,11
P51700032938,Nestscout Buildcon Private Limited,0,0,0
P51700033114,SHREE EKDANT DEVELOPERS,0,0,0
P51700032751,SUMIT PURUSHOTTAM PATIL,0,0,0
P51700032392,VISHNU BUILDWELL,0,0,0
P51700032519,NEELPADMA DEVELOPERS,0,0,0
P51700032925,Mahindra Lifespace Developers limited,0,4,0
P51700032544,DHANASHREE DEVELOPERS,0,0,0
P51700032676,NIWARA GROUP,0,0,0
P51700032844,VINAYAK CONSTRUCTION,0,0,0
P51700034298,RAIS  QURESHI,0,0,0
P51700032989,M S CONSTRUCTION,0,0,0
P51700032548,Shree Khidkaleshwar Property Developers Pvt. Ltd.,0,0,0
P51700035020,RAIS  QURESHI,0,0,0
P51700033038,THARWANI PROPERTIES,0,1,6
P51700032846,THARWANI PROPERTIES,0,1,6
P51700033028,THARWANI PROPERTIES,0,1,0
P51700032813,Ajay Sanjay Mohorikar,0,0,0
P51700032928,RADHE KRISHNA DEVELOPERS,0,0,0
P51700033419,SAI SATYAM GROUP,0,0,0
P51700032988,ADITYA REALTORS,0,0,0
P51700034654,Charms Developers,0,0,0
P51700032665,Ms ASHAR VENTURES,0,0,0
P51700033104,AMEYA DEVELOPERS,0,0,0
P51700051332,VARDHAMAN VENTURE,0,0,0
P51700033106,JAY SADGURU BIROBA MAHARAJ DEVELOPERS,0,0,0
P51700032899,LFKA BUILDERS AND DEVELOPERS,0,0,0
P51700033625,SQUAREFEET INFRASTRUCTURE LLP,0,1,0
P51700032690,Shree Angarak Enterprises Builders and Developers,0,0,12
P51700033336,RAJESH MAVJI CHHEDA,0,0,0
P51700033171,MAULI ENTERPRISES,0,0,0
P51700033059,SAIRAJ DEVELOPERS,0,0,0
P51700033932,SHARAD NAMDEO GAIKWAD,0,0,0
P51700033332,MANOJ  JAGWANI,0,0,0
P51700049466,HENDAR LAXMAN MHATRE,0,0,0
P51700032552,GODREJ PROPERTIES LIMITED,0,0,0
P51700032881,VIDYADHAR ACHYUT VAISHAMPAYAN,0,0,0
P51700033746,Maatr Infra,0,0,0
P51700033537,P G BUILDERS AND DEVELOPERS,0,0,0
P51700033840,SHAH ENTERPRISES,0,0,0
P51700034876,MILDSTONE ENTERPRISES LLP,0,0,0
P51700033001,VARDHAMAN DEVELOPERS,0,0,0
P51700032822,KGI UNIVERSAL LLP,0,0,0
P51700033032,M.K.DEVELOPERS,0,1,0
P51700046611,Rekha Mohanlal Nensi Tanna Bhimjyani,0,0,0
P51700033064,M/S. RAJ HOMES & INFRACON,0,0,0
P51700032998,VISHWAJEET MEADOWS,0,0,0
P51700032965,LFKA BUILDERS AND DEVELOPERS,0,0,0
P51700032863,REGENCY NIRMAN LTD,0,6,0
P51700033477,REGENCY NIRMAN LTD,0,0,0
P51700033313,SARWANGKRIPA DEVELOPERS LLP,0,0,0
P51700033506,REGENCY NIRMAN LTD,0,0,0
P51700032831,PADMANABH DEVELOPERS,0,0,0
P51700033751,MACROTECH DEVELOPERS LIMITED,1,0,0
P51700053222,Concorde Realty,0,1,0
P51700032869,APR REALTY,0,0,0
P51700034225,MANAS ENTERPRISES,0,0,0
P51700033377,KELKAR LELE AND ASSOCIATES,0,0,12
P51700045840,MATOSHREE SHELTERS (INDIA) PRIVATE LIMITED,0,0,0
P51700034028,SRUSHTI ENTERPRISES AND ROHINI ENTERPRISES,0,0,0
P51700034019,SHASHANK C MISHRA HUF,0,0,0
P51700034676,PUSHPLATA SUBHASH GHULE,0,0,0
P51700033206,Runwal Residency Private Limited,1,0,0
P51700034029,M/s Rajai Enterprises,0,0,0
P51700033561,OJASS CONSTRUCTIONS,0,0,0
P51700048897,Dipak Bistu Kar,0,0,0
P51700034878,VIKRANT VIKAS RAIKAR,0,0,0
P51700033286,Leading Frontier Private Limited,0,8,0
P51700033505,SATYA DEVELOPERS,0,0,0
P51700033015,Pravin Arvind Apte,0,0,0
P51700033690,MISTRY CONSTRUCTION CO. PVT. LTD.,0,0,0
P51700033678,MISTRY CONSTRUCTION CO. PVT. LTD.,0,0,0
P51700033243,Jaykali Developers Private Limited,0,0,0
P51700033810,AZKA BUILDERS AND DEVELOPERS,0,0,0
P51700050313,ICON CONSTRUCTION BUILDERS & DEVELOPERS,0,0,0
P51700034064,SHREE MANGALMURTI ENTERPRISES,0,0,0
P51700033499,SHREE MAHALAXMI DEVELOPERS,0,0,0
P51700033819,MOHAMMAD SHAFIQUE MOHAMMAD RAFIQUE MOMIN,0,0,0
P51700033584,PRIME PROPERTIES,0,0,0
P51700034254,ASHISH ARVIND KAPOTE,0,0,0
P51700033947,BORGAONKAR REALTY,0,0,0
P51700033290,Globe Solitaire LLP,0,0,0
P51700034047,SAI PRASAD BUILDERS AND DEVELOPERS,0,0,0
P51700033348,ESHAN DEVELOPERS,0,0,12
P51700033355,Manas Associates,0,0,0
P51700034683,KGI REALTY PRIVATE LIMITED,0,0,0
P51700045202,M/s Balaji group of companies,0,0,12
P51700033262,M/S DREAM HOMES DEVELOPERS,0,0,0
P51700033487,SHREE VEDANT KRUPA,0,0,0
P51700033512,KANHA DEVELOPERS,0,0,0
P51700034220,Shree Samruddhi Corporation,0,0,0
P51700045208,SIMCO DEVELOPER,0,0,0
P51700033995,S. S. DEVELOPERS,0,0,0
P51700033967,SAGAR DEVELOPERS,0,0,0
P51700033627,Ornate Buildcon Developers,0,0,12
P51700034843,MUKESH VITHAL GITE,0,0,0
P51700033779,N D ENTERPRISES,0,0,0
P51700033985,SHREEKANTH DEVELOPERS,0,0,0
P51700033877,AKASH DEVELOPERS,0,0,0
P51700033799,Runwal Construction Private Limited,2,0,0
P51700033685,SAMARTH ENERPRISES,0,0,0
P51700035005,TRIMURTI ENTERPRISES,0,0,0
P51700033432,AUDUMBAR ENTERPRISES,0,0,0
P51700033960,MACROTECH DEVELOPERS LIMITED,0,0,0
P51700033684,SHANTI CONSTRUCTION,0,0,0
P51700033833,QAVI CONSTRUCTION PVT. LTD.,0,0,0
P51700033628,STAR GROUP,0,0,0
P51700034459,SADGURU ASSOCIATE,0,0,0
P51700034703,SADGURU ASSOCIATE,0,0,0
P51700033427,SAI SHRUSHTI ENTERPRISES,0,0,0
P51700034566,PINNACLE CORPORATION,0,0,0
P51700034155,PINNACLE CORPORATION,0,0,0
P51700033714,Mokashi Jadhav & Associates,0,0,0
P51700034376,MURA REALTY LLP,0,0,0
P51700033633,SHREE VAKRATUNDA BUILDERS & DEVELOPERS,0,0,0
P51700033816,AZKA BUILDERS AND DEVELOPERS,0,0,0
P51700034179,LUXUR AND LAVISH HOMES,0,0,0
P51700034353,SKYVIEW BUILDERS & DEVELOPERS,0,0,0
P51700033708,SPG BUILDERS AND DEVELOPERS,0,0,0
P51700033782,Vaishali-Govind Developers LLP,0,0,0
P51700034562,ADISHWAR ENTERPRISES,0,0,0
P51700033859,M/s. Shivshakti Engineers,0,0,0
P51700034717,SAI DHAN PROPERTIES & INVESTMENTS,0,0,0
P51700033974,Fortune Infracreators Private Limited,0,0,0
P51700033619,RIYASAT ALI NIZAMUDDIN SHAIKH,0,0,0
P51700033640,DOSTI ENTERPRISES,0,12,0
P51700033663,DOSTI ENTERPRISES,0,12,0
P51700033668,PADMAVATI BUILDERS,0,0,0
P51700033683,MAHALAXMI INFRASTRUCTURE,0,0,0
P51700033686,GREEN VIEW DEVELOPERS,0,0,0
P51700033626,SHREE BALAJI DEVELOPERS,0,0,0
P51700033623,ZAHID IQBAL KOHARI,0,0,0
P51700033734,M/S. JIGAR ENTERPRISE,0,0,0
P51700034862,MACROTECH DEVELOPERS LIMITED,0,0,0
P51700034233,NEHA CONSTRUCTION,0,0,0
P51700033762,RAUNAK CORPORATION,0,0,0
P51700033964,MACROTECH DEVELOPERS LIMITED,0,0,0
P51700033757,RAUNAK CORPORATION,0,0,0
P51700033972,RAUNAK CORPORATION,0,0,0
P51700033750,MACROTECH DEVELOPERS LIMITED,0,0,0
P51700033965,MACROTECH DEVELOPERS LIMITED,0,0,0
P51700034602,Shiv Sai Constructions,0,0,0
P51700034384,SM LIFE SPACE PRIVATE LIMITED,0,0,0
P51700033988,HONEST DEVELOPERS,0,0,0
P51700033926,Dashmesh Infrastructure,0,0,0
P51700033615,SPG BUILDERS AND DEVELOPERS,0,0,0
P51700034079,VIGHNAHARTA CREATIONS,0,0,0
P51700034706,M/S KRISHNA DEVELOPERS,0,0,0
P51700045253,DHANASHREE DEVELOPERS,0,0,0
P51700045660,Sukham Corporation Proprietor Sunrise Lifespaces LLP,0,0,0
P51700034036,VAIBHAV SHASHIKANT KADAM,0,0,0
P51700034218,SAI SHRADDHA CONSTRUCTIONS,0,1,0
P51700033866,ADITYA BUILDCON,0,0,0
P51700034066,Shree Sai Swami Enterprises,0,0,15
P51700034835,Nagraj  Mutha,0,1,0
P51700033958,MACROTECH DEVELOPERS LIMITED,0,0,0
P51700034711,VISHNU DEVELOPERS,0,0,0
P51700033971,EXPERT HOME CONSTRUCTION LLP,0,0,0
P51700034529,Universal Builders,0,0,0
P51700034042,Ranjan Realty Housing LLP,0,0,0
P51700033781,A S D ENTERPRISES,0,0,0
P51700033949,RAJU SHANTARAM MANDAVKAR,0,0,0
P51700034134,M/S IJB Realty,0,0,0
P51700033928,VARSHA SANJAY MUSALE,0,0,11
P51700045210,RAUNAK CORPORATION,0,0,0
P51700034295,SWAMINI INFRA PVT LTD,0,0,0
P51700034009,M/s Jeevan Enterprises,0,0,0
P51700034231,SEASONS SAI DEVELOPERS,0,0,0
P51700033924,SAI PEARL ENTERPRISES,0,0,0
P51700045522,ADITYA YASH BUILDERS,0,0,0
P51700034243,HARMAIN ENTERPRISES,0,0,0
P51700034385,VIGHNAHARTA DEVELOPERS,0,0,0
P51700034741,ASHAPURA ENTERPRISES,0,0,0
P51700034000,JAY GANESH DEVELOPERS,0,0,0
P51700034259,MAHALAXMI CONSTRUCTION,0,0,0
P51700034381,SHREE GANESHAY DEVELOPERS,0,0,0
P51700034369,AMRUT LAXMI DEVELOPERS,0,0,0
P51700034204,RUSTAGI ESTATES PRIVATE LIMITED,0,0,0
P51700034078,RUSTAGI ESTATES PRIVATE LIMITED,0,0,0
P51700033998,RUSTAGI ESTATES PRIVATE LIMITED,0,0,0
P51700034023,Poonam Rajesh Maygade,0,0,0
P51700045458,SHREE BALAJI CONSTRUCTION,0,0,0
P51700034679,VPM JAIRAJ DEVELOPERS,0,0,0
P51700034586,EVERGREEN DEVELOPERS,0,0,0
P51700034223,Shree Sai Developers,0,0,0
P51700034395,BHUSHAN NANDKISHOR PATKAR,0,0,0
P51700034488,BHUSHAN NANDKISHOR PATKAR,0,0,0
P51700034735,SHREENATH DEVELOPERS,0,0,0
P51700034485,VIJAY LALSINGH THAKUR,0,0,0
P51700035036,SHREE PRABHUCHARAN CO-OP HOUSING SOCIETY,0,0,0
P51700034248,SANDEEP DAJI LAKADE,0,0,0
P51700034532,LA HOMES,0,0,0
P51700034190,Raymond Limited,0,10,0
P51700045461,GRRS NIRMAN PRIVATE LIMITED,0,0,0
P51700034411,RIDDHI SIDDHI ENTERPRISES,0,1,0
P51700034887,Vardhaman Property Developers,0,0,12
P51700034763,SHAKTI REALTY,0,0,0
P51700034947,Meera Developers,0,0,0
P51700034922,SHREE SAI BUILDERS AND DEVELOPERS,0,0,0
P51700034533,V J CONSULTANTS,0,0,0
P51700035044,Aastha Realtors,0,0,0
P51700034700,YOGI DEVELOPERS,0,1,0
P51700047044,M/S. SHUBHAM DEVELOPERS,0,0,0
P51700034211,Ms ASHAR VENTURES,0,0,0
P51700034841,OMKAR BUILDERS & DEVELOPERS,0,0,0
P51700034861,MACROTECH DEVELOPERS LIMITED,0,0,0
P51700046094,MACROTECH DEVELOPERS LIMITED,0,0,0
P51700049115,SHIVA AMRUT ENTERPERISES,0,0,0
P51700034467,M/s. Sai Shiva Infra Developers,0,0,0
P51700035070,GLACIER DWELLINGS LLP,0,0,0
P51700034455,UNIQUE ENTERPRISES,0,0,0
P51700034764,KULIN ENTERPRISES,0,0,0
P51700034612,Shrusti Consultants And Contractors,0,0,0
P51700034413,TRICITY REALTY LLP,0,0,0
P51700048780,MAHADEV HOMEMAKER,0,0,0
P51700034568,BSR Homes,0,0,0
P51700034666,AAI ENTERPRISES,0,0,0
P51700048058,Veena Surendra Murpani,0,0,0
P51700035172,TELANGE BUILDERS & DEVELOPERS PRIVATE LIMITED,0,0,0
P51700034475,Sagar Homes,0,0,0
P51700034368,S G CONSTRUCTION,0,0,0
P51700034347,SACHIN DATTATRYA GORLE,0,0,0
P51700034374,AMBER DEVELOPERS,0,0,0
P51700034938,OM SAI DEVELOPERS,0,0,0
P51700034394,SWAMIMAULI INFRAWORLD,0,0,0
P51700034509,GULABRAO BABURAO KARANJULE PATIL,0,0,0
P51700034565,Ms ASHAR VENTURES,1,0,0
P51700034584,SARVASHIVA ENTERPRISES,0,0,0
P51700034721,Ms ASHAR VENTURES,0,0,0
P51700034837,MACROTECH DEVELOPERS LIMITED,0,0,0
P51700034768,M/s. MORYA GROUP,0,0,0
P51700045803,SAI BABA CONSTRUCTIONS,0,0,0
P51700035145,Jash Developers,0,0,0
P51700034925,IQBAL ABDUL RAUF PUNJABI,0,0,0
P51700034984,Nitant Narendra Desai,0,0,0
P51700045235,Neelpadma Associates,0,0,0
P51700034541,RAJENDRA ENTERPRISE,0,0,0
P51700034542,Neelpadma Associates,0,0,0
P51700034655,BHARATKUMAR AMICHAND JAIN,0,0,0
P51700034808,SHREE SAISHRADDHA ENTERPRISES,0,0,0
P51700034605,Aditya Associates,0,0,6
P51700034478,SAIKRIPA CONSTRUCTION,0,0,0
P51700034963,MM Landmark Realty LLP,0,0,0
P51700047732,SATISH KASHINATH GUJARATHI,0,0,0
P51700034789,SAIJYOTBUILDERS&DEVELOPERS,0,0,0
P51700035116,Morya Sportscity Infraconstruct Private Limited,0,0,0
P51700046249,CHARMS GLOBAL,0,0,0
P51700035140,Universal Infracon,0,0,0
P51700034844,OVAIS MUDABBIR BARDI,0,0,0
P51700034985,CHALAMA INFRAPROPERTIES PRIVATE LIMITED,0,1,0
P51700045240,RAJESH GANPATI JADHAV,0,0,0
P51700045436,Charms Developers,0,0,0
P51700045389,Charms Developers,0,0,0
P51700045775,KANCHAN BUILDERS & DEVELOPERS,0,0,0
P51700034954,ARFA CONSTRUCTION,0,0,0
P51700034631,RAJU SHANTARAM MANDAVKAR,0,0,0
P51700045504,Vinayak Developers,0,0,0
P51700034891,JASHNANI CONSTRUCTION PRIVATE LIMITED,0,0,0
P51700045643,RAJU SHANTARAM MANDAVKAR,0,0,0
P51700035051,MACROTECH DEVELOPERS LIMITED,0,0,0
P51700035016,VAISHNAVI BUILDERS & DEVELOPERS,0,0,0
P51700045788,PADMAGRIHA HEIGHTS,0,0,0
P51700034770,MACROTECH DEVELOPERS LIMITED,0,0,0
P51700046146,PRITHVEE DEVELOPERS,0,0,0
P51700048405,Darshana  Samel,0,0,0
P51700034830,Aditya Associates,0,0,0
P51700045255,TELANGE BUILDERS & DEVELOPERS PRIVATE LIMITED,0,0,0
P51700045213,ROYAL INFRA,0,0,0
P51700045393,SAI PRAKASH BUILDERS AND DEVELOPERS,0,0,0
P51700034608,Godrej Properties Limited,1,0,0
P51700035100,GREENSCAPE IT PARK LLP,0,0,0
P51700045792,ATHARV REALTY,0,0,0
P51700046185,PARISPARSH,0,0,0
P51700035133,DURA VIDA ASSOCIATES,0,0,0
P51700034881,ELITE REALTY,0,0,0
P51700045497,JD AASOCIATIONS,0,0,0
P51700034893,ELITE REALTY,0,0,0
P51700045444,MAGUS INFRATECH PRIVATE LIMITED,0,0,0
P51700045438,GLOBAL INFRATECH,0,0,0
P51700045736,bansal steel corporation,0,0,0
P51700045247,THALIA AND GAMI ENTERPRISES,0,0,0
P51700045495,ARUN BALU PATIL,0,0,0
P51700035176,ROUNAK SHYAM PANJWANI,0,0,0
P51700045289,NAVKAR ENTERPRISES,0,0,0
P51700035151,ANMOL DEVELOPERS,0,0,0
P51700034749,SAI SADAN BUILDERS AND DEVELOPERS,0,0,0
P51700035130,SHREENATHJI ORGANISERS PVT LTD,0,0,0
P51700034753,MACROTECH DEVELOPERS LIMITED,0,0,0
P51700045622,QUBA REALTY LLP,0,0,0
P51700045967,Shree Radha Construction,0,0,24
P51700046135,NB ASSOCIATES PRIVATE LIMITED,0,0,0
P51700045536,VEDANT CONSTRUCTION,0,0,0
P51700035191,Out N Out Infotech India LLP,0,0,0
P51700045201,SHREE GAJANAN ENTERPRISES,0,0,0
P51700048647,DLS ENTERPRISES,0,0,0
P51700045703,SACVIR REALTORS LLP,0,0,0
P51700035178,BABA REALTY,0,0,0
P51700045909,ANIL LAXMAN GAMI,0,0,0
P51700046912,SAJIN SHIVKUMAR NAIR,0,0,0
P51700047977,GREEN HEIGHTS INFRA,0,0,0
P51700045401,PATANGWALA ASSOCIATES,0,0,0
P51700035166,Tycoons Avanti Projects LLP,0,3,0
P51700045898,KUNAL RAMESH KARANIYA,0,0,0
P51700035135,M/S KAMDHENU LIFESPACES,0,0,0
P51700045456,Kanji Murji Mange,0,0,0
P51700045646,LAXMAN SAKHARAM KARBHARI,0,0,0
P51700045573,KULDEVI DEVELOPERS,0,0,0
P51700046171,MOHAN DEVELOPERS LLP,0,1,0
P51700046350,MAULI CONSTRUCTION,0,0,0
P51700045454,SHUKLA CONSTRUCTION,0,0,0
P51700045995,INSPIRE REALITY,0,0,0
P51700035091,VASTU ENTERPRISES,0,0,0
P51700047277,SIDDHIDHATA HOSPITALITY PRIVATE LIMITED,0,0,0
P51700047351,SIDDHIDHATA HOSPITALITY PRIVATE LIMITED,0,0,0
P51700045671,AARAMBHA VISION HOMES PRIVATE LIMITED,0,0,0
P51700045970,SHREE GANESH DEVELOPERS,0,0,0
P51700045969,MAHESH BHARAT DIVNALE,0,0,0
P51700047251,BALAJI GROUP BUILDERS & DEVELOPERS,0,0,0
P51700045397,Yashomalhar Construction,0,0,0
P51700045375,ADI ENTERPRISES,0,0,0
P51700045739,Vinay Arun Surve,0,0,0
P51700045607,Harshal Ramdas Navghare,0,0,0
P51700045677,AL ARAAF INFRA PRIVATE LIMITED,0,0,0
P51700046147,Aliakbar Yusuf Zojwalla,0,0,0
P51700045430,ARIHANT SUPERSTRUCTURES LIMITED,0,0,0
P51700048024,QUBA REALTY LLP,0,0,0
P51700045821,MAHESH MANOHAR SALPHALE,0,0,0
P51700045590,Shree Radha Construction,0,0,24
P51700045404,DWARKAMAI BUILDERS & DEVELOPERS,0,0,0
P51700045521,BONZER ORBIT,0,0,0
P51700046772,GHANSHYAM RAMCHAND BATHIJA,0,0,0
P51700045858,MACROTECH DEVELOPERS LIMITED,0,0,0
P51700046037,MACROTECH DEVELOPERS LIMITED,0,0,0
P51700045776,ASHAPURA ESTATES,0,0,0
P51700045825,Rohan Satish Dawane,0,0,0
P51700045631,MACROTECH DEVELOPERS LIMITED,0,0,0
P51700046157,SHREE JARI MARI DEVELOPERS LLP,0,0,0
P51700046092,AHMAHF REALTY & DEVELOPERS,0,0,0
P51700045479,SHREE JARI MARI DEVELOPERS LLP,0,0,0
P51700045539,RKR REALITY,0,0,0
P51700045724,Sarthi Developers,0,0,0
P51700046415,Atlantic Winds Infrastructures Private Limited,0,0,0
P51700045709,Raymond Limited,0,4,0
P51700046189,K K GROUP,0,0,0
P51700045694,RAJARAM CONSTRUCTION,0,3,0
P51700045644,NISAR AHMED RAMZAN MOMIN,0,0,0
P51700046290,Aditya Associates,0,0,6
P51700045509,ADITYARAJ DEVELOPERS,0,0,0
P51700046286,METRO LIFESCAPES INDIA LLP,0,3,0
P51700045897,ADWAIT REALTY,0,0,0
P51700045690,KOHINOOR BUILDERS & DEVELOPERS,0,0,0
P51700047505,NAYANTARA BUILDERS AND DEVELOPERS,0,0,0
P51700045755,SAIRAJ ENTERPRISES,0,0,0
P51700045743,RAJARAM CONSTRUCTION,0,0,0
P51700046298,Runwal Construction Private Limited,0,0,0
P51700045987,TIRUPATI CONSTRUCTION,0,0,0
P51700047534,ANIL HARDASMAL THARWANI,0,2,0
P51700046173,SATYAM INFRA,0,0,0
P51700046279,Mega Creative LLP,0,0,0
P51700048244,RATNAKAR DHARMA PATIL,0,0,0
P51700046028,RUDRA DEVELOPERS,0,0,37
P51700045862,OMKAR ENTERPRISES,0,0,0
P51700046008,DAVAKHAR INFRASTRUCTURE PRIVATE LIMITED,0,0,0
P51700046010,METRO LIFESCAPES INDIA LLP,0,3,0
P51700046740,SHRI KRUPA DEVELOPERS,0,0,0
P51700047272,VERTICAL REALTORS PRIVATE LIMITED,0,0,0
P51700046846,K M Constructions,0,0,0
P51700047224,SHREEJI INFRA GROUP,0,0,0
P51700045826,Mango Enterprises,0,0,0
P51700046216,PRASHANT CHANDRAKANT SHINDE,0,0,0
P51700045944,RAJ PRITAM CHATURVEDI,0,0,0
P51700046258,SHREE VEDANT KRUPA,0,0,0
P51700045947,ABRAR HAROON KHAN,0,0,0
P51700046158,Jai Bhawani Orchid Infra LLP,0,0,0
P51700045829,Raymond Limited,0,4,0
P51700049104,SAI SIDDHI DEVELOPERS,0,0,0
P51700045956,Amrut Heights LLP,0,0,0
P51700046436,KISHOR NARAYAN PAWAR,0,0,0
P51700046211,SAMARTH KRUPA CONSTRUCTION,0,0,0
P51700045809,Trimity Constructions,0,0,0
P51700045901,ASHTAVINAYAK ENTERPRISES,0,0,0
P51700045978,VEDANT CONSTRUCTION,0,1,0
P51700045890,MACROTECH DEVELOPERS LIMITED,0,0,0
P51700046129,PRAKASH DNYANDEO WANKHEDE,0,0,0
P51700045873,MARUTI BUILDCON,0,0,0
P51700046115,MAULI DEVELOPERS,0,0,0
P51700046406,SHREE GANADHISH INFRASTRUCTURE,0,0,0
P51700045936,AAKASH CORPORATION,0,0,0
P51700045872,G K BULDERS,0,0,0
P51700046732,SARVESH CONSTRUCTION,0,0,0
P51700046117,BHANUDAS DASHARATH PATIL,0,0,0
P51700045866,SAMRUDDHI ENTERPRISES,0,0,0
P51700046230,Annapurna Buildcon,0,0,0
P51700046198,RISALI DEVELOPERS,0,0,0
P51700046409,SHIV SAGAR DELEVOPERS AND BUILDERS,0,0,0
P51700046346,ELITE REALTY,0,0,0
P51700046254,AGNETA CONSTRUCTIONS,0,0,0
P51700046293,DEEP LAXMI ASSOCIATES,0,0,0
P51700045795,L&T SEAWOODS LIMITED,0,1,5
P51700046164,SAI CONSTRUCTIONS,0,0,0
P51700045793,L&T SEAWOODS LIMITED,0,1,5
P51700045794,L&T SEAWOODS LIMITED,0,1,0
P51700045802,L&T SEAWOODS LIMITED,0,1,0
P51700047399,MADHUR MANOHAR RAO,0,0,0
P51700047053,ABHILASHA VENTURE,0,0,0
P51700046405,VAISHNAVI DEVELOPERS,0,0,0
P51700047990,Mangesh Dashrath Gaikar,0,0,0
P51700047083,SHREEJI DEVELOPERS,0,0,0
P51700048788,EKTA REALTORS,0,0,0
P51700047102,Geetai Buildcon,0,0,0
P51700046103,REGENCY INC,0,1,0
P51700046381,REGENCY INC,0,1,0
P51700046244,DEVENDRA DAMODAR PATIL,0,0,0
P51700046207,SHUBHAM BUILDERS AND DEVELOPERS,0,0,0
P51700046632,Senwin Divine Ventures,0,0,0
P51700046315,MACROTECH DEVELOPERS LIMITED,0,0,0
P51700046119,MACROTECH DEVELOPERS LIMITED,0,0,0
P51700046128,Kapstone Constructions Private Limited,0,2,0
P51700046456,QUICK DEVELOPERS,0,0,0
P51700047048,SHREEJI CONSTRUCTION,0,2,0
P51700046344,JAIDEEP CONSTRUCTIONS,0,0,12
P51700046184,Raheja Universal (Pvt.) Ltd.,0,0,0
P51700046336,HARIS BUILDERS AND DEVELOPERS,0,0,0
P51700049500,Gaurivinayak Builders and Developers Pvt Ltd,0,0,0
P51700049074,MACROTECH DEVELOPERS LIMITED,0,0,0
P51700046319,MACROTECH DEVELOPERS LIMITED,0,0,0
P51700046307,MACROTECH DEVELOPERS LIMITED,0,0,0
P51700046522,SHAKTI PYRAMID VENTURES,0,0,0
P51700046339,RAJ GROUP,0,0,0
P51700046320,VVKS DEVELOPERS PRIVATE LIMITED,0,0,0
P51700046302,AMEYA ENTERPRISES,0,0,0
P51700047616,RAJ GROUP,0,0,0
P51700046352,MACROTECH DEVELOPERS LIMITED,0,0,0
P51700046311,MACROTECH DEVELOPERS LIMITED,0,0,0
P51700046305,PRIDE ENTERPRISES,0,0,0
P51700046312,MACROTECH DEVELOPERS LIMITED,0,0,0
P51700046313,MACROTECH DEVELOPERS LIMITED,0,0,0
P51700046362,MACROTECH DEVELOPERS LIMITED,0,0,0
P51700046348,SKY TOUCH,0,0,0
P51700047055,SHIVAM DEVELOPERS,0,0,0
P51700046819,Shreeji Infra,0,0,0
P51700049449,MARATHON ENER-GEN,0,3,0
P51700047446,Padma developers,0,0,0
P51700048193,Omkar Shashikant Dahotre,0,0,0
P51700047996,GAJRAJ ENTERPRISES,0,0,0
P51700046447,Shreeram Builders,0,0,0
P51700047627,D A CONSTRUCTION,0,0,0
P51700046454,VIDISHA CONSTRUCTIONS,0,0,0
P51700046572,Raheja Universal (Pvt.) Ltd.,0,0,0
P51700046671,MOHAN ATMARAM SASE,0,0,0
P51700047056,ARYA CONSTRUCTION,0,0,0
P51700046731,SAIDEEP CONSTRUCTIONS,0,1,0
P51700046616,R. S. Enterprises,0,0,0
P51700046637,M/S Sara Realty,0,0,0
P51700048129,SHRI SAI DEVELOPERS,0,0,12
P51700051733,MOHAN HARDASMAL THARWANI,0,0,0
P51700047809,CRYSTAL BUILDERS AND DEVELOPERS,0,0,0
P51700046843,JOSHI ENTERPRISES,0,0,0
P51700046524,SAI DEVELOPERS BADLAPUR,0,0,0
P51700046534,UNNATHI ASSOCIATES,0,5,0
P51700046710,SHREE SAMARTH DEVELOPERS,0,0,0
P51700048145,LEELA MOHAN SURYAWANSHI,0,0,0
P51700047708,SHREEJI ENTERPRISES,0,0,0
P51700046541,Godrej Properties Limited,0,0,0
P51700049157,M/S SHREE GANESH DEVELOPERS,0,0,0
P51700047245,MACROTECH DEVELOPERS LIMITED,0,6,0
P51700046891,LANDMARK INFRA,0,0,0
P51700048013,Om Sai Constructions,0,0,0
P51700047536,THARWANI REALTORS,0,0,0
P51700046993,Joshi & Yash Developers LLP,0,0,0
P51700046757,Suresh Lacchiram Agarwal,0,0,0
P51700047050,Om Swayambhu Siddhivinayak Builders and Developers,0,1,0
P51700047643,SHREENATHJI ORGANISERS PVT LTD,0,0,0
P51700046683,THE IMPRESSIONS,0,0,0
P51700046455,NIRMITEE BUILDERS AND DEVELOPERS,0,0,0
P51700049613,GORAKSH BUILDERS,0,0,0
P51700047438,M/s. Dhiwisha Realty,0,0,0
P51700046663,Dashmesh Infrastructure,0,0,0
P51700046845,VIRAJ ENTERPRISES,0,0,0
P51700046976,SHREEJI DEVELOPERS,0,0,0
P51700046550,Runwal Residency Private Limited,0,0,0
P51700046668,THAKUR CONSTRUCTION,0,0,0
P51700048582,BLUESKY REALTY,0,0,0
P51700047064,SUDAM ZIPA RASAL,0,0,0
P51700047449,GAYATRI DEVELOPERS,0,0,0
P51700047051,A. V. GAJARE,0,0,0
P51700047731,SHARDA INFRA,0,0,0
P51700046932,SQUAREFEET ENTERPRISES,0,2,0
P51700047052,MAYUR ABHIMANYU TANDEL,0,0,0
P51700046917,SHIV SAI INFRA,0,0,0
P51700049586,OM REALITY,0,0,0
P51700047737,Al Araaf Infra Private Limited,0,0,0
P51700046624,LAKHANI BUILDERS PVT LTD,0,0,0
P51700046768,SHIVSHAKTI GENESIS,0,0,0
P51700047057,Jayshree Builders,0,0,0
P51700046747,LAKHANI BUILDERS PVT LTD,0,0,0
P51700049026,Ms Jeevan Enterprises,0,0,0
P51700047779,MACROTECH DEVELOPERS LIMITED,0,1,0
P51700048963,MINAKSHI DEVELOPERS,0,0,0
P51700046892,SHREE SADGURU HOMES,0,0,0
P51700047261,SKYSPACE BUILTEK,0,0,0
P51700049045,BHAWANI SHANKAR BUILDERS & DEVELOPERS,0,0,0
P51700047799,Samir Shrinivas Kale,0,0,0
P51700046696,Vijay Paper Product,0,0,0
P51700046734,Dhruva Woollen Mills Pvt Ltd,0,0,0
P51700046607,Shiv Corporation,0,0,0
P51700046791,THE UNIQUE BUILDERS,0,0,0
P51700046820,SIDDHIVINAYAK GROUP,0,0,0
P51700047443,ABDUL MONAF KHAN,0,0,0
P51700048302,VITTHAL GOVIND BHERE,0,0,0
P51700047806,VARAD INFRA,0,0,0
P51700046687,SHREE KHODIYAR BUILDCON,0,0,0
P51700047776,LAL GEBI INFRA PRIVATE LIMITED,0,0,0
P51700047016,SHREE KHODIYAR BUILDCON,0,0,0
P51700048570,Shree Siddhivinayak Developers,0,0,0
P51700047077,MOHAN NANA ADHIKARI,0,0,0
P51700048026,Shivam Homes,0,0,0
P51700046673,SAI SHRUSHTI ENTERPRISES,0,0,0
P51700046822,SHREE VAKRATUNDA BUILDERS & DEVELOPERS,0,0,0
P51700046975,PINNACLE CREATORS,0,0,0
P51700047899,YUVRAJ CONSTRUCTIONS,0,0,0
P51700049114,ARAMUS VENTURES LLP,0,0,0
P51700049475,PHOENIX ENTERPRISES,0,0,0
P51700054239,JAI BHAWANI ORCHID INFRA LLP,0,0,0
P51700047949,Mangesh Dashrath Gaikar,0,0,0
P51700049730,Impero Buildcon,0,0,0
P51700046857,Abir Ambadas Bhagwat,0,0,0
P51700047049,AMOGH ASSOCIATES,0,0,0
P51700047196,M/s Ekdant Housing,0,0,0
P51700047256,Nirmaan Realty,0,0,0
P51700046767,Paradise Lifestyles Private Limited,0,0,0
P51700047437,MM Landmark Realty LLP,0,0,0
P51700047557,Shree Swami Enterprises,0,0,0
P51700047988,Mangesh Dashrath Gaikar,0,0,0
P51700047117,Vishnu Shyamlal Sachdev,0,0,0
P51700047989,Mangesh Dashrath Gaikar,0,0,0
P51700049797,NEELKANTH REALTORS PVT LTD,0,2,0
P51700047946,V. R. BUILDERS,0,0,0
P51700049741,Mangesh Dashrath Gaikar,0,0,0
P51700048111,Green Homes Construction Company,0,0,0
P51700048509,M/S SHREE SWAMI SAMARTH ENTERPRISES,0,0,0
P51700047303,SHREE GANESH CONSTRUCTION,0,0,0
P51700053551,Raheja Universal (Pvt.) Ltd.,0,0,0
P51700049297,RAMESH KASTURCHAND JAIN TEJAWAT,0,0,0
P51700047914,P G DEVELOPERS,0,0,0
P51700047493,SHREE GANESH ENTERPRISES,0,0,0
P51700047237,CLAY NEST DEVELOPERS,0,0,0
P51700048150,AARAV GROUP,0,0,0
P51700048358,Deepali Infraprojects,0,0,0
P51700047127,PRABHA BUILDERS AND DEVELOPERS,0,0,0
P51700047447,NISHI ENTERPRISES,0,0,0
P51700047249,Ranas Construction,0,0,0
P51700047140,Riddhish Realtors LLP,0,1,0
P51700047833,PRASHANT TUKARAM BAEET,0,0,0
P51700048078,VPA DEVELOPERS,0,0,0
P51700047011,EMPIRE INDUSTRIES LTD,0,0,0
P51700047350,GRAND GALAXY SUPERSTRUCTURES PRIVATE LIMITED,0,0,0
P51700047894,MOHD RIZWAN GULAM RASOOL SHAIKH,0,0,0
P51700049194,VEENA DEVELOPERS,0,0,0
P51700047231,LANDMARK REALTY,0,0,0
P51700047152,Raymond Limited,0,9,0
P51700048128,PRIISM INFRAA,0,0,0
P51700047461,AVADHUT ENTERPRISE,0,0,0
P51700048085,Balaji Developers,0,0,0
P51700048716,Jayawant Balaram Bhoir Patil,0,0,0
P51700047693,SERENITY INFRA,0,0,0
P51700047450,Riddhi Siddhi Developers,0,0,0
P51700047233,Ramesh Nanalal Jain,0,0,12
P51700047807,KANISHKA DREAM HOMES,0,0,0
P51700047810,SANGLE ENTERPRISES PRIVATE LIMITED,0,0,0
P51700048152,ANJANA SAHEBRAO CHAVAN,0,0,5
P51700047448,Manish Prakash Mutha,0,0,0
P51700048126,M/S SHIV ENTERPRISES,0,0,0
P51700048379,RAVINDRA MATYA PATIL,0,0,0
P51700047364,MOHAN RATARAM CHOUDHARY,0,0,0
P51700047747,Vishv Realty,0,0,0
P51700047811,Sairaj Builders,0,0,0
P51700049030,VIJAY VISHNU PATIL,0,0,0
P51700047354,SHREE SAIRAJ DEVELOPERS,0,0,0
P51700047498,SAI DEEP DEVELOPERS,0,0,0
P51700048764,V TEN REALTY PRIVATE LIMITED,0,0,0
P51700048756,SHAKTI REALTY,0,0,0
P51700047789,Sunita Enterprises,0,0,0
P51700047689,SQUAREFEET REAL ESTATE,0,0,0
P51700047773,Khrushna Infrastructure Builders & Developers,0,0,0
P51700047382,BHAGWATI BUILDERS AND DEVELOPERS,0,0,0
P51700047479,SHREE LAXMI ENTERPRISES,0,0,0
P51700047633,COURTYARD REAL ESTATE PRIVATE LIMITED,0,1,0
P51700047353,VIKAS HARAKCHAND JAIN,0,0,0
P51700047718,VIKAS HARAKCHAND JAIN,0,0,0
P51700047423,VIKAS HARAKCHAND JAIN,0,0,0
P51700049803,VARAD RAJ CONSTRUCTION,0,0,0
P51700047970,BHARTI CONSTRUCTION,0,0,0
P51700049618,YADAV BROS CONSTRUCTION,0,0,0
P51700047653,NAMRATA REALTORS,0,0,0
P51700050371,MANGALYA INFRA,0,0,0
P51700048000,SHUBH KRISHNA REALTORS,0,0,0
P51700047571,MOHAN HARDASMAL THARWANI,0,0,0
P51700048627,Dipti Home Makers Pvt Ltd,0,0,0
P51700047948,CHIMNANI CONSTRUCTIONS,0,0,0
P51700047719,SACHDEV DEVELOPERS (OPC) PRIVATE LIMITED,0,0,0
P51700049846,Jitendra Gangji Dedhia,0,0,0
P51700047950,EKDANT ENTERPRISES,0,0,0
P51700049486,TULSI REALTY,0,0,0
P51700047867,SHREEKANTH DEVELOPERS,0,0,0
P51700048280,M/s. Deepali Infracon LLP,0,0,0
P51700054439,M/S THARWANI REALTORS,0,0,0
P51700047655,COURTYARD REAL ESTATE PRIVATE LIMITED,0,1,0
P51700055028,M/S THARWANI REALTORS,0,0,0
P51700049039,Amara Crest LLP,0,0,0
P51700048346,A STAR DEVELOPERS,0,0,0
P51700049363,YOGESH KISHOR MAHAJAN,0,0,0
P51700048154,M/S MITRA REALITY,0,0,0
P51700048523,Aurum RealEstate Developers Limited,0,0,0
P51700048095,S.K. HOMES BUILDER & DEVELOPERS,0,0,0
P51700048169,VEDANT DEVELOPERS,0,0,0
P51700048112,EMPIRE INDUSTRIES LTD,0,0,0
P51700049874,KIRTIKUMAR VANECHAND DOSHI,0,0,12
P51700048425,Innovative Buildcon,0,0,0
P51700050786,NAKSHATRA DEVELOPERS,0,0,0
P51700048230,SHARDA VASTU NIRMITEE PVT. LTD.,0,0,0
P51700048066,A AND J CONSTRUCTIONS=00,0,0,0
P51700047777,MACROTECH DEVELOPERS LIMITED,0,1,0
P51700052016,JOSHI ENTERPRISES,0,0,0
P51700048202,SAI DEVELOPERS,0,0,0
P51700048207,ROYAL GROUP,0,0,0
P51700048656,Aurum RealEstate Developers Limited,0,0,0
P51700048226,Mahesh Shriram Borkar,0,0,0
P51700048475,ISHWAR LIFESPACE,0,0,0
P51700049720,VASTU SAI BUILDERS AND DEVELOPERS,0,0,0
P51700049361,ISHWAR LIFESPACE,0,0,0
P51700050995,EVEREST EXCELLENT DEVELOPERS,0,0,0
P51700051506,SHIV SAI DEVELOPERS,0,0,0
P51700048306,S S LIFESPACES,0,0,0
P51700048182,SIDDHIVINAYAK ENTERPRISES,0,0,0
P51700048485,VATSALA REALTOR AND DEVELOPERS LLP,0,0,0
P51700049890,MANGALYA SHELTER'S,0,0,0
P51700054370,MACROTECH DEVELOPERS LIMITED,0,0,0
P51700049438,SHUBH REALITY,0,0,0
P51700048175,Runwal Residency Private Limited,0,0,0
P51700048339,GAONDEVI CONSTRUCTION CO,0,0,0
P51700049073,Aditya Associates,0,0,0
P51700048903,NYP DEVELOPERS,0,0,0
P51700048613,ROHIL ENTERPRISES,0,0,0
P51700048896,Shree Developers,0,0,0
P51700049139,YASHASHREE CONSTRUCTIONS,0,0,0
P51700048961,Ganesha Developers,0,0,0
P51700048679,JHALAK CONSTRUCTIONS,0,0,0
P51700051512,JOHN  MATHEW,0,0,0
P51700048966,SAS INFRA,0,0,0
P51700050983,ACE CONSTRUCTION,0,0,0
P51700049320,NOBLE ORGANICS PVT. LTD.,0,0,0
P51700049465,YASH INFRA,0,0,0
P51700048268,Build Green Infraprojects Private Limited,0,0,0
P51700048686,Yuvika Associates,0,0,0
P51700048796,AJ HOMES,0,0,0
P51700048508,KAGVIN VENTURES,0,0,0
P51700048038,Thanekar Construction LLP,0,0,0
P51700048700,HARE KRISHNA GROUP,0,0,0
P51700048955,SURESH PADMAN PATIL,0,0,0
P51700049225,RAI RESIDENCY Private Limited,0,0,0
P51700048200,SHREE SAI BUILDERS,0,0,0
P51700051193,MACROTECH DEVELOPERS LIMITED,0,0,0
P51700048696,SWAMINI BUILDERS AND DEVELOPERS,0,0,0
P51700049444,OM SAI BUILDERS & DEVELOPERS,0,0,0
P51700048292,SAI PROPERTIES,0,0,0
P51700048029,Crystal Krishraj,0,0,0
P51700048090,SAI PROPERTIES,0,0,0
P51700052871,Gaurivinayak Builders and Developers Pvt Ltd,0,0,0
P51700047803,SHREE SIDDHIVINAYAK DEVELOPERS,0,0,0
P51700048094,PHOENIX BUILDCON,0,0,0
P51700047861,JHALAK CONSTRUCTIONS,0,0,0
P51700048248,SHIVAM CONSTRUCTION CO,0,0,0
P51700049787,VIRENDRA ATMARAM SALUNKHE,0,0,0
P51700049294,ARIHANT VATIKA REALTY PRIVATE LIMITED,0,0,0
P51700047906,DEVSHRI INFRA PROJECTS LLP,0,0,0
P51700047512,Runwal Residency Private Limited,0,0,0
P51700048308,SAHEBRAO VITHAL SATRE,0,0,0
P51700048930,MACROTECH DEVELOPERS LIMITED,0,0,0
P51700047739,BHIWANDI DEVELOPERS,0,0,0
P51700049349,Mauli Construction,0,0,0
P51700051714,Shreekrishna Enterprises,0,0,0
P51700048397,SHUBH ENTERPRISES,0,0,0
P51700047665,SATYAM LIFESCAPES LLP,0,0,0
P51700050747,J K ASSOCIATES,0,0,0
P51700047432,Ms ASHAR VENTURES,0,0,0
P51700048164,SUNDER BUILDERS AND DEVELOPERS,0,0,0
P51700052928,MADHUSUDAN LEISURE HOMES,0,0,0
P51700047788,SHUBH ENTERPRISES,0,0,0
P51700048797,PHOENIX REALTY,0,0,0
P51700047995,M/s Neev Infinity,0,0,0
P51700049629,VIKRAM RAMESH KATHOLE,0,0,0
P51700048576,HERAMB ENTERPRISES,0,0,0
P51700047580,TOWER ENGINEERING PRIVATE LIMITED,0,0,0
P51700048294,SHIVA ENTERPRISES,0,0,0
P51700049247,GAJANAN KATHOD SHELAVALE,0,0,0
P51700049740,OM SAI BUILDERS AND DEVELOPERS,0,0,0
P51700048840,M V BUILDCON,0,0,0
P51700047926,MACROTECH DEVELOPERS LIMITED,0,1,0
P51700048322,NANDINI BUILDERS & DEVELOPERS,0,0,0
P51700048053,SHIV SHAKTI DEVELOPERS,0,0,0
P51700050614,SHREE ANANT ENTERPRISES,0,0,0
P51700048491,AARADHANA BUILDERS AND DEVELOPERS LLP,0,0,0
P51700048299,Patel Group & Co,0,0,0
P51700048408,MACROTECH DEVELOPERS LIMITED,0,0,0
P51700047994,RAJNB HOUSING LLP,0,0,12
P51700048104,OM SAI DEVELOPERS,0,0,0
P51700049210,NOBLE ENTERPRISES,0,0,0
P51700049164,M/s Swaminath Infra,0,0,0
P51700048420,COURTYARD REAL ESTATE PRIVATE LIMITED,0,1,0
P51700048453,M K ENTERPRISES,0,0,0
P51700049599,YES ENTERPRISES,0,0,0
P51700048313,Shree Vyankatesh Enterprises,0,0,0
P51700048047,CHIRAG DILIP RAMRAKHYANI,0,0,0
P51700049211,REGENCY NIRMAN LTD,0,0,0
P51700048334,ADRIKA DEVELOPERS PRIVATE LIMITED,0,4,0
P51700049585,SAI SHRADHA DEVELOPERS,0,0,0
P51700048050,BHANUSHALI AND ASSOCIATES,0,0,0
P51700048335,ADRIKA DEVELOPERS PRIVATE LIMITED,0,4,0
P51700048333,ADRIKA DEVELOPERS PRIVATE LIMITED,0,4,0
P51700047951,TARE GROUP BUILDERS AND DEVELOPERS,0,0,0
P51700048819,SHIVSAI HOMES BUILDERS AND DEVELOPERS LLP,0,0,0
P51700047981,SHREE SWAMI SAMARTH CONSTRUCTION,0,0,0
P51700052617,Ganesh Chandrakant Malvankar,0,0,0
P51700048517,VIJAY PRABHAKAR PATIL,0,0,0
P51700049292,MOHAN DEVELOPERS LLP,0,1,0
P51700050151,ELITE ASSOCIATES,0,0,0
P51700048809,PENS BUILDERS & DEVELOPERS LLP,0,0,0
P51700048754,Shaurya Developers,0,0,0
P51700048962,GOVIND OJASS EDIFICE PVT. LTD.,0,0,0
P51700050061,PANVELKAR BHOOMI,0,0,0
P51700049564,VADNERE BUILDER & DEVELOPERS,0,0,0
P51700048435,VINEET INFRASTRUCTURE,0,0,0
P51700048692,SHRI GANESH BUILDER AND DEVELOPERS,0,0,0
P51700049094,MOON STAR DEVELOPERS LLP,0,1,0
P51700048693,KULGAON BADLAPUR MUNICIPAL COUNCIL,0,0,0
P51700048779,MACROTECH DEVELOPERS LIMITED,1,0,0
P51700051972,Shree sant Gajanan Enterprises,0,0,0
P51700048841,RUDRAA BUILDERS,0,0,0
P51700049960,SHRI KRISHNA VASTU,0,0,0
P51700048983,RAJNB HOUSING LLP,0,0,0
P51700048842,AASHUTOSH ENTERPRISE,0,1,0
P51700048439,VISHNU INFRA,0,0,0
P51700049262,SAI CHARAN ENTERPRISES,0,0,0
P51700049276,NYP DEVELOPERS,0,0,0
P51700048443,Omkar Orbit,0,0,0
P51700050457,Rajshila Construction LLP,0,0,0
P51700049154,MACROTECH DEVELOPERS LIMITED,0,0,0
P51700048753,VEDANT CONSTRUCTION,0,0,0
P51700048538,Mellennium Homes,0,0,0
P51700048490,Sai Balaji Enterprises,0,0,0
P51700049701,Mangesh Dashrath Gaikar,0,0,0
P51700049596,HOPE BUILDERS AND DEVELOPERS,0,0,0
P51700048270,Dhruva Woollen Mills Pvt Ltd,0,6,0
P51700048278,Dhruva Woollen Mills Pvt Ltd,0,6,0
P51700049605,Mangesh Dashrath Gaikar,0,0,0
P51700049445,Mangesh Dashrath Gaikar,0,0,0
P51700049142,Anil Dattaram Gaikwad,0,0,0
P51700049404,SHREERAM BUILDCON,0,0,0
P51700050434,MANGALAM ENTERPRISES,0,0,6
P51700049059,Synergy Developers,0,0,0
P51700048857,PAWAN ENTERPRISES,0,0,0
P51700049216,SHARVI ENTERPRISES,0,0,0
P51700051494,Haware Finance Pvt Ltd,0,4,0
P51700049097,SAIRAJ ENTERPRISES,0,0,10
P51700049915,PRADEEP SHYAM KHARBADE,0,0,0
P51700049457,Gayasuddin Riyazuddin Khan,0,0,0
P51700052138,Chintamani Developers,0,0,0
P51700048307,RAUNAK AVENUE REALTY,0,0,0
P51700050005,Suprabhat Cooperative Housing Society Limited,0,0,0
P51700048885,Faisal Constructions,0,0,0
P51700048590,Trimity Realty LLP,0,0,0
P51700048795,Sai Infrastrcuture,0,0,0
P51700048991,ISHWAR BUILDCON,0,0,0
P51700049309,SHREE VASTUNIRMAN DEVELOPERS,0,0,0
P51700048407,VENUS NIRVANA LLP,0,0,0
P51700048585,JAI MALHAR BUILDERS & DEVELOPERS,0,0,0
P51700049321,M/s. Milestone Space,0,1,0
P51700049109,Dalal Realty,0,0,0
P51700049981,ARIHANT SUPERSTRUCTURES LIMITED,0,0,0
P51700049858,OMKAR DEVELOPERS,0,0,0
P51700049171,V N Constructions,0,0,0
P51700048960,Quba Homes LLP,0,0,0
P51700049654,S R DEVELOPERS,0,0,0
P51700049169,OJASS GOVIND INFRA LLP,0,0,0
P51700048703,ASHVATTHA REALTY LLP,0,0,0
P51700049954,APR REALTY,0,0,0
P51700049178,MALHAR DEVELOPERS,0,0,0
P51700049570,Swaminarayan Life Space LLP,0,0,0
P51700049472,OMKAR ENTERPRISES,0,0,0
P51700049317,THARWANI PROPERTIES,0,1,0
P51700050038,Mangesh Dashrath Gaikar,0,0,0
P51700051197,OMKAR INFRASTRUCTURE,0,0,0
P51700049460,SHAKTI REALTY,0,0,0
P51700049601,R A CONSTRUCTION,0,0,0
P51700054555,K RUDRAKSH REALTORS LLP,0,0,0
P51700049096,SANSKRUTI GROUP,0,0,0
P51700049561,Charms Developers,0,0,0
P51700049724,DOSTI ENTERPRISES,0,13,0
P51700049777,Vinayak Deoram Patil,0,0,0
P51700049185,SIDDHIVINAYAK BUILDERS AND DEVELOPERS,0,0,0
P51700048746,MIZAB AHMED NASIR AHMED PUNJABI,0,0,0
P51700049887,OM DIVINE BUILDCON LLP,0,0,0
P51700049910,ARIHANT SUPERSTRUCTURES LIMITED,0,0,0
P51700051135,NOBLE INFRASTRUCTURE BUILDER AND DEVELOPERS,0,0,0
P51700049451,Vishnu Shyamlal Sachdev,0,0,0
P51700050871,KASHINATH KALU BHOIR,0,0,0
P51700050476,NILPADMA DEVELOPERS,0,0,0
P51700048586,Ratnamani Buildcon,0,0,0
P51700048979,Mountain Residency Private Limited,0,0,0
P51700049421,D.D. Associates,0,2,0
P51700050732,SANJAY MAHENDRA GUPTA,0,0,0
P51700049829,PACIFIC PROPERTIES,0,0,0
P51700049866,Shivbaba Developers,0,0,0
P51700049684,LAXMI REALTY,0,0,0
P51700049737,PATEL P N & COMPANY,0,0,0
P51700049403,ARYA ENTERPRISES,0,0,0
P51700051508,SHUBHADA CO OP HSG SOC LIMITED,0,0,0
P51700049153,VEDAANT BUILDERS,0,0,0
P51700052746,RAVINDRA RAMNARAYAN OZA VAZE,0,0,0
P51700051267,VAISHNAVI CONSTRUCTION,0,0,0
P51700049703,M/S Sai Developers,0,0,0
P51700049260,P.G. CONSTRUCTIONS,0,0,0
P51700049990,K2S BUILDCON,0,0,0
P51700049697,ALFA ENTERPRISES,0,0,0
P51700049568,VIKAS NARAYAN PAWAR,0,0,0
P51700049248,Neelkanth Mansions and Infrastructure Pvt. Ltd.d,0,1,0
P51700053701,MIDAS TOUCH,0,0,0
P51700050343,PANDURANG ARJUN CHAWAN,0,0,0
P51700049111,Kanji Murji Mange,0,0,0
P51700049895,GNP LANDMARK,0,0,0
P51700049257,AL BRUJ DEVELOPERS,0,0,0
P51700052270,Jewel Builders and Infraprojects Ltd,0,0,12
P51700049729,Caption Real Estate,0,0,0
P51700053497,AKRUTI DEVELOPERS,0,0,0
P51700052343,V V CONSTRUCTION CO,0,0,0
P51700049873,SHREE DATTA DEVELOPERS,0,0,0
P51700049598,VEDANG CONSTRUCTION,0,0,0
P51700049953,SHREE SAI MALHAR CONSTRUCTION,0,0,0
P51700049687,28-Aeon Infinity LLP,0,0,0
P51700049734,VINAYAK ENTERPRISES DEVELOPERS,0,0,0
P51700049543,KAPLESHWARA HOMES LLP,0,0,0
P51700049514,Godrej Properties Limited,0,0,0
P51700049459,CHANDRAKANT MOTIRAM PAWAR,0,1,0
P51700050091,NIRMAL CORPORATION,0,0,0
P51700049948,SAI KRUPA BUILDERS,0,0,0
P51700049553,OM SAI INFRA,0,0,0
P51700050022,KGI REALTY PRIVATE LIMITED,0,0,0
P51700050170,MUMBAI PROMOTERS PRIVATE LIMITED,0,0,0
P51700049256,Sandeep Ramchandra Bhave,0,0,0
P51700049305,FAIZ ANIS AHMED KHAN,0,0,0
P51700049396,ABHAY ANANT KAMAT,0,0,0
P51700051141,NEWA TECHNOCITY (I) PRIVATE LIMITED,0,0,0
P51700053606,OM GAYATRI ENTERPRISES,0,0,0
P51700049706,BHUSHAN NANDKISHOR PATKAR,0,0,0
P51700049723,REGENCY NIRMAN LTD,0,0,0
P51700050971,GIRIRAJ DARSHAN,0,0,0
P51700050768,SHREE RIDDHI SIDDHI INFRAPROJECT,0,0,0
P51700050141,DEV INFRA,0,0,0
P51700051449,Ms OM Shivam Builders and Developers,0,0,0
P51700051066,JALARAM DEVELOPERS,0,0,0
P51700049841,NIKHIL RAJESH SUKHRAMANI,0,0,0
P51700053740,SAMRUDDHI BUILDCON,0,0,0
P51700051563,OM SAI CONSTRUCTION,0,0,0
P51700050021,L. K. Realtors,0,0,0
P51700049971,SHRUSHTI CREATORS,0,0,0
P51700049548,Sarthi Developers,0,0,0
P51700049672,Hiralal Ramnarayan Gupta,0,0,0
P51700052973,MAULI KRUPA DEVELOPERS PRIVATE LIMITED,0,0,0
P51700049627,NIRMAL DEVELOPERS,0,0,0
P51700049842,Cheroba Homes,0,0,0
P51700050034,GAGANGIRI INFRA,0,0,0
P51700050442,J B Constructions,0,0,0
P51700049592,Raymond Limited,0,4,0
P51700050539,Sagar Enterprise,0,0,0
P51700049612,GP Infra,0,0,0
P51700049520,Raymond Limited,0,4,0
P51700050566,SADGURU ASSOCIATE,0,0,0
P51700050057,SHRUSTI DEVELOPERS,0,1,0
P51700051684,PADMAVATI DEVELOPERS,0,0,0
P51700049825,Asrar Ahmed Abdul Rasid Chowkar,0,0,0
P51700050607,NEELPADMA CONSTRUCTIONS,0,0,0
P51700050596,M/s Neel Siddhi Enterprises,0,0,0
P51700050201,MOHAN HARDASMAL THARWANI,0,1,0
P51700049983,SHREE LAXMI ENTERPRISES,0,0,0
P51700050044,SUNRISE DEVELOPER,0,0,0
P51700052393,Munisuvrat Commercial Parks LLP,0,0,0
P51700052015,NAVKAR SHELTERS,0,0,0
P51700049780,OM DEVELOPERS,0,0,0
P51700050065,NARANG REALTY PRIVATE LIMITED,0,0,0
P51700050866,DEV DEVELOPERS,0,0,0
P51700050689,PANCHARATNA DEVELOPERS,0,0,0
P51700049961,S P DEVELOPERS,0,0,0
P51700050344,Vee Square Tech Construct LLP,0,0,0
P51700049934,MOHAN HARDASMAL THARWANI,0,1,0
P51700052412,SAI SPACE CORPORATION,0,0,0
P51700049853,Fen-kin Buildpro LLP,0,0,0
P51700051053,KOMPLETE SUPPLY CHAIN SOLUTIONS PVT LTD,0,0,0
P51700049801,MOHAN HARDASMAL THARWANI,0,1,0
P51700050312,Oberoi Realty Limited,0,0,0
P51700050185,Ms Jeevan Enterprises,0,0,0
P51700051364,Laxmi Narayan Enterprises,0,0,0
P51700049827,SHIV DEVELOPERS,0,0,0
P51700051140,SAMRUDDHI BUILDCON,0,0,0
P51700050763,SWANAND DEVELOPERS,0,0,0
P51700050262,YASH INFRA,0,0,0
P51700049879,MOHAN HARDASMAL THARWANI,0,1,0
P51700050395,Nirmaan Realty,0,0,0
P51700050603,Motichand Nathu Gosrani,0,0,0
P51700050253,DOSTI ENTERPRISES,0,13,0
P51700050154,Shree Ganesh Buildcon,0,0,0
P51700051500,S K DEVELOPERS,0,0,0
P51700050218,B K GROUPS,0,0,0
P51700050235,MARUTI DEVELOPERS,0,0,0
P51700050559,SHREERAM DEVELOPERS,0,1,0
P51700051704,SHRI GANESH ENTERPRISES,0,0,0
P51700049959,KRISHNA BUILDCON,0,0,0
P51700050040,URBAN SQUARE,0,0,0
P51700051292,DREAMLAND DEVELOPERS,0,0,0
P51700050635,MAYUR GROUP,0,0,0
P51700054939,AL-SIRAJ BUILDERS & DEVELOPERS,0,0,0
P51700051402,MAYUR GROUP (RD),0,1,0
P51700050066,SATYASHIV DEVELOPERS,0,0,0
P51700050236,Vikrant Construction,0,0,0
P51700050158,Sagar Nirman Spaces,0,0,0
P51700050865,MAHALAXMI INFRA,0,0,0
P51700050205,MOHAN HARDASMAL THARWANI,0,0,0
P51700050538,Nakhye's Everest Estate Private Limited,0,0,0
P51700050238,Dinesh Laxman Sonavane,0,0,0
P51700051104,JAI SHREEGURUTATVAM ENGINEERS AND DEVELOPERS,0,0,0
P51700050510,MAHAVIR ENTERPRISES,0,0,0
P51700050263,SHASHWAT HOMES,0,0,0
P51700050280,Sadguru Developers,0,0,0
P51700050792,SAQLAINI BUILDERS,0,0,0
P51700050451,Metricon Realty LLP,0,0,0
P51700051804,M/s THAKKER WORLD CONSTRUCTIONS LLP,0,0,0
P51700050156,M/S TIWARI ENTERPRISES,0,0,0
P51700052191,TIRUPATI BUILDERS AND DEVELOPERS,0,0,0
P51700050864,OMKAR ENTERPRISES,0,0,0
P51700050624,Kalpataru Homes Private Limited,0,3,0
P51700050421,MACROTECH DEVELOPERS LIMITED,0,2,0
P51700050214,SAJID ABUL KALAM SHAIKH,0,0,0
P51700053750,ASHWAMEDH CORPORATION,0,0,0
P51700051106,SHREE NARAYAN ENTERPRISES,0,0,0
P51700050417,SHREE SAI SAMARTH DEVELOPERS LLP,0,0,0
P51700051015,DREAM INFRA,0,0,0
P51700050794,SQUAREFEET REAL ESTATE,0,0,0
P51700051357,PRIYANKA REGENCY LLP,0,0,0
P51700051645,JAYRAM PANDURANG GAIKWAD,0,0,0
P51700053500,SARASWATI CORP,0,0,0
P51700050640,SHREE SHA DEVELOPERS,0,0,0
P51700050781,Mohd Salim Yusuf,0,1,0
P51700050164,SHUBH LIFESPACES,0,0,0
P51700050320,DEEP LAXMI ASSOCIATES,0,0,0
P51700050528,NAMIR KHALIL MULLA,0,0,0
P51700050409,ARYAN DEVELOPERS,0,0,0
P51700050410,KALYAN BUILDCON,0,0,0
P51700051947,SHREE MORYA ASSOCIATES,0,0,0
P51700051132,MOHAN LIFESPACES LLP,0,1,0
P51700050483,GLEN SQUARE,0,0,0
P51700050336,JOSHI AND YASH REALTORS LLP,0,0,0
P51700051089,EKVEERA ENTERPRISES,0,0,0
P51700050333,ISHWAR REALITY,0,0,12
P51700050400,SHRI BALAJI NEOM,0,0,0
P51700050215,HARASIDDH DEVELOPERS,0,0,0
P51700050650,NEELKANTH INFRA,0,0,0
P51700050268,Ayyub Chand Meo Khan,0,0,0
P51700050802,LAUKIK DEVELOPMENT CORPORATION,0,0,0
P51700050363,PINNACLE ENTERPRISES,0,0,0
P51700050634,ADITYA BUILDCON,0,0,0
P51700052011,SHRI RAGHUVEER STHAPATYA,0,12,0
P51700050524,AMOGH ASSOCIATES,0,0,0
P51700050489,Experio Ventures,0,0,0
P51700050807,MOHAN LIFESPACES LLP,0,1,0
P51700050406,Sunrise Lifespaces LLP,0,0,0
P51700051064,J K T GROUP,0,0,0
P51700051081,Vikas Harakchand Jain,0,0,0
P51700051652,Sri Lifespace,0,0,0
P51700053980,MILAN HOUSING COMPLEX PVT LTD,0,0,0
P51700051480,SPLENDOR SHELTERS PVT LTD,0,0,0
P51700051119,Vikas Harakchand Jain,0,0,0
P51700051084,Vikas Harakchand Jain,0,0,0
P51700051281,Dwarli Construction,0,0,0
P51700051575,JAI BALAJI SAI REALTORS,0,0,0
P51700050597,VASUDHA CONSTRUCTION COMPANY,0,1,0
P51700051915,MANGAL ENTERPRISES,0,0,0
P51700051203,MAHALAXMI DEVELOPERS,0,0,0
P51700051605,PARIJAS INFRAVENTURES LLP,0,0,0
P51700050575,GROWLD REALTORS LLP,0,0,0
P51700050862,DREAM IKON REALTORS,0,0,0
P51700050735,Experio Ventures,0,0,0
P51700050874,SAPTSHRUNGI DEVELOPERS,0,0,0
P51700051142,SAMP CONSTRUCTIONS LLP,0,0,0
P51700051055,AKRUTI HOUSING,0,0,0
P51700051443,PRIYANKA REGENCY LLP,0,0,0
P51700050676,SHREE SAI INFRA,0,0,0
P51700051261,NISHITH SUBANDHU LUHAR,0,0,0
P51700050724,L.K.ASSOCIATES,0,0,0
P51700052331,ROYAL REALTY,0,0,0
P51700050843,UMAKANT VINAYAK SAMANT,0,0,0
P51700050772,PAWAR GROUP,0,0,0
P51700051277,SHREE GANESH DEVELOPERS,0,0,0
P51700051386,SAMRIN INFRASTRUCTURE,0,0,0
P51700054069,LAXMI INFRA,0,0,0
P51700050877,ISHWAR DEVELOPERS,0,0,0
P51700055337,Laxmi Kamal Associates,0,0,0
P51700051107,MAHAVEER INFRASTRUCTURE PVT LTD,0,0,0
P51700051501,ISHWAR REALITY,0,0,0
P51700052235,ARDENT PROPERTIES PRIVATE LIMITED,0,0,0
P51700050803,Kapstone Constructions Private Limited,0,1,0
P51700053885,SHREE GANESHKRUPA CONSTRUCTION,0,0,0
P51700051313,Shubh Developers,0,0,0
P51700051017,Shree Buildcon,0,0,0
P51700051177,Tulsi Builders and Developers,0,1,0
P51700052954,SKY DEVELOPERS,0,0,0
P51700051258,DHAANIYA ENTERPRISES,0,0,0
P51700052075,JOHAR HASAN ZOJWALLA,0,0,0
P51700051016,GURUPREET SINGH BALDEV SINGH SANDHU,0,0,0
P51700051866,NIRJA BUILDERS AND DEVELOPERS,0,0,0
P51700053284,RADHIKA SHELTERS,0,0,0
P51700050785,Golden Mile Builders LLP,0,0,0
P51700051580,AKSHAR DREAM HOMES,0,0,0
P51700051114,ROMA BUILDERS PRIVATE LIMITED,0,0,0
P51700051822,Srinathji Constructions,0,1,0
P51700051844,KEYSTONE CREATION,0,0,0
P51700051162,DEEP LAXMI ASSOCIATES,0,0,0
P51700052381,MACROTECH DEVELOPERS LIMITED,0,0,0
P51700054570,HILLVIEW REALTY,0,0,0
P51700051067,NEELPADMA ENCLAVE,0,0,0
P51700051889,The Finest Housing Company,0,0,0
P51700051978,Greenworld Developers,0,0,0
P51700051438,Yash Infra,0,0,0
P51700051065,BHAVANI ENTERPRISES,0,0,0
P51700050671,JVM Spectrum LLP,0,0,0
P51700051830,SASHWAT HOME,0,0,0
P51700051711,SASHWAT HOME,0,0,0
P51700050980,MAITHILI BUILDERS PRIVATE LIMITED,0,0,0
P51700051756,SHARDA VASTU NIRMITEE PVT. LTD.,0,1,0
P51700053116,Swapnpoorti Co-Operative Housing Society,0,0,0
P51700051262,HARIOM DEVELOPERS,0,0,0
P51700052433,JOSHI ENTERPRISES,0,0,0
P51700052167,VIRANI CONSTRUCTION COMPANY,0,0,0
P51700051023,KGI REALTY PRIVATE LIMITED,0,1,0
P51700051157,PRAVIN SURESH BAMNE,0,0,0
P51700051990,AADINATH DEVELOPERS,0,0,0
P51700051160,Iskcon Realtors,0,0,0
P51700051122,M P BUILDCON,0,0,0
P51700050973,M/S BKS Galaxy Realtors LLP,0,0,0
P51700050838,GULABRAO BABURAO KARANJULE PATIL,0,0,0
P51700052224,Gayatri Builders,0,0,0
P51700052971,SHREE BALAJI DEVELOPERS,0,0,0
P51700051933,SAIGAN INTERNATIONAL BUILDERS & DEVELOPERS,0,0,0
P51700051109,UMAR CONSTRUCTION,0,0,0
P51700051408,EAGLE HOMES BUILDERS AND DEVELOPERS,0,0,0
P51700051175,SHIVSHAKTI ENTERPRISES,0,0,0
P51700051210,ASHOKKUMAR TOPANLAL DEWANI,0,0,0
P51700051268,Veritas Red,0,0,0
P51700051346,Runwal Residency Private Limited,0,0,0
P51700052053,M/S. WESTERN ARCH COMPANY,0,0,0
P51700052828,OMKAR ENTERPRISES,0,0,0
P51700051538,BHOOMI HOMES,0,0,0
P51700052095,ALIMKAR & SONS,0,0,0
P51700050829,UNNATHI ASSOCIATES,0,6,0
P51700050828,UNNATHI ASSOCIATES,0,6,0
P51700050827,UNNATHI ASSOCIATES,0,6,0
P51700052141,SPARSH BUILDCON,0,0,0
P51700052551,Oyster Saket Infrastructure,0,0,0
P51700051658,Deepak Namdev Patil,0,0,0
P51700051966,SIX SQUARES REALTY,0,0,0
P51700053954,NILESH SATISH PATIL,0,0,0
P51700051722,Shree Radhe Builders and Developers,0,0,0
P51700052264,SHUBH ASSOCIATES,0,0,0
P51700052399,M/s Raj Associates,0,0,0
P51700051148,PAWSHE GROUP BUILDERS AND DEVELOPERS,0,0,0
P51700051472,Spectrum Developers,0,0,0
P51700052145,ANNAPURNA ENTERPRISES,0,0,0
P51700053902,SCGKCORP,0,0,0
P51700051539,DHARTI DHAN REALTY,0,0,0
P51700052155,NARENDRA KALYANJI PATEL,0,0,0
P51700051410,NIVARA ENGINEERS,0,0,0
P51700051222,R CITY DEVELOPERS,0,0,0
P51700051477,SAROSH IMRAN KOHARI,0,0,0
P51700051991,SHREE SWASTIK CONSTRUCTIONS,0,0,0
P51700052135,VPM Developers,0,0,0
P51700051350,Mellennium Dreams,0,0,0
P51700051405,Shree Vyankatesh Enterprises,0,0,0
P51700051406,GAGAN DEVELOPERS AND ENGINEERS,0,0,0
P51700051918,M/S SOHUM ENTERPRISES,0,0,0
P51700051400,ARUN BALU PATIL,0,0,0
P51700052369,BUILDBRICK BUILDERS AND DEVELOPERS,0,0,0
P51700051594,Eminent Constructions,0,1,0
P51700051285,KISHOR RATAN CHAUDHARY,0,0,0
P51700051941,HERAMB ENTERPRISES,0,0,0
P51700051881,Shivam Universal,0,0,0
P51700051520,AMBALAL BHANJI GAMI,0,0,0
P51700051441,ATLANTA CONSTRUCTION,0,0,0
P51700052794,Haware Properties LLP,0,0,0
P51700053825,Haware Properties LLP,0,0,0
P51700053020,OMKAR REALTORS,0,0,0
P51700051841,BORGAONKAR INFRA,0,0,0
P51700051133,A M CONSTRUCTIONS,0,0,0
P51700051273,M/S. Tescon Plan-I LLP,0,0,0
P51700052841,SHREEJI LIFESPACES INFRASTRUCTURE,0,0,0
P51700051593,GULABRAO BABURAO KARANJULE PATIL,0,0,0
P51700052218,MOHANKHEDA HERITAGE,0,0,0
P51700052396,R V ENTERPRISE,0,1,0
P51700051459,ATHARV ENTERPRISES,0,0,0
P51700054070,SARVODAY COMBINE,0,0,0
P51700051703,Buildcon Enterprises,0,0,0
P51700051627,MR RAVI YALLAPPA VHATKAR,0,0,0
P51700054117,M/s Rudrik Developers,0,0,0
P51700051856,Rachana Enterprises,0,0,0
P51700051270,ATHARVA CONSTRUCTIONS,0,0,0
P51700051631,SWAMINI INFRA PRIVATE LIMITED,0,0,0
P51700051875,SOMESHWARNATH DEVELOPERS,0,0,0
P51700051455,M K ENTERPRISES,0,0,0
P51700051574,Dream Infra,0,0,0
P51700052635,RAUNAK AVENUE REALTY,0,0,0
P51700051840,GOKULDHAM BUILDERS & DEVELOPERS,0,0,0
P51700051727,MIT INFRA,0,1,0
P51700052148,GANESH DEVELOPERS,0,0,0
P51700052121,Shree Balaji Realty,0,0,0
P51700051572,Shubh Associates,0,0,0
P51700052831,Golden Falcon Pacific Ltd,0,0,0
P51700051917,M SQUARE DEVELOPERS,0,0,0
P51700051985,GLOBE UNITED,0,0,0
P51700052609,MAA BHAWANI CONSTRUCTION,0,0,0
P51700051834,PRAKASH PADMAKAR LELE,0,0,0
P51700052085,Tirumala Developers,0,0,0
P51700053215,UNITY INFRA,0,0,0
P51700052193,BUILT CHARMS CORPORATION,0,0,0
P51700051779,APR Realty,0,0,0
P51700052074,OM SAI CONSTRUCTION,0,0,0
P51700051956,MACROTECH DEVELOPERS LIMITED,0,0,0
P51700051894,SHUBH GROUP,0,0,0
P51700053342,Vaishnavi Infra Developers,0,0,0
P51700054134,Dosti Construction,0,0,0
P51700052162,SIDDHI DEVELOPERS,0,0,0
P51700053044,CITY INFRA,0,0,0
P51700052697,SHARDA HOMES,0,0,0
P51700052762,SHUBH HOMES,0,0,0
P51700051868,M/S BKS Galaxy Realtors LLP,0,0,0
P51700052426,Emperia Lifespace,0,0,0
P51700052421,MACROTECH DEVELOPERS LIMITED,0,0,0
P51700051960,VG INFRA,0,0,0
P51700053286,SHREE VENKATESHWARA DEVELOPERS,0,0,0
P51700053225,M/s. MORYA GROUP,0,0,0
P51700054354,MAHESH HARDAS MAKHIJA (HUF),0,0,0
P51700052519,GURUDEV DEVELOPERS,0,0,0
P51700051857,Mayuresh Real Estate & Management PVT.LTD.,0,0,0
P51700052514,BUDHARAM GANPAT SARNOBAT,0,1,0
P51700053418,PLATINUM WILLOWS,0,0,0
P51700052948,INFINI DEVELOPERS,0,0,0
P51700052442,Raymond Limited,0,12,0
P51700053076,SALMAN IQBAL AHMED MOMIN,0,0,0
P51700052891,ANKITA BUILDERS,0,0,0
P51700053583,SHIV ENTERPRISES,0,0,0
P51700052478,M/s Samruddhi Builders & Developers,0,0,0
P51700054699,RAI RESIDENCY Private Limited,0,0,0
P51700052410,Jewel Builders and Infraprojects Ltd,0,0,0
P51700053155,Jeevan Tukaram Joshi,0,0,0
P51700052243,MACROTECH DEVELOPERS LIMITED,0,0,0
P51700052743,S. P. GROUP,0,0,0
P51700054127,SQUAREFEET ENTERPRISES,0,2,0
P51700053106,RNV Developers Private Limited,0,0,0
P51700052362,SHREE DURGA ENTERPRISES,0,0,0
P51700052461,Sunset Spaces Pvt. Ltd.,0,1,0
P51700052092,Gayatri Foundation,0,0,0
P51700052745,Buildtech Ventures Realty,0,0,0
P51700053154,ABHISHEK SHELTERS LIMITED,0,0,0
P51700054058,KASTUTI DEVELOPERS,0,0,0
P51700051526,P P CORPORATION,0,0,0
P51700051937,GLOBAL BUILDERS AND DEVELOPERS,0,0,0
P51700051963,SOHAM CONSTRUCTION,0,0,0
P51700051534,AUDUMBER BUILDERS & DEVELOPERS,0,0,0
P51700052267,PRAKASH DNYANDEV WANKHEDE,0,0,0
P51700053912,STONECRAFTERS,0,0,0
P51700051938,M/S SKYLINE INFRA,0,0,0
P51700053838,Ajay & Sanjay Maheshwari,0,0,0
P51700052620,SIDDHIVINAYAK GROUP NX,0,0,0
P51700053728,BHIMRAJ GANPAT MORE,0,0,0
P51700051424,ABHIJEET CONSTRUCTION,0,0,0
P51700052093,SHREEJI BUILDCON,0,0,0
P51700051381,Thanekar Construction LLP,0,0,0
P51700052542,BALAJI ENTERPRISES,0,0,0
P51700052002,SAI SATYAM REALTY LLP,0,0,0
P51700052714,MORYA ENTERPRISES,0,0,0
P51700053982,PARAMYOGI DEVELOPERS LLP,0,0,0
P51700052179,KGI REALTY PRIVATE LIMITED,0,0,0
P51700055074,Shubham Construction,0,0,0
P51700053743,KULSWAMINI BUILDERS AND DEVELOPERS,0,0,0
P51700051622,REEVA REALITY DEVELOPERS,0,0,0
P51700052579,Vastu Builders and Developers,0,0,0
P51700052602,SURESH KESHAVRAO YASHVANTRAO,0,0,0
P51700052622,M.S ENTERPRISES,0,0,0
P51700051807,SAI SAMARTH CONSTRUCTION,0,0,0
P51700052930,Lal Gebi Infra Co.,0,1,0
P51700051646,Shri Sai Associates,0,0,0
P51700051555,Bhumi Urban Lifespaces LLP,0,0,0
P51700053040,Ashish Waman Gole,0,0,0
P51700052473,SAI ENTERPRISES,0,0,0
P51700052696,GANESH HARISHCHANDRA DHONE,0,0,0
P51700051635,NEELPADMA INFRA,0,0,0
P51700051657,Sri Lifespace,0,0,0
P51700053140,S.K.Khambalkar Builders & Developers,0,0,0
P51700052132,M/s Alok Enterprises,0,2,0
P51700052156,SHREE PRABHAT DEVELOPER,0,0,0
P51700052719,VAISHNAVI HOUSING REALTY LLP,0,0,0
P51700052258,M/S PUSHPAK DEVELOPERS,0,0,0
P51700053070,AVIGHNA DEVELOPERS,0,0,0
P51700051567,SHREE KRISHNA REALITY,0,0,0
P51700052943,Om Sai Shraddha Developers,0,0,0
P51700054556,D A CONSTRUCTION,0,0,0
P51700052066,N K ASSOCIATES,0,0,0
P51700053059,SHREE NEELKANTH DEVELOPERS,0,0,0
P51700052497,Sanjiv Surendra Tamhane,0,0,0
P51700054486,Shree Samarth Enterprises,0,0,0
P51700055084,SWAPNIL NARAYAN PISE,0,0,0
P51700052604,RITU BUILDERS AND DEVELOPERS,0,0,0
P51700052798,OM SAI DEVELOPERS,0,0,0
P51700052333,MACROTECH DEVELOPERS LIMITED,0,1,0
P51700052278,POWER INFRATECH DEVELOPERS,0,0,0
P51700053121,NAYANTARA NXT,0,0,0
P51700052472,SHARVIL ENTERPRISES,0,0,0
P51700052406,MACROTECH DEVELOPERS LIMITED,0,1,0
P51700052012,Raymond Limited,0,5,0
P51700052008,Raymond Limited,0,5,0
P51700053122,MAHADEV DEVELOPERS,0,0,0
P51700053709,SURAJ ENTERPRISES,0,0,0
P51700052109,BALAJI CORPORATION,0,0,0
P51700053053,HARI OM CONSTRUCTION,0,0,0
P51700052999,SHREE GAJANAN BUILDERS AND DEVELOPERS,0,0,0
P51700052237,MACROTECH DEVELOPERS LIMITED,0,1,0
P51700053135,Apex Infra,0,0,0
P51700053303,ALBIN ANTHONY CHEYADEN,0,0,0
P51700053294,MORYA DEVELOPERS,0,0,0
P51700053054,POKHRIYAL AND ASSOCIATES,0,0,0
P51700052819,GURUKRUPA ENTERPRISES,0,0,0
P51700052322,AMRUT TARA REALTY PRIVATE LIMITED,0,0,0
P51700052657,Bhagwati Construction,0,0,0
P51700052310,Gayatri Builders,0,0,0
P51700052389,MACROTECH DEVELOPERS LIMITED,0,1,0
P51700052441,Runwal Residency Private Limited,0,0,0
P51700053926,SADGURU DEVELOPERS,0,0,0
P51700053213,Yojit Builder,0,0,0
P51700052476,SHIVESH REALTY PRIVATE LIMITED,0,0,0
P51700052989,SHUBHAM REALTY,0,0,0
P51700053842,NITIN RAJARAM GHARAT,0,0,0
P51700052606,DEEPALI LANDSCAPE,0,0,0
P51700054428,Riom Developers,0,1,0
P51700053573,PARAM DEVELOPERS,0,0,0
P51700055007,SKY DEVELOPERS,0,0,0
P51700052776,Padmavati Residency,0,0,0
P51700053689,Amit Ashok Shelar,0,0,0
P51700052997,SHREE PRABHA CONSTRUCTION,0,0,0
P51700052460,RDP REALTORS PRIVATE LIMITED,0,0,0
P51700053883,Shree Samarth Developers,0,0,0
P51700054381,MANDAR CONSTRUCTION AND DEVELOPERS,0,0,0
P51700052512,Sea Green Homes,0,0,0
P51700054702,ASHAPURA COMBINES,0,0,0
P51700052523,LAKHANI BUILDERS PVT LTD,0,0,0
P51700054547,TRIMURTI CONSTRUCTION,0,0,0
P51700053073,EVERGREEN DEVELOPERS,0,0,0
P51700052670,RAKESH TAPESHWAR SINGH,0,0,0
P51700052431,JVM Spectrum LLP,0,0,0
P51700052882,Amogh Construction,0,0,0
P51700052687,SAFAL ENTERPRISES,0,0,0
P51700052485,REGENCY NIRMAN LTD,0,8,0
P51700052785,SWAMI NARAYAN ENTERPRISES,0,0,0
P51700053364,PADMADISHA PARADISE,0,0,0
P51700054131,ASHAPURA COMBINES,0,0,0
P51700052965,NEELKANTH INFRATECH,0,0,0
P51700053811,REGENCY SHELTERS LLP,0,4,18
P51700052561,HORIZON PROJECTS PVT LTD,0,4,0
P51700053083,INFINITY INFRA,0,0,0
P51700053095,ADRIKA DEVELOPERS PRIVATE LIMITED,0,1,0
P51700053065,Shashank Enterprises,0,0,0
P51700053134,HONOUR REALTY,0,0,0
P51700054241,SANJAY BHAGWAN PATIL,0,0,0
P51700052450,ADITYA BUILDCON,0,0,0
P51700052909,Sheela Ravindra Ghormode,0,0,0
P51700055012,Gaurivinayak Builders and Developers Pvt Ltd,0,0,0
P51700053952,Gaurivinayak Builders and Developers Pvt Ltd,0,0,0
P51700055361,SHUBH VASTU DEVELEOPERS,0,0,0
P51700052640,SUBHASH SKYLINE INFRA,0,0,0
P51700052932,SHUBH BUILDSPACE,0,0,0
P51700052377,VISION INFRA,0,0,0
P51700055115,Shree Samarth Enterprises,0,0,0
P51700052866,SHREE MAULI CHS LTD,0,0,0
P51700052470,MACROTECH DEVELOPERS LIMITED,0,0,0
P51700052950,MACROTECH DEVELOPERS LIMITED,0,1,0
P51700052645,Shubh Housing,0,0,0
P51700052578,MACROTECH DEVELOPERS LIMITED,0,1,0
P51700053124,MACROTECH DEVELOPERS LIMITED,0,0,0
P51700052596,Mountain Dream Realty LLP,0,0,0
P51700052588,Sai Mauli Enterprises,0,0,0
P51700054327,THARWANI PROPERTIES,0,1,0
P51700053108,VASTUNIRMAN DEVELOPERS,0,0,0
P51700052636,SHREE DEVELOPERS,0,0,0
P51700053671,SHRI RAM STHAPATYA,0,37,0
P51700053057,ADRIKA DEVELOPERS PRIVATE LIMITED,0,2,0
P51700054106,PRAMUKH DEVELOPERS,0,0,0
P51700053096,ADRIKA DEVELOPERS PRIVATE LIMITED,0,1,0
P51700053217,ADRIKA DEVELOPERS PRIVATE LIMITED,0,1,0
P51700052958,GLS INFRASTRUCTURES,0,0,0
P51700054189,SHREE DEVELOPERS,0,0,0
P51700052710,Out N Out Infotech India LLP,0,0,0
P51700053675,SUBH DEVELOPERS,0,0,0
P51700053444,YOGIRAJ HERITAGE,0,0,0
P51700053427,G.K.BUILDERS,0,0,0
P51700052581,Nest Developer,0,0,0
P51700052732,PYRAMID INFRATECH CO,0,0,0
P51700052749,BHUSHAN BALKRISHNA BANDRE,0,0,0
P51700052981,AADARSH DEVELOPERS,0,0,0
P51700053412,Majestic Horizon Bhumi Developers,0,0,0
P51700053888,SHRI RAM STHAPATYA,0,37,0
P51700052956,Satyam Ventures Private Limited,0,0,0
P51700053276,V M Constructions,0,0,0
P51700053067,Macrotech Developers Limited,0,0,0
P51700053120,EMPIRE ARENA,0,0,0
P51700052991,GURURAJ ENTERPRISES BUILDERS AND DEVELOPERS,0,0,0
P51700053292,Maulikrupa Developers,0,0,0
P51700054746,Tiruma Sai Builders,0,1,0
P51700053264,Harasiddh Realtors,0,0,0
P51700053525,MOHAN LIFESPACES LLP,0,1,0
P51700053275,TPV Ventures LLP,0,0,0
P51700053376,Patkar Realty,0,0,0
P51700054034,Panvelkar Realty Pvt Ltd,0,0,0
P51700052959,NEELKANTH INFRATECH,0,0,0
P51700053969,SHRIKRISHNA RAMCHANDRA MARATHE,0,0,0
P51700053192,SWAMINARAYAN RESIDENCY,0,0,0
P51700054317,TULSI KIMAYA CONSTRUCTION,0,0,0
P51700053006,RUTURAJ DEVELOPERS,0,0,0
P51700053133,PRACHI GROUP,0,0,0
P51700053968,INFINI DEVELOPERS,0,0,0
P51700053528,Raymond Limited,0,4,0
P51700052723,SATYAM LIFESCAPES LLP,0,0,0
P51700053309,Stonecrafters,0,0,0
P51700053219,VENUS NIRVANA LLP,0,0,0
P51700053110,Kapstone Constructions Private Limited,0,1,0
P51700054484,ASHAPURA CREATIONS,0,0,0
P51700053115,ADITI INFRA,0,0,0
P51700053651,SUBH ASSOCIATES,0,0,0
P51700054017,VEER LIFE SPACES LLP,0,0,0
P51700052990,RAJ LAXMI DEVELOPERS,0,0,0
P51700053544,Empire Developers,0,0,0
P51700053109,Kapstone Constructions Private Limited,0,1,0
P51700053659,MEGA SQUARE DEVELOPERS,0,0,0
P51700055327,BLISSFUL BUILDCON LLP,0,0,0
P51700053191,MACROTECH DEVELOPERS LIMITED,0,0,0
P51700053843,Runwal Residency Private Limited,0,0,0
P51700053149,FORE HOLDINGS,0,0,0
P51700053596,REGENCY NIRMAN LTD,0,0,0
P51700053644,NAKSHATRA GROUP,0,0,0
P51700053157,NEXTERA BUILDERS AND DEVELOPERS,0,3,0
P51700054273,SAPTASHREE REALITY PRIVATE LIMITED,0,0,0
P51700054041,ARC DEVELOPERS,0,0,0
P51700054206,M/S VASTU REALTY,0,0,0
P51700055165,Pafilia Spaces LLP,0,1,0
P51700053017,MACROTECH DEVELOPERS LIMITED,0,0,0
P51700053453,NEST DEVELOPERS,0,0,0
P51700053448,SUPERIOR NAVKAR BUILDERS,0,0,0
P51700053942,RAJKUMAR TULJARAM ASWANI,0,0,0
P51700053328,INFINITY INFRA,0,0,0
P51700054138,PARNAD ANIL GUPTE,0,0,0
P51700054296,PROGRESSIVE HOMES,0,0,0
P51700053313,VIREN KISHOR JAIN,0,0,0
P51700054489,YASH ENTERPRISES,0,0,0
P51700053385,BUILT IN REALITY,0,0,0
P51700053476,Aditya Associates,0,0,0
P51700054040,PRASHANT WAGAJI GAWANDE,0,0,0
P51700053152,PYRAMID DEVELOPERS,0,0,0
P51700053314,REGENCY NIRMAN LTD,0,0,0
P51700054438,YASHASHREE CONSTRUCTION,0,0,0
P51700053386,GAGAN HOMES,0,0,0
P51700053379,SHIVSHAKTI BUILDCON,0,0,0
P51700053323,ISHANVI ASHAPURA DEVELOPERS,0,0,0
P51700053898,Sonawane Infrastructure Private Limited,0,0,0
P51700054803,AARTI ENTERPRISES,0,0,0
P51700053356,Reliable Infra,0,0,0
P51700053334,SHREE BUDHDEV INFRA,0,0,0
P51700053439,SUNTECK PROPERTY HOLDINGS PRIVATE LIMITED,0,11,0
P51700054858,SPLENDOR SHELTERS PRIVATE LIMITED,0,0,0
P51700053312,SUNTECK PROPERTY HOLDINGS PRIVATE LIMITED,0,11,0
P51700053344,UMA INFRATECH,0,0,0
P51700055090,Mahesh Enterprises,0,0,0
P51700054021,M/s. Mauli Developers,0,0,0
P51700053721,JAY DEVELOPERS,0,0,0
P51700054120,ATLANTA BUILDCON,0,0,0
P51700054143,SHANTI BUILDERS & DEVELOPERS,0,0,0
P51700054917,PRAGATI HOMES,0,0,0
P51700055019,RAI LIFESPACES,0,0,0
P51700053973,LAXMI DEVELOPERS,0,0,0
P51700054037,DOSTI ENTERPRISES,0,0,0
P51700054336,NARANG REALTY PRIVATE LIMITED,0,0,0
P51700054399,Vijay Chahu Patil,0,0,0
P51700055439,SHIVANSH INFRA,0,0,0
P51700054510,Inspiration SG Infracon  LLP,0,0,0
P51700053802,HERAMBB BUILDERS,0,0,0
P51700053826,Haware Properties LLP,0,0,0
P51700054237,KULSWAMINI BUILDCON,0,0,0
P51700054724,MIVAAN BUILDCON PRIVATE LIMITED,0,0,0
P51700055468,THARWANI CONSTRUCTIONS PVT LTD,0,2,0
P51700054953,SANGITA SHARAD SURYARAV,0,0,0
P51700055124,VAIDIKH NIRMAAN LLP,0,0,0
P51700054649,Fortune Group of Construction,0,0,0
P51700055001,PINNACLE SPM GROUP,0,0,0
P51700055022,PARADISE MKH BUILDERS & DEVELOPERS,0,0,0
P51700054974,Borkar Realty,0,0,0
P51700055039,DEEPAK BHALCHANDRA MHATRE,0,0,0
P51700054522,SQUAREFEET CONSTRUCTION,0,0,0
P51700054819,PROGRESSIVE HOMES,0,0,0
P51700054546,SHREE RAM BUILDERS,0,0,0
P51700055249,MANOVI UPTOWN,0,0,0
P51700055363,MATOSHREE SPACE BUILDERS AND DEVELOPERS,0,0,0
P51700054442,INFINI DEVELOPERS,0,0,0
P51700055393,SEEMA RAMESH KADAV,0,0,0
P51700054533,URBAN LIFESPACE,0,0,0
P51700055291,PAWAR GROUP,0,0,0
P51700055388,GHANSHYAM SITARAM BHOIR,0,0,0
P51700054674,Mahesh Shriram Borkar,0,0,0
P51700055452,SHREE LAXMI REALTY,0,0,0
P51700055151,Shree Radha Construction,0,0,0
P51700054685,VISHWAJEET INFRASTRUCTURE,0,0,0
P51700055339,Siddhi Vinayak Builders & Developers,0,0,0
P51700054921,M/S. WESTERN ARCH COMPANY,0,0,0
P51700055138,SWAMI NARAYAN ENTERPRISES,0,0,0
P51700055322,Shiv Corporation,0,0,0
P51700054437,Luxora Realtors Private Limited,0,0,0
P51700054859,Manohar Vithu Chaudhari,0,0,0
P51700054952,SHIVOM BUILDERS AND DEVELOPERS,0,0,0
P51700055145,MOON STAR DEVELOPERS LLP,0,1,0
P51700055350,Indoria & Sons Realtors LLP,0,4,0
P51700055227,RUDRAA DEVELOPERS,0,0,0
P51700054732,PADMANABH DEVELOPERS,0,0,0
P51700055059,SKYLINE INFRA,0,0,0
P51700055458,ROYAL BUILDERS AND DEVELOPERS,0,0,0
P51700054811,Rachana Empire,0,0,0
P51700054980,EMPIRE INDUSTRIES LIMITED,0,0,0
P51700054790,Ekatva Buidcon,0,0,0
P51700054892,KEYBLUE REALTORS PRIVATE LIMITED,0,0,0
P51700054934,VIDHI ENTERPRISES,0,0,0
P51700054780,Urban Space Buildcon Private Limited,0,0,0
P51700054749,KRIVI CONSTRUCTION,0,0,0
P51700054882,SHUBH BUILDERS,0,0,0
P51700055426,V3 Reality,0,0,0
P51700055364,RAI RESIDENCY PRIVATE LIMITED,0,0,0
P51700055457,Concord Realty,0,0,0
P51700053915,Haware Properties LLP,0,0,0
P51700055259,J B CONSTRUCTIONS,0,0,0
P51700054763,ANIRUDDHA BUILDCON,0,0,0
P51700054552,Mohd Salim Yusuf,0,1,0
P51700053764,AKSHAR BHAGWATI VENTURES LLP,0,0,0
P51700053668,Godrej Properties Limited,0,0,0
P51700054687,SHUBH ENTERPRISES,0,0,0
P51700054527,Mahadev Enclaves,0,0,0
P51700053696,Dhruva Woollen Mills Pvt Ltd,0,6,0
P51700054322,LFKA BUILDERS AND DEVELOPERS,0,0,0
P51700054506,Kumar & Kumar Builders LLP,0,0,0
P51700054404,ATREE DEVELOPERS,0,0,0
P51700054798,K S BUILDERS & DEVELOPERS,0,0,0
P51700054954,N.A.BUILDERS,0,0,0
P51700053830,BALAJI WORLD,0,0,0
P51700054424,DOSTI ENTERPRISES,0,3,0
P51700054299,SAI LIFESTYLE,0,0,0
P51700054104,Nirmaan Realty,0,0,0
P51700054140,JAI MATA JI DEVELOPERS,0,0,0
P51700055211,OM SAI DEVELOPERS,0,0,0
P51700054644,Gajra Ventures Private Limited,0,2,0
P51700055396,ASHTAVINAYAK CONSTRUCTION,0,0,0
P51700053947,Raymond Limited,0,5,0
P51700054290,MAITRI GANADHISH,0,0,0
P51700054123,ADARSHA CO OPERATIVE HOUSING SOCIETY LIMITED,0,0,0
P51700054245,M/S SAMARTH SAVLI HOMES,0,0,0
P51700054118,ASHAPURA BUILDTECH,0,0,0
P51700054606,Shree Sawan Buildcon,0,0,0
P51700054590,Avighna Redevelopers,0,0,0
P51700055326,ATREE REALTORS,0,0,0
P51700054426,Riddhi Siddhi Buildcon,0,0,0
P51700055450,HAITECH HOUSING DEVELOPMENT AND CONSTRUCTION,0,0,0
P51700054276,AMORE BUILDERS LLP,0,0,0
P51700054347,TISAI ENTERPRISES,0,0,0
P51700053815,Experio Ventures,0,0,0
P51700054783,PRAMUKH DEVELOPERS,0,0,0
P51700054586,AKASH ASHOK SAWANT,0,0,0
P51700054187,GP Infra,0,0,0
P51700055051,R P ENTERPRISES,0,0,0
P51700054620,K V M and Morya Group,0,0,0
P51700055300,RADHIKA CONSTRUCTION COMPANY,0,0,0
P51700054200,OCTAVE INFRAVENTURES LLP,0,0,0
P51700054751,Macrotech Developers Limited,0,0,0
P51700054466,MATRIX LIFESTYLE,0,0,0
P51700055096,MALI INFRA,0,0,0
P51700054111,Green World Realtors,0,0,0
P51700055023,SHREE HAREKRISHNA REALTOR,0,0,0
P51700055313,KRISHNA INFRA,0,0,0
P51700055371,VENUS NIRVANA LLP,0,0,0
P51700054872,OM SAI CONSTRUCTION,0,0,0
P51700054957,VADNERE BUILDER & DEVELOPERS,0,0,0
P51700055226,YOGIRAJ SKYLINE,0,0,0
P51700055154,BHUSHAN NANDKISHOR PATKAR,0,0,0
P51700054822,VIKAS WAMAN MHATRE,0,0,0
P51700055086,SAPTASHREE TECH WORLD,0,0,0
P51700055323,NIRMITI BUILDERS & DEVELOPERS,0,0,0
P51700055139,DINAAR DEVELOPERS,0,0,0
P51700054835,SHANKHESHWAR KREATERS,0,0,0
P51700055050,SIDDHARTHA CONSTRUCTIONS,0,0,0
P51700054943,WALEKAR REALTY,0,0,0
P51700055444,SONALI HOMES LLP,0,0,0
P51700054944,SHIVNATH DEVELOPER,0,0,0
P51700054766,Zenith Home Maker,0,0,0
P51700055269,EKATVA DEVELOPERS,0,0,0
P51700055160,SHREEMAN DEVELOPERS,0,0,0
P51700055335,CHALAMA INFRAPROPERTIES PRIVATE LIMITED,0,0,0
P51700055206,C K Developers,0,0,0
P51700055289,Laukik Lifestyles,0,0,0
P51700055418,Shubham Bhavya Infra,0,0,0
P51700055377,MOHAN HARDASMAL THARWANI,0,0,0
P51700055192,SOHAM INFRASTRUCTURE,0,0,0
P51700055366,Macrotech Developers Limited,0,0,0
P51700055252,QUBA SQUARE LLP,0,0,0
P51700055414,Sarvoday Group,0,0,0
