rera_certificate_no,project_name,builder_name,locality,district,bhk_config,carpet_area_sqft,price_inr,construction_stage,possession_date,rera_registration_date
P51700000001,MAYFAIR VISHWARAJA,MAYFAIR HOUSING PRIVATE LIMITED,421605,Thane,,,,under_construction,2018-06-30,
P51700002065,MERIDIAN MYSTIC,MANOJ  AWASTHI,400706,Thane,,,,under_construction,2019-12-31,
P51700005959,nakshatra,Harshal Ramdas Navghare,421503,Thane,,,,under_construction,2019-05-31,
P51700002939,K T PREMIA,K T & CO,421302,Thane,,,,under_construction,2023-12-30,
P51700000644,THANEKAR PARKLAND,AJAY MADHUKAR THANEKAR,421503,Thane,,,,under_construction,2019-12-31,
P51700000829,Mohan Areca,MOHAN LIFESPACES LLP,421503,Thane,,,,under_construction,2022-12-30,
P51700000095,Evergreen Heights,Vijay  Vasudev Wadhwa,400605,Thane,,,,under_construction,2018-12-31,
P51700000006,THE PALMS,METRO DEVELOPMENT,400706,Thane,,,,under_construction,2019-03-31,
P51700000624,KESHAV KUNJ IV,ASHA DEVELOPERS,400706,Thane,,,,under_construction,2018-07-22,
P51700002027,Plan S Business Park,M/s. Vishwa Green Realtors Private Limited,400706,Thane,,,,under_construction,2024-12-30,
P51800003594,Bhavani Heights,Kalyani Enterprises,421503,Thane,,,,under_construction,2023-12-30,
P51700004413,GNP ARCADIA,PRIVA INFRACON,421202,Thane,,,,under_construction,2022-01-30,
P51700004200,GNP GALLERIA,Ganadhish GNP,421201,Thane,,,,under_construction,2022-01-30,
P51700007963,SOLITAIRE INDUSTRIAL ESTATE,Shelter Construction,421201,Thane,,,,under_construction,2018-12-31,
P51700000064,TULSI AAHAN,RAJ GROUP,421503,Thane,,,,under_construction,2019-12-31,
P51700005257,VARSHA MEADOWS,JAYESH BUILDCON,421306,Thane,,,,under_construction,2022-11-27,
P51700001682,EKDANT DEVELOPERS,EKDANT DEVELOPERS,421201,Thane,,,,under_construction,2022-06-30,
P51700000258,LODHA SPLENDORA - PLATINO - B,MACROTECH DEVELOPERS LIMITED,400607,Thane,,,,under_construction,2019-03-31,
P51700008355,MIRADOR OASIS ESTATE PHASE 2,Mirador Construction Pvt Ltd,421601,Thane,,,,under_construction,2018-08-15,
P51700000327,Omkar Heights,Swati Enterprises,421605,Thane,,,,under_construction,2017-12-31,
P51700002467,Virat Vastu,SHREEJI REALTY,421102,Thane,,,,under_construction,2018-12-31,
P51700000659,LODHA SPLENDORA - PLATINO - D,MACROTECH DEVELOPERS LIMITED,400607,Thane,,,,under_construction,2022-09-30,
P51700011663,VASTU SIDDHI,SIDDHIVINAYAK GROUP,421505,Thane,,,,under_construction,2019-09-30,
P51700001654,VISHWAJEET ELITE,VISHWAJEET MEADOWS,421501,Thane,,,,under_construction,2019-12-31,
P51700004837,Sukoon Heights,VIRANI CONSTRUCTION COMPANY,400612,Thane,,,,under_construction,2026-04-01,
P51700009599,EKDANTAY,R K BUILDCON,421605,Thane,,,,under_construction,2018-11-30,
P51700000038,THE WHITE VILLAS,St. Angelo's VNCT Ventures Pvt. Ltd.,420601,Thane,,,,under_construction,2026-12-31,
P51700000885,KEYSTONE SOLISTA,Keystone Lifespaces Private Limited,400706,Thane,,,,under_construction,2023-12-30,
P51700000111,Bharat Ecovistas Phase II,BHARAT REALTY VENTURE PRIVATE LIMITED,400616,Thane,,,,under_construction,2023-12-30,
P51700000782,Kondilkar Residency,Aditi Construction,421503,Thane,,,,under_construction,2019-01-01,
P51700000734,VASANT FIONA,Sheth Developers Private Limited,400601,Thane,,,,under_construction,2019-12-31,
P51700010440,SATYAM OLEANDER,SAHYOG GROUP,421501,Thane,,,,under_construction,2019-12-31,
P51700002757,DEVBHOOMI RESIDENTIAL COMPLEX,Akshay Enterprises,421503,Thane,,,,under_construction,2019-05-31,
P51700011790,ORCHID,ROYALE URBANSPACE LLP,421601,Thane,,,,under_construction,2019-07-31,
P51700001851,REDEVELOPMENT OF PARIJAT BUILDING OF SANKSRITI NAGAR COOP HSG SOC LTD,OJASS CONSTRUCTIONS,400602,Thane,,,,under_construction,2021-12-19,
P51700008568,THE CHALETS AVENUE,ASSETS REALITY,421503,Thane,,,,under_construction,2024-03-31,
P51700000427,FORTUNA B,ROMA BUILDERS PRIVATE LIMITED,400607,Thane,,,,under_construction,2019-12-31,
P51700000068,NG GRAND PLAZA PHASE I,OM NAMAH SHIVAY DEVELOPERS PRIVATE LIMITED,400701,Thane,,,,under_construction,2019-12-15,
P51700000395,PALAVA VISTA A to D,Palava Dwellers Private Limited,421202,Thane,,,,under_construction,2018-04-30,
P51700000378,Palava Cielo A - F,Palava Dwellers Private Limited,421202,Thane,,,,under_construction,2018-12-31,
P51700000125,PALAVA - ELITE - A to J,Palava Dwellers Private Limited,421202,Thane,,,,under_construction,2018-01-31,
P51700000342,PALAVA VIENTO A to D,Palava Dwellers Private Limited,421202,Thane,,,,under_construction,2018-03-31,
P51700008571,RAMBHUVAN RESIDENCY,ABHAY ANANT KAMAT,421201,Thane,,,,under_construction,2018-12-31,
P51700000269,PALAVA - PASEO - D to H,Palava Dwellers Private Limited,421202,Thane,,,,under_construction,2018-06-30,
P51700000389,PALAVA ELITE K TO T,Palava Dwellers Private Limited,421202,Thane,,,,under_construction,2018-07-31,
P51700000124,PALAVA LAGOONA A TO F,Palava Dwellers Private Limited,421202,Thane,,,,under_construction,2018-06-30,
P51700000384,PALAVA LAKESIDE A to H,Palava Dwellers Private Limited,421202,Thane,,,,under_construction,2018-07-31,
P51700000391,PALAVA PRIMIA E to J,Palava Dwellers Private Limited,421202,Thane,,,,under_construction,2019-02-28,
P51700000410,PALAVA LAKESIDE I TO O,Palava Dwellers Private Limited,421202,Thane,,,,under_construction,2018-01-31,
P51700000142,PALAVA - UNO H - O,Palava Dwellers Private Limited,421202,Thane,,,,under_construction,2017-12-31,
P51700000390,PALAVA REGALIA A to F,Palava Dwellers Private Limited,421202,Thane,,,,under_construction,2018-12-31,
P51700000089,Eagleton,ROMA BUILDERS PRIVATE LIMITED,400607,Thane,,,,under_construction,2022-12-30,
P51700010238,NAYANTARA ASSOCIATES,NAYANTARA ASSOCIATES,421201,Thane,,,,under_construction,2021-12-20,
P51700000831,Courtyard - Florence,COURTYARD REAL ESTATE PRIVATE LIMITED,400601,Thane,,,,under_construction,2021-12-30,
P51700006760,Mera Ghar,Parshwa Gruh Nirman LLP,400612,Thane,,,,under_construction,2020-10-30,
P51700001008,SPARSH,Indiapride Infraspaces,400614,Thane,,,,under_construction,2021-12-30,
P51700000074,Juhi Serenity,Vijaykumar Baldev Bajaj,400701,Thane,,,,under_construction,2023-12-25,
P51700000681,Courtyard - Ornella,COURTYARD REAL ESTATE PRIVATE LIMITED,400601,Thane,,,,under_construction,2023-05-30,
P51700000611,Courtyard - Ivy,COURTYARD REAL ESTATE PRIVATE LIMITED,400601,Thane,,,,under_construction,2021-12-30,
P51700000714,Courtyard - Onyx,COURTYARD REAL ESTATE PRIVATE LIMITED,400601,Thane,,,,under_construction,2023-05-30,
P51700000091,Hampton,ROMA BUILDERS PRIVATE LIMITED,400607,Thane,,,,under_construction,2022-12-30,
P51700000352,PATEL PLANET - JUPITER,DHANLAXMI DEVELOPERS,421501,Thane,,,,under_construction,2018-07-30,
P51700001172,PATELS SIGNATURE,SERENE INFRATECH CO,421501,Thane,,,,under_construction,2022-03-30,
P51700000199,"LODHA SPLENDORA PLATINO E TO G , VIVANT A TO D",MACROTECH DEVELOPERS LIMITED,400607,Thane,,,,under_construction,2019-06-30,
P51700002400,TRICITY PALACIO,TRICITY REALTY LLP,400706,Thane,,,,under_construction,2023-09-30,
P51700000743,PRAMUKH SADAN,SAHAJANAND DEVELOPERS,421501,Thane,,,,under_construction,2019-03-31,
P51700002560,YOGI NIWAS,ELITE INFRASTRUCTURE,421501,Thane,,,,under_construction,2018-06-30,
P51700015836,Capsule Business Hub,Maa Vaishnavi Builders & Developers,421301,Thane,,,,under_construction,2024-06-30,
P51700000559,Kamdhenu Commerz,KAMDHENU BUILDERS AND DEVELOPERS,400703,Thane,,,,under_construction,2019-12-31,
P51700000511,PALAVA - AURELIA - D TO G,Palava Dwellers Private Limited,421202,Thane,,,,under_construction,2022-01-30,
P51700000152,Fairway,ROMA BUILDERS PRIVATE LIMITED,400607,Thane,,,,under_construction,2022-12-30,
P51700000153,Cloverdale,ROMA BUILDERS PRIVATE LIMITED,400607,Thane,,,,under_construction,2022-12-30,
P51700000129,Clifton,ROMA BUILDERS PRIVATE LIMITED,400607,Thane,,,,under_construction,2022-12-30,
P51700000146,Willowcrest,ROMA BUILDERS PRIVATE LIMITED,400607,Thane,,,,under_construction,2022-12-30,
P51700002237,Shree Sai Pooja,M/s Mahalaxmi Construction Co.,421503,Thane,,,,under_construction,2019-12-31,
P51700000117,Barrington,ROMA BUILDERS PRIVATE LIMITED,400607,Thane,,,,under_construction,2022-12-30,
P51700000139,Preston,ROMA BUILDERS PRIVATE LIMITED,400607,Thane,,,,under_construction,2022-12-30,
P51700005934,Irasa Greens,SUBURBAN SPACES LLP,421302,Thane,,,,under_construction,2025-12-30,
P51700010181,PENTAGON ENCLAVE,DAMJI HARI INFRASTRUCTURE PVT LTD,421601,Thane,,,,under_construction,2024-12-30,
P51700003667,ENTILLA BY DEV,DEV KONARK CORPORATION,421503,Thane,,,,under_construction,2018-09-30,
P51700005908,RAJESH CO-OPERATIVE HOUSING SOCIETY,JOSHI ENTERPRISES,400602,Thane,,,,under_construction,2023-09-30,
P51700001820,JAINAM RESIDENCY,KBP CORPORATION,421501,Thane,,,,under_construction,2022-07-30,
P51700000745,PATEL RESIDENCY NX,NAVNIRMAN DEVELOPERS,421501,Thane,,,,under_construction,2018-07-30,
P51700001729,SHETH AVALON - PHASE 1,Sheth Developers Private Limited,400601,Thane,,,,under_construction,2021-12-30,
P51700006800,Royce Paradise Phase II,Royce Developers,421301,Thane,,,,under_construction,2024-06-30,
P51700000149,SHREE SAI LEELA,SHREE SAI BUILDERS & DEVELOPERS,421501,Thane,,,,under_construction,2018-06-30,
P51700001003,Euro Ville Phase I,Vastu Rachana JV,421601,Thane,,,,under_construction,2022-12-30,
P51700000166,NILOY,SHREE SAI BUILDERS & DEVELOPERS,421501,Thane,,,,under_construction,2019-12-31,
P51700000235,BRITTO HOUSE,SHREE SAI BUILDERS & DEVELOPERS,421501,Thane,,,,under_construction,2018-12-31,
P51700000216,SHREE SAI PANACHE,GYANDEV BUILDERS & DEVELOPERS,421501,Thane,,,,under_construction,2020-12-30,
P51700000865,PATELS RESIDENCY,PARAM BUILDERS AND DEVELOPERS,421501,Thane,,,,under_construction,2019-03-31,
P51700001090,Euro Ville Phase II,Vastu Rachana JV,421601,Thane,,,,under_construction,2022-12-30,
P51700001875,Saket Iris,ANIL SHILPAYATAN PRIVATE LIMITED,421306,Thane,,,,under_construction,2019-04-19,
P51700000193,Solus,ROMA BUILDERS PRIVATE LIMITED,400607,Thane,,,,under_construction,2024-12-30,
P51700002433,Thana Co-Op Housing Society Sopan,Aditya Associates,400602,Thane,,,,under_construction,2021-12-30,
P51700004847,Marvel Mountain,Marvel Buildcons,421003,Thane,,,,under_construction,2022-12-31,
P51700002132,COMMERCIAL-1,S M ASSOCIATES,421301,Thane,,,,under_construction,2024-06-30,
P51700002138,COMMERCIAL-2,S M ASSOCIATES,421301,Thane,,,,under_construction,2024-06-30,
P51700002586,JOSHI DATTA NAGAR,Bhalchandra  Wadnerkar,421201,Thane,,,,under_construction,2017-12-31,
P51700002509,GODOWN-A,S M ASSOCIATES,421301,Thane,,,,under_construction,2024-06-30,
P51700000874,PATELS PRIDE,PRIDE INFRASTRUCTURE,421501,Thane,,,,under_construction,2018-12-31,
P51700002522,NIRMAL,Bhalchandra  Wadnerkar,421201,Thane,,,,under_construction,2017-12-31,
P51700004428,SARASWATI CASTLE,BHUMIKA DEVELOPERS,421201,Thane,,,,under_construction,2018-04-30,
P51700000584,Kalpataru Hills - Building 2A,Kalpataru Properties (Thane) Pvt. Ltd.,400610,Thane,,,,under_construction,2022-12-30,
P51700000295,Serein Phase 1,ARDENT PROPERTIES PRIVATE LIMITED,400610,Thane,,,,under_construction,2023-03-31,
P51700000197,Solitaire B,ROMA BUILDERS PRIVATE LIMITED,400607,Thane,,,,under_construction,2024-12-30,
P51700000413,Solitaire C,ROMA BUILDERS PRIVATE LIMITED,400607,Thane,,,,under_construction,2024-12-30,
P51700002966,AND SUNFLOWER,ANANTNATH DEVELOPERS,400612,Thane,,,,under_construction,2019-12-31,
P51700000540,PALAVA CLARA E - I,Palava Dwellers Private Limited,421202,Thane,,,,under_construction,2020-12-30,
P51700000596,PALAVA FONTANA C - H,Palava Dwellers Private Limited,421202,Thane,,,,under_construction,2020-12-30,
P51700000506,"FONTANA A ,B, I and J",Palava Dwellers Private Limited,421202,Thane,,,,under_construction,2022-12-30,
P51700000577,PALAVA URBANO D AND E,Palava Dwellers Private Limited,421202,Thane,,,,under_construction,2022-10-30,
P51700000696,PALAVA URBANO G AND H,Palava Dwellers Private Limited,421202,Thane,,,,under_construction,2022-12-30,
P51700000419,"PALAVA EVIVA K to T, URBANO A, B, C and F, URBANO I to T",Palava Dwellers Private Limited,421202,Thane,,,,under_construction,2019-06-30,
P51700000546,PALAVA SAVANA AND SIENA,Macrotech Developers Limited,421204,Thane,,,,under_construction,2021-02-28,
P51800001460,DYNAMIC CREST PHASE I - RIMO/EVEREST,SNEH MAKEWELL LLP,421204,Thane,,,,under_construction,2022-12-30,
P51700002661,GOLDEN VALLEY,A PLUS REALTY,421503,Thane,,,,under_construction,2023-02-03,
P51700003864,BHAGWATI ELEGANZA,BHAGWATI DEVELOPERS,400701,Thane,,,,under_construction,2018-12-31,
P51700001799,Kashish Park Tower B,Kashish Park Realtors,400604,Thane,,,,under_construction,2022-12-30,
P51700000308,Amantra Phase 2,TATA HOUSING DEVELOPMENT COMPANY LIMITED,421302,Thane,,,,under_construction,2018-03-31,
P51700009882,Elite Solitaire 16,VIJAY ASSOCIATES (WADHWA),400607,Thane,,,,under_construction,2021-12-30,
P51700006610,Elite Solitaire 15,VIJAY ASSOCIATES (WADHWA),400607,Thane,,,,under_construction,2021-12-30,
P51700008189,Elite Platina 19,VIJAY ASSOCIATES (WADHWA),400607,Thane,,,,under_construction,2021-12-30,
P51700010204,Elite Platina 20,VIJAY ASSOCIATES (WADHWA),400607,Thane,,,,under_construction,2021-12-30,
P51700000365,Hubtown Greenwoods A wing,Hubtown Limited,400606,Thane,,,,under_construction,2018-09-30,
P51700000837,SAPTASHREE HEIGHTS,SAPTASHREE REALITY PRIVATE LIMITED,400602,Thane,,,,under_construction,2018-05-31,
P51700003306,VRUNDAVAN,SHREE VASTURACHANA DEVELOPERS,421302,Thane,,,,under_construction,2020-12-29,
P51700003336,LA PROMENADE BAYWALK,AADI DEVELOPERS,421102,Thane,,,,under_construction,2025-09-30,
P51700003326,SHREE SIDDHIVINAYAK HEIGHTS,AJIT KRISHNAN RATNAM,421605,Thane,,,,under_construction,2019-12-31,
P51700000369,Hubtown Greenwoods D Wing,Hubtown Limited,400606,Thane,,,,under_construction,2021-01-30,
P51700000358,Hubtown Greenwoods E Wing,Hubtown Limited,400606,Thane,,,,under_construction,2021-01-30,
P51700011113,SAI RESIDENCY,KALPAVRUKSHA DEVELOPERS,421501,Thane,,,,under_construction,2018-06-30,
P51700002499,WADHWA RHODESIA,WADHWA BUILDCON LLP,421302,Thane,,,,under_construction,2023-12-31,
P51700000686,MARATHON NEXTOWN EMERALD,MARATHON ENER-GEN,421201,Thane,,,,under_construction,2020-12-29,
P51700000952,MARATHON NEXTOWN CORAL,MARATHON ENER-GEN,421201,Thane,,,,under_construction,2023-06-30,
P51700001265,MARATHON NEXTOWN SAPPHIRE,MARATHON ENER-GEN,421201,Thane,,,,under_construction,2024-06-29,
P51700002720,Saarvi Corner,Saarvi Infratech,400701,Thane,,,,under_construction,2018-12-31,
P51700007690,SARVODAY NAGAR SECTOR 1,THALIA INVESTMENT PRIVATE LIMITED,421505,Thane,,,,under_construction,2025-07-31,
P51700000315,Obelia A,ROMA BUILDERS PRIVATE LIMITED,400607,Thane,,,,under_construction,2022-12-30,
P51700000304,Obelia B,ROMA BUILDERS PRIVATE LIMITED,400607,Thane,,,,under_construction,2022-12-30,
P51700006864,AKSHAR ALVARIO,THALIA AKSHAR DEVELOPERS,400706,Thane,,,,under_construction,2018-11-30,
P51700000601,Sharvari Primero,SHARVARI REALTORS LLP,421301,Thane,,,,under_construction,2017-12-31,
P51700003857,PADMADISHA PARADISE,PADMADISHA PARADISE,421302,Thane,,,,under_construction,2020-10-30,
P51700005797,TULSA PARK,SHREE SHIVAM DEVELOPERS,421306,Thane,,,,under_construction,2024-06-30,
P51700000552,D4 IRIS,Neelkanth Mansions and Infrastructure Pvt. Ltd.,400610,Thane,,,,under_construction,2020-09-30,
P51700001021,Rustomjee Azziano Wing F,Kapstone Constructions Private Limited,400601,Thane,,,,under_construction,2019-03-31,
P51700001060,Rustomjee Azziano Wing G,Kapstone Constructions Private Limited,400601,Thane,,,,under_construction,2019-03-31,
P51700001321,VISHWAJEET MANOR,ABHIJEET REALTY,421503,Thane,,,,under_construction,2019-12-31,
P51700004458,Hubtown Greenwoods B wing,Hubtown Limited,400606,Thane,,,,under_construction,2018-07-31,
P51700006830,Ganesh Heights,Shiv Builders and Developers,421503,Thane,,,,under_construction,2019-12-31,
P51700002244,Mohan Suburbia IV,MOHAN LIFESPACES LLP,421501,Thane,,,,under_construction,2020-12-29,
P51700000366,Panvelkar Estate - Stanford - Phase 1,Panvelkar Infrastructures Private Limited,421503,Thane,,,,under_construction,2019-12-31,
P51700003652,FENNEL H,ROYALE URBANSPACE LLP,421601,Thane,,,,under_construction,2023-12-30,
P51700013833,FENNEL G,ROYALE URBANSPACE LLP,421601,Thane,,,,under_construction,2024-12-30,
P51700001453,Rustomjee Azziano Wing H,Kapstone Constructions Private Limited,400601,Thane,,,,under_construction,2019-05-31,
P51700000950,Rustomjee Azziano Wing J,Kapstone Constructions Private Limited,400601,Thane,,,,under_construction,2019-03-31,
P51700001093,Rustomjee Azziano Wing I,Kapstone Constructions Private Limited,400601,Thane,,,,under_construction,2020-12-30,
P51700001752,Kailash Gardens,SHREE LAXMI ENTERPRISES,421301,Thane,,,,under_construction,2024-07-30,
P51700001516,Rustomjee Aurelia 1,Kapstone Constructions Private Limited,400601,Thane,,,,under_construction,2022-06-30,
P51700013649,Rustomjee Azziano Wing K,Kapstone Constructions Private Limited,400601,Thane,,,,under_construction,2022-09-30,
P51700002816,SWAMI HIGHLANDS,SHREE SWAMI SAMARTH ASSOCIATES,421503,Thane,,,,under_construction,2019-12-31,
P51700000652,MARATHON NEXWORLD AURA-1,MATRIX ENCLAVES PROJECTS DEV. PVT. LTD,400612,Thane,,,,under_construction,2023-12-29,
P51700000507,MARATHON NEXWORLD AURA-2,MATRIX ENCLAVES PROJECTS DEV. PVT. LTD,400612,Thane,,,,under_construction,2024-06-29,
P51700000478,MARATHON NEXWORLD ELARA-1,MATRIX ENCLAVES PROJECTS DEV. PVT. LTD,400612,Thane,,,,under_construction,2024-06-29,
P51700000470,MARATHON NEXWORLD ELARA-2,MATRIX ENCLAVES PROJECTS DEV. PVT. LTD,400612,Thane,,,,under_construction,2024-12-30,
P51700000456,AMBER VISTA,GURUKRUPA ENTERPRISES,421201,Thane,,,,under_construction,2024-07-31,
P51700008260,OLIVE,DINSHA BUILDERS AND DEVELOPERS PRIVATE LIMITED,400705,Thane,,,,under_construction,2018-06-30,
P51700003821,PRITY PARK B AND C BLDG PHASE 2,S D BHALERAO ASSOCIATES,400607,Thane,,,,under_construction,2023-12-31,
P51700001566,SAI WORLD RETREAT,Paradise Leisure Homes,421002,Thane,,,,under_construction,2023-10-30,
P51700002581,ANMOL SAPPHIRE,M/s Ekdant Housing,400602,Thane,,,,under_construction,2019-08-01,
P51700002078,VIGHNESHWAR RESIDENCY,PUSHPAK ENTERPRISES,421601,Thane,,,,under_construction,2021-12-30,
P51700004561,Green Heights,Green Environment Constructions,421204,Thane,,,,under_construction,2023-12-30,
P51700005375,RAUT BUILDING,BHAVNA C CHHEDA,400602,Thane,,,,under_construction,2022-05-31,
P51700002579,MANGALMURTI GALAXY,SHREE MANGALMURTI ENTERPRISES,421201,Thane,,,,under_construction,2022-09-29,
P51700001178,Cloud 36 -Phase I,GeeCee Ventures Limited,400701,Thane,,,,under_construction,2018-12-31,
P51700000943,SATYAM SHEELA,SHREE SATYAM GROUP,421503,Thane,,,,under_construction,2022-12-30,
P51700000602,Hubtown Greenwoods F Wing,Hubtown Limited,400606,Thane,,,,under_construction,2021-01-30,
P51700002749,Leelaangan,Pravin Kashinath Haware,421503,Thane,,,,under_construction,2022-12-30,
P51700000464,Haware Pinnacle,Suresh Kashinath Haware,421302,Thane,,,,under_construction,2020-09-30,
P51700002762,REDEVELOPMENT OF THE BOMBAY THANA CHS,GAURANG PROPERTIES PVT. LTD.,400602,Thane,,,,under_construction,2021-12-25,
P51700002627,DEEPMALA CHS LTD,S. D. Bhalerao Associates,400606,Thane,,,,under_construction,2023-12-30,
P51700000844,Haware Paradise,Suresh Kashinath Haware,421302,Thane,,,,under_construction,2022-03-30,
P51700002559,SHREE MANGALMURTI,SHIVAM UNIVERSAL,421202,Thane,,,,under_construction,2018-03-31,
P51700005679,OM RISHIKESH CHS Ltd,Riddhi Siddhi Enterprises,421501,Thane,,,,under_construction,2018-06-01,
P51700008143,REGAL SQUARE PHASE II BUILDING NO 4 AND 5,SQUAREFEET INFRASTRUCTURE LLP,421308,Thane,,,,under_construction,2021-12-30,
P51700001183,Shivsai Paradise,Bharat Agri Fert & Realty Limited,400601,Thane,,,,under_construction,2028-12-30,
P51700008389,GRACE SQUARE TYPE D5,SHREE SUMATINATH ENTERPRISES LLP,400612,Thane,,,,under_construction,2022-12-01,
P51700001930,Amrut Siddhi,Jayshree Builders,421605,Thane,,,,under_construction,2023-12-30,
P51700000528,MY CITY - PHASE I - PART I,HORIZON PROJECTS PVT LTD,400612,Thane,,,,under_construction,2022-12-30,
P51700002614,MADHUBAN F1 F2,Abhilasha Venture,421605,Thane,,,,under_construction,2020-09-30,
P51700002071,Kuber Aarambh Phase 1,KUNDAN EKNATH MHATRE,400612,Thane,,,,under_construction,2024-12-30,
P51700002512,ASHWA ANNEX,ASHWAMEDH CONSTRUCTION,400602,Thane,,,,under_construction,2018-05-31,
P51700000725,SARVODAY AANAND,OM SAI LAND DEVELOPERS,421202,Thane,,,,under_construction,2022-03-30,
P51700005590,ASTER A WING RUCHA VATIKA,MILAN HOUSING COMPLEX PVT. LTD.,421605,Thane,,,,under_construction,2018-05-31,
P51700005077,Manas Hills,Ashok Kumar Narayanlal Sahlot,421604,Thane,,,,under_construction,2019-12-31,
P51700000778,Alpinia,Acme Housing India Private Limited,400607,Thane,,,,under_construction,2021-12-30,
P51700001100,SATYAM ELEGANZA,PANORAMA REALTY,421501,Thane,,,,under_construction,2022-12-30,
P51700000445,SHANKHESHWAR PLATINUM-PHASE 1,SHANKHESHWAR KREATERS,421301,Thane,,,,under_construction,2019-03-31,
P51700003704,BAMUBAI SADAN,SAMARTH DEVELOPERS,421202,Thane,,,,under_construction,2021-10-30,
P51700000431,Panvelkar Estate - Rockford,Vijay Ramchandra Panvelkar,421503,Thane,,,,under_construction,2019-12-31,
P51700000450,SAI SHRUSHTI HEIGHTS-B4,SAI SHRUSHTI ENTERPRISES,400612,Thane,,,,under_construction,2018-12-31,
P51700011204,Shree Ganesh Residency,Amol Padmakar Tarmale,421301,Thane,,,,under_construction,2021-01-31,
P51700006127,THARWANI ARIANA PHASE II,ANIL HARDASMAL THARWANI,421501,Thane,,,,under_construction,2018-04-30,
P51700006728,THARWANI ARIANA PHASE III,ANIL HARDASMAL THARWANI,421501,Thane,,,,under_construction,2023-04-30,
P51700007834,THARWANI ARIANA PHASE IV,ANIL HARDASMAL THARWANI,421501,Thane,,,,under_construction,2024-06-30,
P51700003380,VANGANI DARSHAN PHASE 1,Panika Infrastructures Pvt. Ltd.,421503,Thane,,,,under_construction,2024-12-30,
P51700000847,Iris,HIRANANDANI PROPERTIES PRIVATE LIMITED,400610,Thane,,,,under_construction,2019-12-31,
P51700001032,Dandelia,Acme Housing India Private Limited,400607,Thane,,,,under_construction,2018-12-31,
P51700001038,Herbelia,Acme Housing India Private Limited,400607,Thane,,,,under_construction,2023-12-30,
P51700001033,Gingelia Residential,Acme Housing India Private Limited,400607,Thane,,,,under_construction,2023-12-30,
P51700000448,"PALAVA CLARA A to D, D1",Palava Dwellers Private Limited,421202,Thane,,,,under_construction,2022-02-28,
P51700000928,Hotel,ROMA BUILDERS PRIVATE LIMITED,400607,Thane,,,,under_construction,2024-12-30,
P51700000420,Palava Clara J-M,Palava Dwellers Private Limited,421202,Thane,,,,under_construction,2022-10-30,
P51700000635,Sunrise A,Agile Real Estate Pvt. Ltd.,400607,Thane,,,,under_construction,2023-12-30,
P51700000625,Sunrise C,Agile Real Estate Pvt. Ltd.,400607,Thane,,,,under_construction,2023-12-30,
P51700000598,Panvelkar Crown,Rahul Vijay Panvelkar,421501,Thane,,,,under_construction,2019-12-31,
P51700000802,"PALAVA CLUSTER 2-06 -  A - G, I - N",Palava Dwellers Private Limited,421202,Thane,,,,under_construction,2022-06-30,
P51700000463,SHANKHESHWAR CRYSTAL-PHASE 1,SHANKHESHWAR KREATERS,421605,Thane,,,,under_construction,2018-12-31,
P51700004557,Mohan Altezza I,MOHAN LIFESPACES LLP,421301,Thane,,,,under_construction,2018-06-30,
P51700013381,Pandurang smruti,Lote Constructions,421203,Thane,,,,under_construction,2020-12-30,
P51700000640,Sunrise D,Agile Real Estate Pvt. Ltd.,400607,Thane,,,,under_construction,2023-12-30,
P51700000922,Sunrise B,Agile Real Estate Pvt. Ltd.,400607,Thane,,,,under_construction,2023-12-30,
P51700001809,Sai Satyam Homes,Sai Satyam Developers,421301,Thane,,,,under_construction,2022-12-30,
P51700002912,Zenia,ROMA BUILDERS PRIVATE LIMITED,400607,Thane,,,,under_construction,2018-12-31,
P51700001039,Immensa A,Agile Real Estate Pvt. Ltd.,400607,Thane,,,,under_construction,2025-12-30,
P51700000927,Immensa B,Agile Real Estate Pvt. Ltd.,400607,Thane,,,,under_construction,2025-12-30,
P51700000925,Sunrise E,Agile Real Estate Pvt. Ltd.,400607,Thane,,,,under_construction,2023-12-30,
P51700004964,SHANTI KUNJ,SHREYAS ENTERPRISES,400602,Thane,,,,under_construction,2017-12-31,
P51700007312,VENUBAI SADAN,SHREE DEVELOPERS,421202,Thane,,,,under_construction,2022-06-15,
P51700001031,"LODHA AMARA - TOWER 26, 27, 28, 30, 34, 35",MACROTECH DEVELOPERS LIMITED,400607,Thane,,,,under_construction,2021-12-30,
P51700001040,Immensa C,Agile Real Estate Pvt. Ltd.,400607,Thane,,,,under_construction,2025-12-30,
P51700000732,Immensa D,Agile Real Estate Pvt. Ltd.,400607,Thane,,,,under_construction,2025-12-30,
P51700004963,New Kirtikar Proposed,Chaturthi Developers,400602,Thane,,,,under_construction,2026-07-01,
P51700000924,Immensa E,Agile Real Estate Pvt. Ltd.,400607,Thane,,,,under_construction,2025-12-30,
P51700001278,Immensa F,Agile Real Estate Pvt. Ltd.,400607,Thane,,,,under_construction,2025-12-30,
P51700001083,Immensa G,Agile Real Estate Pvt. Ltd.,400607,Thane,,,,under_construction,2025-12-30,
P51700001310,Immensa H,Agile Real Estate Pvt. Ltd.,400607,Thane,,,,under_construction,2025-12-30,
P51700001065,"LODHA AMARA - TOWER 1 - 5, 7 - 19",MACROTECH DEVELOPERS LIMITED,400607,Thane,,,,under_construction,2019-11-30,
P51700002752,SUKHKARTA I CO-OPERATIVE HOUSING SOCIETY LIMITED,FSK BUILDERS & DEVELOPERS PRIVATE LIMITED,400706,Thane,,,,under_construction,2018-12-31,
P51700002833,NILGAGAN CO-OPERATIVE HOUSING SOCIETY LIMITED,FSK BUILDERS & DEVELOPERS PRIVATE LIMITED,400706,Thane,,,,under_construction,2019-12-31,
P51700005444,VAIJNATH,PRAKASH LELE CONSTRUCTION,421301,Thane,,,,under_construction,2018-12-31,
P51700007310,THARWANI MIRACLE,ANIL HARDASMAL THARWANI,421301,Thane,,,,under_construction,2018-12-31,
P51700004962,RITU AVENUE,SUKHANAND INFRA PVT. LTD.,401208,Thane,,,,under_construction,2021-12-01,
P51700006472,KRISHNA NISARGA,GOPAL KRISHNA DEVELOPERS,421301,Thane,,,,under_construction,2023-05-30,
P51700005670,HIRA RESIDENCY PHASE II,AL-SAAD CONSTRUCTIONS,400612,Thane,,,,under_construction,2019-12-31,
P51700003640,FALCO MARIGOLD,KAMBAR RESIDENCES,421605,Thane,,,,under_construction,2020-12-29,
P51700005338,HIGHLAND SPRINGS B4- A WING,SIDDHI REAL ESTATE DEVELOPERS,400608,Thane,,,,under_construction,2024-05-30,
P51700003010,Vrindavan Park,Mohammed Salim Yusuf,421301,Thane,,,,under_construction,2019-06-30,
P51700002982,Silver Oak at Prestige Residency,PRESCON Realtors & Infrastructures Pvt. ltd.,400610,Thane,,,,under_construction,2020-12-30,
P51700005621,AKSHAR ELITA,VAGAD CONSTRUCTIONS,400705,Thane,,,,under_construction,2022-07-31,
P51700010742,NICE CITY,NICE REALTY AND DEVELOPERS,400612,Thane,,,,under_construction,2025-12-30,
P51700004255,OM KRISHNA HEIGHTS,OM KRISHNA INFRA,421501,Thane,,,,under_construction,2018-12-31,
P51700001722,Q Residences R1,Aurum RealEstate Developers Limited,400710,Thane,,,,under_construction,2021-12-30,
P51700000656,Panvelkar Homes - Phase II,Om Sai Constructions,421501,Thane,,,,under_construction,2018-06-30,
P51700000704,Amanda Shopping,HIRANANDANI PROPERTIES PRIVATE LIMITED,400610,Thane,,,,under_construction,2019-12-31,
P51700001599,DIVYA JYOT COMPLEX,SHREE ADITI DEVELOPERS,421503,Thane,,,,under_construction,2021-12-30,
P51700007983,UMIYA RESIDENCY,PATIDAR DEVELOPERS,421605,Thane,,,,under_construction,2025-12-31,
P51700000981,"LODHA AMARA - TOWER 29,31",MACROTECH DEVELOPERS LIMITED,400607,Thane,,,,under_construction,2022-07-30,
P51700001030,"LODHA AMARA - TOWER 32,33",MACROTECH DEVELOPERS LIMITED,400607,Thane,,,,under_construction,2022-08-28,
P51700003758,SARVODAY JYOT,BHAVI ENTERPRISES,421202,Thane,,,,under_construction,2021-02-28,
P51700002411,AMAR ORCHID,AMAR REALTY,421202,Thane,,,,under_construction,2018-06-30,
P51700007866,NICE PARK,NICE CONSTRUCTIONS,400612,Thane,,,,under_construction,2026-12-30,
P51700004783,ORANGE AURA,ORANGE REALTORS,400705,Thane,,,,under_construction,2021-12-30,
P51700000884,JAI MATADEE,AARADHANA DEVELOPERS,400602,Thane,,,,under_construction,2019-03-31,
P51700002010,Trishul Goldfield,Patel & Associates,400614,Thane,,,,under_construction,2027-06-30,
P51700002673,Terraform K - Residences,Money Magnum Constructions,400607,Thane,,,,under_construction,2025-03-30,
P51700002110,Terraform Arcade,Money Magnum Constructions,400607,Thane,,,,under_construction,2022-07-31,
P51700006775,DEV LUXURIA,DEV VENTURES,421503,Thane,,,,under_construction,2020-12-29,
P51800000861,Kamlakarendu,Ashta Siddhi Constructions Private Limited,400603,Thane,,,,under_construction,2020-10-30,
P51700007307,ASHAR MILLENNIA,Ms ASHAR VENTURES,400604,Thane,,,,under_construction,2018-06-30,
P51700003827,Joy Square,ANANT SQUARE,400607,Thane,,,,under_construction,2019-12-31,
P51700007389,ASHAR SAPPHIRE AND GALLERIA,Ms ASHAR VENTURES,400604,Thane,,,,under_construction,2021-12-30,
P51700004111,SRI HERITAGE,FOURWAY REALTY,421501,Thane,,,,under_construction,2019-06-30,
P51700005002,PREM NARAYAN RESIDENCY,Aadinath builders & developers,421601,Thane,,,,under_construction,2021-12-30,
P51700001081,ASHAR 16 WING E PHASE I,Ms ASHAR REALTORS,400604,Thane,,,,under_construction,2018-12-31,
P51700000986,MEERA AVALON,SARASWATI CORP,421501,Thane,,,,under_construction,2022-02-28,
P51700003260,TRICITY PANACHE,TRICITY REALTY LLP,400706,Thane,,,,under_construction,2023-09-30,
P51700007011,Mohan Altezza II,MOHAN LIFESPACES LLP,421301,Thane,,,,under_construction,2023-12-31,
P51700001926,ASHAR 16 WING D PHASE II,Ms ASHAR REALTORS,400604,Thane,,,,under_construction,2018-12-31,
P51700000972,ASHAR 16 WING C PHASE III,Ms ASHAR REALTORS,400604,Thane,,,,under_construction,2018-12-31,
P51700005931,APTE HOMES,SHREE SIDDHI DEVELOPERS,421503,Thane,,,,under_construction,2018-12-31,
P51700008474,MORAJ PRIDE,MORAJ INFRATECH PRIVATE LIMITED,400706,Thane,,,,under_construction,2021-12-15,
P51700004872,Cloud 36-Phase II,GeeCee Ventures Limited,400701,Thane,,,,under_construction,2018-12-31,
P51700002726,JP SYMPHONY,RISALI DEVELOPERS,421501,Thane,,,,under_construction,2022-03-01,
P51700002717,OASIS ROYALE,MAGESTIC PREMISES PRIVATE LIMITED,400602,Thane,,,,under_construction,2018-12-31,
P51700006334,MAGNUM,JITESH KAMLESH PATEL,400706,Thane,,,,under_construction,2018-03-31,
P51700006232,Gaurav Excellency,Ravi Developments,400107,Thane,,,,under_construction,2023-12-30,
P51700001597,SIDDHICITY,Siddhitech Homes Private Limited,421503,Thane,,,,under_construction,2019-06-30,
P51700001169,ASHAR 16 WING B PHASE IV,Ms ASHAR REALTORS,400604,Thane,,,,under_construction,2018-12-31,
P51700003692,SARVODAYA LEELA BUILDING NO 1,SWASTIK REALTORS,421201,Thane,,,,under_construction,2022-07-31,
P51700001159,ASHAR 16 WING A PHASE V,Ms ASHAR REALTORS,400604,Thane,,,,under_construction,2018-12-31,
P51700000958,One Indiabulls Thane - 1,Tapir Constructions Limited,400601,Thane,,,,under_construction,2024-08-29,
P51700003008,VARAD VINAYAK COMPLEX,SHREE BALAJI BULDERS AND DEVELOPERS,421503,Thane,,,,under_construction,2018-12-01,
P51700007306,GALAXY AURA,OMPRAKASH WADHURAM WADHWA,400705,Thane,,,,under_construction,2020-12-15,
P51700002735,Regency Antilia Phase - I,REGENCY NIRMAN LTD,421001,Thane,,,,under_construction,2019-06-30,
P51700002911,Regency Antilia Phase - II,REGENCY NIRMAN LTD,421001,Thane,,,,under_construction,2019-06-30,
P51700008116,Regency Antilia Phase - III,REGENCY NIRMAN LTD,421001,Thane,,,,under_construction,2020-12-29,
P51700005607,PEHLA GHAR - SHIVA COMPLEX,LAABH BUILDERS and DEVELOPERS,421308,Thane,,,,under_construction,2025-12-30,
P51700004316,Gaurav Crest,Ravi Developments,400107,Thane,,,,under_construction,2024-12-31,
P51700013029,HARISHREE RESIDENCY-1,HARISHREE CREATIONS,421501,Thane,,,,under_construction,2021-12-30,
P51700005954,ATLANTIC ORRA,ATLANTIC WINDS INFRASTRUCTURE PVT.LTD.,421301,Thane,,,,under_construction,2019-02-27,
P51700006810,PRECIOUS HARMONY,M/s Soham Construction,421503,Thane,,,,under_construction,2018-03-31,
P51700004165,ARYAN PARADIES,NIDHI DEVELOPERS,421605,Thane,,,,under_construction,2023-08-11,
P51700007123,Lakeview,NEELKANTH REALTORS PVT LTD,400610,Thane,,,,under_construction,2024-12-29,
P51700000736,SKY VILLAS WING A1 AND WING A2,VERTEX NEWTON PROJECTS PRIVATE LIMITED,421301,Thane,,,,under_construction,2023-05-30,
P51700007190,JAI SHREE SWAMI SAMARTH,Bhalchandra  Wadnerkar,421201,Thane,,,,under_construction,2018-12-31,
P51700003913,SAI NIRVANA,Shanklesha Constructions,421301,Thane,,,,under_construction,2024-03-31,
P51700005511,MORYA HEIGHTS,MORYA INFRACONSTRUCT PRIVATE LIMITED,400604,Thane,,,,under_construction,2024-12-30,
P51700007962,DURGA IMPERIAL,G K MALI & C K MALI,421306,Thane,,,,under_construction,2023-10-30,
P51700003172,Residential Buildings  of LIG MIG HIG at Balkum Thane under lum sum Turnkey,KONKAN HOUSING AND AREA DEVELOPMENT BOARD,400608,Thane,,,,under_construction,2024-02-03,
P51700003217,SAI NAND,J J TECHNOCRATS,400706,Thane,,,,under_construction,2018-03-31,
P51700002011,Tulsi Signature,Tulsi Buildcon,421503,Thane,,,,under_construction,2023-09-30,
P51700006570,Mandakini Residency,Mandakini Realtors,421605,Thane,,,,under_construction,2021-01-31,
P51700003251,UTSAV,AAMANTRAN DEVELOPERS,400706,Thane,,,,under_construction,2018-11-30,
P51700000815,PADMALAXMI,KEDAR BHIKAJI BAPAT,400602,Thane,,,,under_construction,2018-03-31,
P51700010278,PRIME BALAJI HEIGHT,PRIME HOUSING,421503,Thane,,,,under_construction,2023-12-30,
P51700001024,THANEKAR PARADISE,AJAY MADHUKAR THANEKAR,421503,Thane,,,,under_construction,2021-12-30,
P51700003860,Versatile Valley,Versatile Developers,421204,Thane,,,,under_construction,2024-12-30,
P51700000969,ASHAR MAPLE PHASE 1 BUILDING NO.2,Ms ASHAR REALTORS,400080,Thane,,,,under_construction,2022-12-30,
P51700009855,SAI DHAM RESIDENCY,BUILDCON ENGINEERS,421302,Thane,,,,under_construction,2019-12-31,
P51700006777,Nirmaldhara,HAZEL ENTERPRISE,421302,Thane,,,,under_construction,2021-12-30,
P51700007802,DHUNDIRAJ,HERAMB CONSTRUCTION,421301,Thane,,,,under_construction,2018-12-31,
P51700001383,RUNWAL PEARL,Runwal Construction Private Limited,400608,Thane,,,,under_construction,2024-12-31,
P51700002262,REGENCY ELLANZA,BALAJI REGENCY PROPERTIES,410218,Thane,,,,under_construction,2017-12-31,
P51700006536,KRISHNA KUNJ,RAJ MANOHAR WADHWA,421503,Thane,,,,under_construction,2018-03-31,
P51700005351,NANA VISHNU HEIGHTS,AMAR CONSTRUCTION,421202,Thane,,,,under_construction,2019-12-31,
P51700002550,Mohan Waters Edge I,MOHAN LIFESPACES LLP,421503,Thane,,,,under_construction,2021-12-30,
P51700004665,SAI APARTMENTS,GAJANAN KOTKAR & NANDINI KOTKAR,400603,Thane,,,,under_construction,2019-12-31,
P51700007299,SAI SOLITAIRE,SHRADDHA SAI SHELTERS,421004,Thane,,,,under_construction,2022-08-30,
P51700007745,HIGHLAND SPRINGS B4- B WING,SIDDHI REAL ESTATE DEVELOPERS,400608,Thane,,,,under_construction,2024-05-30,
P51700002842,SAI PROVISO - AASHLESHA,SAI PROVISO DEVELOPERS,400709,Thane,,,,under_construction,2019-12-31,
P51700009448,OM RESIDENCY,SHREE ASHAPURA COMBINES,421301,Thane,,,,under_construction,2022-06-30,
P51900009084,OM SRUSHTI DARSHAN,VINAYAK DEVELOPERS,400601,Thane,,,,under_construction,2018-12-31,
P51700006307,HIGHLAND SPRINGS B4- C WING,SIDDHI REAL ESTATE DEVELOPERS,400608,Thane,,,,under_construction,2024-11-30,
P51700000973,Balaji Symphony phase 3,Vinay  Agrawal,410206,Thane,,,,under_construction,2028-06-30,
P51700001574,MAITHILI PRIDE,MAITHILI KALPVRUKSH PRIVATE LIMITED,400606,Thane,,,,under_construction,2021-12-30,
P51700006876,JEWEL VISTA,JEWEL BUILDERS,421503,Thane,,,,under_construction,2023-12-30,
P51700001221,Tresora Grand Central,Fortune Infracreators Private Limited,400606,Thane,,,,under_construction,2026-12-30,
P51700000953,"SUDAMA REGENCY BUILDING NO 1, 5",SHREE SIDDHIVINAYAK ENTERPRISES,400612,Thane,,,,under_construction,2018-10-31,
P51700004103,Mohan Ritteka,SHREE KRISHNA ENTERPRISES,421004,Thane,,,,under_construction,2019-03-31,
P51700002741,Elito Grand Central,Fortune Infracreators Private Limited,400606,Thane,,,,under_construction,2026-12-30,
P51700001204,RUBA,Shreyas Enterprises,400602,Thane,,,,under_construction,2020-09-30,
P51700000808,AMRUT VISHWA PHASE 2,SAI SHRADHA DEVELOPERS,421503,Thane,,,,under_construction,2019-12-31,
P51700002824,Regency Sarvam Phase - 8,REGENCY NIRMAN LTD,421605,Thane,,,,under_construction,2018-08-31,
P51700007066,Regency Sarvam Phase - 9,REGENCY NIRMAN LTD,421605,Thane,,,,under_construction,2018-06-30,
P51700008243,PURUSHOTTAM KSHITIJ,abhijit bhaskar kelkar,421201,Thane,,,,under_construction,2021-12-07,
P51700007704,Regency Sarvam Phase - 10,REGENCY NIRMAN LTD,421605,Thane,,,,under_construction,2019-12-31,
P51700004031,Paramount A,Kalpataru Homes Private Limited,400608,Thane,,,,under_construction,2025-06-30,
P52000001364,SILVER ICON,SILVER GLADES PROJECTS PRIVATE LIMITED,400701,Thane,,,,under_construction,2020-02-29,
P51700001476,COSMOS ENCLAVE,ASHIRWAD DEVELOPERS,400607,Thane,,,,under_construction,2019-06-30,
P51700004698,MANAS RESIDENCY,MANAS ENTERPRISES,421501,Thane,,,,under_construction,2018-12-31,
P51700003734,A-2 MARIGOLD,MUKTA DEVELOPERS,400612,Thane,,,,under_construction,2018-03-31,
P51700009315,VASTU SQUARE,VASTU BUILDERS,421503,Thane,,,,under_construction,2018-03-31,
P51700001561,MEERA PARK ROYALE,SARASWATI BUILDCON,421501,Thane,,,,under_construction,2022-01-31,
P51700004471,ATMARAM KENE RESIDENCY,MEGA DEVELOPERS,421301,Thane,,,,under_construction,2018-12-31,
P51700001143,ASHWA PLATINUM,ASHWAMEDH BUILDERS AND DEVELOPERS,400602,Thane,,,,under_construction,2019-12-31,
P51700004551,HERAMB PARK PHASE II,SAI SAMRUDDHI CONSTRUCTION CO,421503,Thane,,,,under_construction,2019-07-31,
P51700003079,TRIVENI MAJESTA - WING A - PHASE I,TRIVENI LIFESTYLE DEVELOPERS LLP,421301,Thane,,,,under_construction,2021-12-30,
P51700004591,Neelkanth Woods Olivia,T Bhimjyani Realty Pvt.Ltd.,400610,Thane,,,,under_construction,2021-05-28,
P51700005630,THARWANI SOLITAIRE PHASE I,ANIL HARDASMAL THARWANI,421301,Thane,,,,under_construction,2018-04-30,
P51700004565,THARWANI SOLITAIRE PHASE II,ANIL HARDASMAL THARWANI,421301,Thane,,,,under_construction,2020-10-29,
P51700005135,THARWANI SOLITAIRE PHASE III,ANIL HARDASMAL THARWANI,421301,Thane,,,,under_construction,2022-09-29,
P51700001499,GRAPE CITY PHASE I,Ms AMBER ESTATE,422005,Thane,,,,under_construction,2019-12-31,
P51700006096,EMPIRE INDUSTRIAL CENTRUM PHASE - I,EMPIRE INDUSTRIES LIMITED,421505,Thane,,,,under_construction,2024-12-30,
P51700010446,GREEN WOODS,VANTAGE LAND DEVELOPERS,421204,Thane,,,,under_construction,2021-12-03,
P51700001095,RUNWAL GARDEN CITY - DAHLIA,Dhruva Woollen Mills Pvt Ltd,400608,Thane,,,,under_construction,2023-12-31,
P51700001611,Flamingo,ROMA BUILDERS PRIVATE LIMITED,400607,Thane,,,,under_construction,2024-12-30,
P51700001641,Kohinoor Castles,Kohinoor Castles,421505,Thane,,,,under_construction,2021-03-30,
P51700008016,HANSRAJ HEIGHTS,PARSHVANATH ENTERPRISES,400607,Thane,,,,under_construction,2018-12-31,
P51700007006,FUTURE GOLD,FUTURE HOMES DEVELOPERS,400706,Thane,,,,under_construction,2018-12-31,
P51700005579,AASRA HEIGHT,NOBLE CONSTRUCTION COMPANY,400612,Thane,,,,under_construction,2023-03-30,
P51700002666,Tai-Nana Sadan,Shree Samarth Developers,421306,Thane,,,,under_construction,2019-12-31,
P51700001387,MOTIRAM PURAM,NAYAN DILIP DALAL,421503,Thane,,,,under_construction,2022-05-30,
P51700005875,Sea Palace,Sanjeev Vasant Divekar,400706,Thane,,,,under_construction,2024-12-30,
P51700001217,"SUDAMA REGENCY BUILDING NO 2,3,4",SHREE SIDDHIVINAYAK ENTERPRISES,400612,Thane,,,,under_construction,2024-12-29,
P51700003423,LA ARIHANT HERITAGE,LA ARIHANT BUILDERS AND DEVELOPERS,421503,Thane,,,,under_construction,2024-12-29,
P51700001570,GOPAL KRISHNA,SONAL DEV-CON PVT LTD,400614,Thane,,,,under_construction,2024-04-30,
P51700001150,Stella Grand Central,Fortune Infracreators Private Limited,400606,Thane,,,,under_construction,2026-12-30,
P51700003493,OM SAI VIHAR,Jai Mahalaxmi Enterprises,421605,Thane,,,,under_construction,2018-05-31,
P51700001511,Pelican,ROMA BUILDERS PRIVATE LIMITED,400607,Thane,,,,under_construction,2024-12-30,
P51700009303,Kohinoor waves,Kohinoor Realties (J.V),421003,Thane,,,,under_construction,2020-01-01,
P51700003017,Glorio Grand Central,Ekdant Constructions and Developers Private Limited,400606,Thane,,,,under_construction,2026-12-30,
P51700006566,Green Avenue 1A,PARAM DEVELOPERS,421204,Thane,,,,under_construction,2018-09-30,
P51700001716,PINK CITY TRIDENT PHASE 2,AMI INFRA,421501,Thane,,,,under_construction,2022-04-30,
P51700006708,MOTIRAM DARSHAN NX,MOTIRAM DARSHAN NX,421501,Thane,,,,under_construction,2019-06-30,
P51700008312,GURU DEV,SHREE SAMARTH SATAM MAHARAJ DEVELOPERS,421503,Thane,,,,under_construction,2018-12-28,
P51700002937,UMA GALAXY,UMIYA ENTERPRISES,421605,Thane,,,,under_construction,2022-12-30,
P51700006280,PRIDE PALMS MAJESTY A1-B1 PHASE 1,LARKINS REALTORS,400607,Thane,,,,under_construction,2018-12-31,
P51700002657,PRIDE PALMS QUEENS A2 PHASE 2,LARKINS REALTORS,400607,Thane,,,,under_construction,2021-12-30,
P51700004190,MUKTA AASHIYANA,Mukta Builder,400612,Thane,,,,under_construction,2022-03-30,
P51700005182,NEW ERA BUSINESS PARK,NEW ERA VENTURES,400604,Thane,,,,under_construction,2018-12-31,
P51700007071,PRIDE PALMS QUEENS B2 PHASE 3,LARKINS REALTORS,400607,Thane,,,,under_construction,2021-12-30,
P51700004024,PEHLA GHAR - DIVEKAR COMPLEX,LAABH BUILDCON,421302,Thane,,,,under_construction,2024-12-29,
P51700003347,MOTIRAM PRIVILEGE,VANITA ENTERPRISES,421503,Thane,,,,under_construction,2018-05-31,
P51700005937,"THARWANI ROSALIE LX, TYPE - E, ASTER - WING",SAI HOMES,421301,Thane,,,,under_construction,2021-11-28,
P51700002787,Kohinoor Lifestyle,Sonu Anil Hotchandani,421301,Thane,,,,under_construction,2020-12-30,
P51700001164,IMPERIAL HEIGHTS S1 S2,KAMRAN LIVESTOCK & REAL ESTATE PVT LTD,400601,Thane,,,,under_construction,2022-06-30,
P51700012649,POONAM HEIGHTS,VIP REALTORS PRIVATE LIMITED,421301,Thane,,,,under_construction,2023-12-30,
P51700006887,SHIVSHAKTI COMPLEX,SHIV SHAKTI CORPORATION,421506,Thane,,,,under_construction,2019-06-30,
P51700001555,MAYFAIR HELIOS,RAJ LAXMI DEVELOPERS,400607,Thane,,,,under_construction,2026-12-30,
P51700003354,MAHAVIR PRIDE,MAATRU KRUPA ENTERPRISES,421505,Thane,,,,under_construction,2018-09-30,
P51700005357,V TEN RESIDENCY,V TEN REALTY PRIVATE LIMITED,421301,Thane,,,,under_construction,2024-02-29,
P51700008172,iMPERIAL HEIGHTS,SKHEIGHTS PVT LTD,400104,Thane,,,,under_construction,2022-03-30,
P51700009259,Tycoons Valley Tower A,M/s. Milestone Space,421301,Thane,,,,under_construction,2024-06-30,
P51700008406,VISHWAJEET PARADISE,KOHINOOR INFRA DEVELOPMENT,421505,Thane,,,,under_construction,2019-09-30,
P51700002459,NATASHA ENCLAVE,NATASHA DEVELOPERS PVT LTD,400606,Thane,,,,under_construction,2024-12-30,
P51700005172,PLATINUM HERITAGE,DARSHAN SAGAR DEVELOPERS,400607,Thane,,,,under_construction,2019-05-31,
P51700001130,SAI GLORY,KD VISION DEVELOPERS,421604,Thane,,,,under_construction,2023-12-30,
P51700002104,CHOICE AMBE DEEP,AMBE DEEP ENTERPRISES,400705,Thane,,,,under_construction,2018-12-31,
P51700008098,MAHAVIR HEIGHTS NX,VIRA THEATRES PVT LTD,421201,Thane,,,,under_construction,2024-09-30,
P51700004242,THARWANIS MEGHNA MONTANA PHASE - I,THARWANI CONSTRUCTIONS PVT LTD,421504,Thane,,,,under_construction,2019-07-31,
P51700008015,TULSI ANAND,ANAND HOMES,421503,Thane,,,,under_construction,2019-12-31,
P51700004362,The Oasis,M/s. Universal Infra Developers,400614,Thane,,,,under_construction,2022-04-30,
P51700000988,"SHREE VIGNAHARTA RESIDENCY BUILDING NO B3, B4, B5 AND B6",SHREE VIGNAHARTA DEVELOPER,400612,Thane,,,,under_construction,2023-12-31,
P51700001986,DEEP AANGAN,PAREKH INFRAPROJECTS,421503,Thane,,,,under_construction,2019-12-31,
P51700002188,MANOHAR VIKAS SHREEJI PARAISO PHASE 1,DEEPLAXMI DEVELOPERS,421503,Thane,,,,under_construction,2022-05-30,
P51700018906,VARDHMAN VATIKA,DIWALI DEVELOPERS,400601,Thane,,,,under_construction,2021-12-30,
P51700004721,YASHRAJ HOMES,A J OM ENTERPRISES,421201,Thane,,,,under_construction,2022-06-01,
P51700003236,NAKSHTRA,HAWARE ENGINEERS & BUILDERS PRIVATE LIMITED,401404,Thane,,,,under_construction,2020-10-30,
P51700003576,Windson Heights,Ovla Builders & Developers Pvt. Ltd.,400608,Thane,,,,under_construction,2028-12-31,
P51700011404,Intelligentia Business Park Vashi by Haware Properties,HAWARE FINANCE PVT. LTD.,400705,Thane,,,,under_construction,2022-12-30,
P51700007835,MAYURESH SQUARE,VANSH ENTERPRISES,400614,Thane,,,,under_construction,2018-11-25,
P51700012359,Sai Crystal,Shraddha Corporation,421501,Thane,,,,under_construction,2018-04-30,
P51700001284,"Building No. A, Richmond of Rutu City Complex",HARASIDDH DEVELOPERS,400607,Thane,,,,under_construction,2022-06-30,
P51700008574,YASHWANT HEIGHTS C Wing,RAI RESIDENCY Private Limited,421306,Thane,,,,under_construction,2020-01-31,
P51700007036,SAI DARSHAN,UNITY INFRATECH,421503,Thane,,,,under_construction,2020-12-30,
P51700006657,TROPICAL ELITE,SCHEMA ENTERPRISES PRIVATE LIMITED,400602,Thane,,,,under_construction,2022-12-30,
P51700008269,Kamdhenu Prasad CHS Ltd.,Mahesh Shriram Borkar,400602,Thane,,,,under_construction,2018-01-31,
P51700001351,"Riverview Classic Building No.2,Phase II",RUTU BUILDERS,421301,Thane,,,,under_construction,2019-06-30,
P51700004997,Riverwood Park Building No. 2,Shree Khidkaleshwar Property Developers Pvt. Ltd.,421204,Thane,,,,under_construction,2023-09-30,
P51700004758,AKSHAR EVITA,M/S.AKSHAR OM CONSTRUCTION,400706,Thane,,,,under_construction,2021-06-30,
P51700004003,Riverwood Park Building No. 4,Shree Khidkaleshwar Property Developers Pvt. Ltd.,421204,Thane,,,,under_construction,2023-10-30,
P51700014904,Naivaidya Heritage,Dilip  Gangji  Shah,400705,Thane,,,,under_construction,2021-01-01,
P51700011815,TULIP P,ROYALE URBANSPACE,421601,Thane,,,,under_construction,2019-12-31,
P51700002510,SKY HILL,SEVEN HILL BUILDCON,421503,Thane,,,,under_construction,2019-04-30,
P51700001234,ORCHID,MEHTA REALTORS,400608,Thane,,,,under_construction,2019-03-31,
P51700003464,Belantara,Today Royal Infra,400614,Thane,,,,under_construction,2019-12-31,
P51700010128,VARDHMAN GARDEN PHASE 1,DIWALI CONSTRUCTION COMPANY,400608,Thane,,,,under_construction,2019-12-31,
P51700008369,UMIYA NAKSHATRA,M/s. Jigar Enterprise,421503,Thane,,,,under_construction,2019-12-18,
P51700011791,TULIP N,ROYALE URBANSPACE,421601,Thane,,,,under_construction,2019-12-31,
P51700002100,TRITAN MEADOWS,TULIP REALTY,400705,Thane,,,,under_construction,2018-03-31,
P51700003889,GREEN WORLD,AKSHAR SPACE PVT LTD,400708,Thane,,,,under_construction,2019-12-31,
P51700001622,Harmony Signature Towers,DEEPAK RAJENDRA JAIN,400607,Thane,,,,under_construction,2018-12-31,
P51700007373,Ganesh Pratima,Home Makers,421605,Thane,,,,under_construction,2019-03-31,
P51700004303,"Bhoomi Lawns , Phase II",Gajra Home Makers Pvt. Ltd.,421204,Thane,,,,under_construction,2020-12-30,
P51700005805,Vijay Vatika -5,VIJAY SURAKSHA REALTY LLP,400607,Thane,,,,under_construction,2019-09-30,
P51700008664,SUCHIT SQUARE,IMPRESSIONS,421201,Thane,,,,under_construction,2018-02-27,
P51700003547,PLANET HOMES,I G BUILDERS,400612,Thane,,,,under_construction,2025-06-30,
P51700003573,GAYATRI DHAM,GAYATRI BUILDERS,421302,Thane,,,,under_construction,2018-03-31,
P51700001871,Madan Vilas,Ishaan Enterprise,400602,Thane,,,,under_construction,2019-03-31,
P51700007216,SHREE SAI RAJ PARK BUILDING NO 3 C WING,sarvodayrajconstructioncompany,421201,Thane,,,,under_construction,2022-12-30,
P51700007229,GAYATRI KRUPA,GAYATRI BUILDERS,421302,Thane,,,,under_construction,2023-09-30,
P51700010356,GAGANGIRI HILLS,M/S SIXTH SENSE DEVELOPERS,400706,Thane,,,,under_construction,2019-12-31,
P51700006838,Orion -3,VIJAY SURAKSHA REALTY LLP,400607,Thane,,,,under_construction,2021-10-30,
P51700005745,PUNYODAYA SKYLOUNGE,HARAKCHAND NENMAL JAIN,421301,Thane,,,,under_construction,2022-12-30,
P51700002359,BLUE DIAMOND RESIDENCY,KIMAYA CONSTRUCTION,421503,Thane,,,,under_construction,2019-12-31,
P51700005583,Lifestyle City Kalyan- Platano A,Nirmal Lifestyle (Kalyan) Private Limited,421301,Thane,,,,under_construction,2023-01-30,
P51700003540,Lifestyle City Kalyan- Platano B,Nirmal Lifestyle (Kalyan) Private Limited,421301,Thane,,,,under_construction,2023-01-30,
P51700006766,Lifestyle City Kalyan- Platano C,Nirmal Lifestyle (Kalyan) Private Limited,421301,Thane,,,,under_construction,2023-01-30,
P51700003948,Mohan Nano Estates I,MOHAN LIFESPACES LLP,421501,Thane,,,,under_construction,2021-12-30,
P51700003542,Lifestyle City Kalyan-Amazon A,Nirmal Lifestyle (Kalyan) Private Limited,421301,Thane,,,,under_construction,2023-09-30,
P51700006378,Lifestyle City Kalyan Amazon B,Nirmal Lifestyle (Kalyan) Private Limited,421301,Thane,,,,under_construction,2023-09-30,
P51700002924,Lifestyle City Kalyan Amazon D,Nirmal Lifestyle (Kalyan) Private Limited,421301,Thane,,,,under_construction,2023-12-31,
P51700003554,Lifestyle City Kalyan Riviera A,Nirmal Lifestyle (Kalyan) Private Limited,421301,Thane,,,,under_construction,2024-06-30,
P51700006746,Lifestyle City Kalyan Riviera B,Nirmal Lifestyle (Kalyan) Private Limited,421301,Thane,,,,under_construction,2024-06-30,
P51700006379,Lifestyle City Kalyan Riviera C,Nirmal Lifestyle (Kalyan) Private Limited,421301,Thane,,,,under_construction,2024-10-31,
P51700003545,Lifestyle City Kalyan Riviera D,Nirmal Lifestyle (Kalyan) Private Limited,421301,Thane,,,,under_construction,2024-10-31,
P51700003628,Lifestyle City Kalyan Amazon C,Nirmal Lifestyle (Kalyan) Private Limited,421301,Thane,,,,under_construction,2023-12-31,
P51700005451,Lifestyle City Kalyan-Platano D,Nirmal Lifestyle (Kalyan) Private Limited,421301,Thane,,,,under_construction,2024-04-30,
P51700003541,Lifestyle City Kalyan-Platano E,Nirmal Lifestyle (Kalyan) Private Limited,421301,Thane,,,,under_construction,2024-05-31,
P51700002670,CHARMS HEIGHTS PHASE-II A1-A2,Charms Developers,421605,Thane,,,,under_construction,2021-03-31,
P51700002092,Aadi Aarambh,Nirman Construction,421505,Thane,,,,under_construction,2018-08-31,
P51700001106,VALLABH C H S LTD PROPOSED,Spendor Shelters Private Limited,421202,Thane,,,,under_construction,2019-06-30,
P51700006149,"LODHA FRESHIA WING D, E",Macrotech Developers Limited,421204,Thane,,,,under_construction,2019-12-31,
P51700003805,CONCEPT ARENA,CONCEPT REALTY,421501,Thane,,,,under_construction,2023-12-29,
P51700004667,"LODHA FRESHIA WING A, B, C",Macrotech Developers Limited,421204,Thane,,,,under_construction,2017-12-31,
P51700008733,REGENCY PARK PHASE 1,SAB VENTURES,421306,Thane,,,,under_construction,2021-12-30,
P51700007077,vihang valley,VIHANG INFRASTRUCTURE PVT LTD,400601,Thane,,,,under_construction,2026-12-30,
P51700007568,PRESTIGE DEVELOPERS,PRESTIGE DEVELOPERS,400612,Thane,,,,under_construction,2019-09-30,
P51700005683,GALAXY BLDG 1 AND 2,BRIGHT SKY HEIGHTS BUILDERS AND DEVELOPERS PRIVATE LIMITED,421204,Thane,,,,under_construction,2018-10-31,
P51800013187,CELEBRATIONS,HINDUSTAN CONSTRUCTION CORPORATION,400708,Thane,,,,under_construction,2018-12-31,
P51700008025,Signature Residency,Theme Infraprojects Private Limited,400607,Thane,,,,under_construction,2023-04-30,
P51700001677,EVERGREEN RESIDENCY C WING,BALAJI CONSTRUCTION,421503,Thane,,,,under_construction,2022-12-30,
P51700004904,SADGURU HARMONY PH-1 WING A,SADGURU ASSOCIATE,421503,Thane,,,,under_construction,2021-12-30,
P51700002081,CHARMS HEIGHTS PHASE-III B2-B3,Charms Developers,421605,Thane,,,,under_construction,2024-12-31,
P51700005462,CHARMS CITY PHASE II,GURUKRIPA LANDHOLDING LLP,421605,Thane,,,,under_construction,2025-12-31,
P51700003212,Lifestyle City Kalyan - Victory A,Nirmal Lifestyle (Kalyan) Private Limited,421301,Thane,,,,under_construction,2019-07-31,
P51700003544,Lifestyle City Kalyan - Victory B,Nirmal Lifestyle (Kalyan) Private Limited,421301,Thane,,,,under_construction,2019-07-31,
P51700008449,"Upper Thane Treetops A - C, C1, C2, D - F",MACROTECH DEVELOPERS LIMITED,421302,Thane,,,,under_construction,2022-09-30,
P51700005234,Lifestyle City Kalyan - Spirit A,Nirmal Lifestyle (Kalyan) Private Limited,421301,Thane,,,,under_construction,2019-07-31,
P51700003274,Lifestyle City Kalyan - Applause A,Nirmal Lifestyle (Kalyan) Private Limited,421301,Thane,,,,under_construction,2022-10-30,
P51700006147,"Upper Thane Greenville A - E, E1, F - I",MACROTECH DEVELOPERS LIMITED,421302,Thane,,,,under_construction,2022-09-30,
P51700003543,Lifestyle City Kalyan - Applause B,Nirmal Lifestyle (Kalyan) Private Limited,421301,Thane,,,,under_construction,2023-09-30,
P51700005653,OROVIA PHASE 1,VIJAY SURAKSHA REALTY LLP,400607,Thane,,,,under_construction,2023-03-30,
P51700008385,SHREEPATI RESIDENCY,SANTOSH NARAYAN SINGH THAKUR,421201,Thane,,,,under_construction,2023-06-30,
P51700007057,Trimity Ashwa,Trimity Constructions,400607,Thane,,,,under_construction,2017-12-31,
P51700007192,Upper Thane Ecopolis A - B,MACROTECH DEVELOPERS LIMITED,421302,Thane,,,,under_construction,2022-09-30,
P51700005436,Lifestyle City Kalyan - Advantage A,Nirmal Lifestyle (Kalyan) Private Limited,421301,Thane,,,,under_construction,2022-10-30,
P51700005963,Pranjee Garden City Phase -II,Pranjee Properties Pvt. Ltd,421503,Thane,,,,under_construction,2019-11-30,
P51700003539,Lifestyle City Kalyan - Excel A,Nirmal Lifestyle (Kalyan) Private Limited,421301,Thane,,,,under_construction,2024-09-30,
P51700005518,Lifestyle City Kalyan - Excel B,Nirmal Lifestyle (Kalyan) Private Limited,421301,Thane,,,,under_construction,2024-09-30,
P51700006342,Lifestyle City Kalyan - Glory A,Nirmal Lifestyle (Kalyan) Private Limited,421301,Thane,,,,under_construction,2023-09-30,
P51700008289,SAHAYOG NILAYAM,SAHAYOG CONSTRUCTION,421605,Thane,,,,under_construction,2023-10-30,
P51700003537,Lifestyle City Kalyan - Glory B,Nirmal Lifestyle (Kalyan) Private Limited,421301,Thane,,,,under_construction,2023-09-30,
P51700004170,SIDDIQUEE ENCLAVE,SIDDIQUEE INFRASTRUCTURE CO.,400612,Thane,,,,under_construction,2024-12-31,
P51700001517,Casa Royale - Grande,Lodha Buildcon Private Ltd (Lodha Develoopers Pvt Ltd),400608,Thane,,,,under_construction,2018-07-31,
P51700005344,UNIQUE,VS DEVELOPERS,400607,Thane,,,,under_construction,2019-01-31,
P51700001557,CHINTAMANI  HABITAT DAFFODILS TYPE F,JASHNANI CONSTRUCTION PRIVATE LIMITED,421601,Thane,,,,under_construction,2017-12-31,
P51700008211,VRINDAVAN GARDEN,SMART PEOPLE,421401,Thane,,,,under_construction,2022-11-26,
P51700003538,Lifestyle City Kalyan - Platano F,Nirmal Lifestyle (Kalyan) Private Limited,421301,Thane,,,,under_construction,2022-12-30,
P51700010870,SPRING WOOD PARK,SKYLINE DEVELOPERS,421503,Thane,,,,under_construction,2021-12-30,
P51700004494,CHARMS PARK PHASE 2,Charms Corporation,421605,Thane,,,,under_construction,2021-12-30,
P51700004459,MIDTOWN ONE,MARUTI BUILDERS AND DEVELOPERS,421301,Thane,,,,under_construction,2021-03-30,
P51700005284,M/s. Shubham Karoti Complex Phase - I,M/s. Shubham Karoti Enterprises,421503,Thane,,,,under_construction,2018-03-31,
P51700010249,DHARMAVIHAR,MKY Infrastructure,421302,Thane,,,,under_construction,2019-04-30,
P51700002055,CHARMS HEIGHTS PHASE-I B1-B4,Charms Developers,421605,Thane,,,,under_construction,2018-03-31,
P51700005421,WADHWA FLORENCE PEARL,WADHWA BUILDCON,421302,Thane,,,,under_construction,2023-12-30,
P51700004476,CHARMS PARK PHASE 1,Charms Corporation,421605,Thane,,,,under_construction,2018-03-31,
P51700012010,M/s. Shubham Karoti Complex Phase - II,M/s. Shubham Karoti Enterprises,421503,Thane,,,,under_construction,2018-12-31,
P51700005686,M/s. Shubham Karoti Complex Phase - III,M/s. Shubham Karoti Enterprises,421503,Thane,,,,under_construction,2022-03-30,
P51700013347,OM SAI SIDDHI,ASHTAVINAYAK ENTERPRISES,421605,Thane,,,,under_construction,2019-12-31,
P51700005026,ANAND HOMES,Shrinath Developers,421301,Thane,,,,under_construction,2020-12-30,
P51700004654,Marigold B wing,Shree Tirupati Greenfield Developers,400607,Thane,,,,under_construction,2023-12-30,
P51700008458,Shivani Heritage,Gajanan Shyamrao Khabale,400701,Thane,,,,under_construction,2020-09-30,
P51700012016,Hubtown Greenwoods - C Wing,Hubtown Limited,400606,Thane,,,,under_construction,2018-07-31,
P51700002876,Lifestyle City Kalyan-Platano G,Nirmal Lifestyle (Kalyan) Private Limited,421301,Thane,,,,under_construction,2022-08-28,
P51700002875,Lifestyle City Kalyan-Platano H,Nirmal Lifestyle (Kalyan) Private Limited,421301,Thane,,,,under_construction,2022-08-28,
P51700006711,Lifestyle City Kalyan-Cypress A,Nirmal Lifestyle (Kalyan) Private Limited,421301,Thane,,,,under_construction,2023-09-30,
P51700006383,Lifestyle City Kalyan-Cypress B,Nirmal Lifestyle (Kalyan) Private Limited,421301,Thane,,,,under_construction,2023-09-30,
P51700003461,Lifestyle City Kalyan-Magnolia A,Nirmal Lifestyle (Kalyan) Private Limited,421301,Thane,,,,under_construction,2022-08-28,
P51700003433,DB Ozone,NEELKAMAL REALTORS SUBURBAN PRIVATE LIMITED,400063,Thane,,,,under_construction,2024-12-30,
P51700001361,Krishna - B Wing,Neelkanth Palm Realty,400610,Thane,,,,under_construction,2022-05-30,
P51700001865,Aditi Plaza,Chintamani Construction,421503,Thane,,,,under_construction,2018-06-30,
P51700007265,NIRMAL NAGARI,UNIQUE BUILDCORN BUILDERS AND DEVELOPERS,400612,Thane,,,,under_construction,2018-06-30,
P51700002007,GNP GALAXY PHASE - I,ROSHNI ENTERPRISES,421503,Thane,,,,under_construction,2022-12-30,
P51700002777,Maithili,SHARDA VASTU NIRMITEE PVT. LTD.,400602,Thane,,,,under_construction,2019-03-31,
P51700004417,CHARMS PARADISE C WING,Charms Corporation,421605,Thane,,,,under_construction,2018-03-31,
P51700008759,TULIP RESIDENCY,RAHUL DILIP PATIL,400709,Thane,,,,under_construction,2019-03-31,
P51700012171,MORYA RESIDENCY,SAIRATNA CONSTRUCTION,421503,Thane,,,,under_construction,2020-09-30,
P51700001928,SIDDHICITY PHASE-V,Siddhitech Homes Private Limited,421503,Thane,,,,under_construction,2021-12-30,
P51700002123,GNP GALAXY PHASE - II,ROSHNI ENTERPRISES,421503,Thane,,,,under_construction,2022-01-30,
P51700001853,CHINTAMANI HABITAT DAFFODILS TYPE G - E,JASHNANI CONSTRUCTION PRIVATE LIMITED,421601,Thane,,,,under_construction,2020-09-30,
P51700005471,AL-NASHRA HEIGHTS,UNIQUE BUILDERS AND DEVELOPERS,421301,Thane,,,,under_construction,2022-06-30,
P51700003984,KARNIKS EXOTICA,KARNIKS EXOTICA,421401,Thane,,,,under_construction,2021-01-30,
P51700006850,HIGHLAND HAVEN BUILDING 1A DEW-B PHASE 1,SIDDHI KRISH DEVELOPERS,400608,Thane,,,,under_construction,2019-03-31,
P51700002727,MARUTI DARSHAN,KOMAL DREAM BUILDERS PRIVATE LIMITED,400602,Thane,,,,under_construction,2019-07-20,
P51700001659,ORIANA BUSINESS PARK,DREAM BUSINESS VENTURE,400604,Thane,,,,under_construction,2019-03-31,
P51700007564,SEAWOODS HEIGHT,SCARLET BUILDERS & DEVELOPER,400706,Thane,,,,under_construction,2022-01-07,
P51700005689,HIGHLAND HAVEN BUILDING 2B DEW-A PHASE 2,SIDDHI KRISH DEVELOPERS,400608,Thane,,,,under_construction,2019-03-31,
P51700009304,KARRM PANCHTATVA -1,KARRM INFRASTRUCTURE PRIVATE LIMITED,421601,Thane,,,,under_construction,2020-10-30,
P51700007196,HIGHLAND HAVEN BUILDING 3C CORAL-B PHASE 3,SIDDHI KRISH DEVELOPERS,400608,Thane,,,,under_construction,2019-03-31,
P51700008427,MANSAROVAR,RK CONSTRUCTION,421501,Thane,,,,under_construction,2018-12-31,
P51700006815,HIGHLAND HAVEN BUILDING 4D CORAL-A PHASE 4,SIDDHI KRISH DEVELOPERS,400608,Thane,,,,under_construction,2019-03-31,
P51700005341,HIGHLAND HAVEN BUILDING 6F MIST-B PHASE 5,SIDDHI KRISH DEVELOPERS,400608,Thane,,,,under_construction,2029-12-31,
P51700004403,HIGHLAND HAVEN BUILDING 7G MIST-A PHASE 6,SIDDHI KRISH DEVELOPERS,400608,Thane,,,,under_construction,2024-12-30,
P51700007680,KARRM PANCHTATVA-3,KARRM INFRASTRUCTURE PRIVATE LIMITED,421601,Thane,,,,under_construction,2023-12-30,
P51700010325,KARRM PANCHTATVA - 2,KARRM INFRASTRUCTURE PRIVATE LIMITED,421601,Thane,,,,under_construction,2022-12-30,
P51700011990,Rashmi Sarvesh,Rashmi Housing Private Limited,400606,Thane,,,,under_construction,2023-06-30,
P51700008088,THARWANIS MEGHNA MONTANA PHASE - 2,THARWANI CONSTRUCTIONS PVT LTD,421504,Thane,,,,under_construction,2024-08-31,
P51700004314,CONTINENTAL ACROPOLIS,CONTINENTAL BUILDERS AND DEVELOPERS,421302,Thane,,,,under_construction,2022-12-30,
P51700004307,SATYAM IMPERIAL HEIGHTS,SATYAM BUILDERS AND DEVELOPERS,400701,Thane,,,,under_construction,2018-12-31,
P51700010262,BHARAT RESIDENCY,SHIVSAI BUILDERS & DEVELOPERS,421301,Thane,,,,under_construction,2018-05-31,
P51700003643,MAANSAROVAR,MERIDIAN BUILDPRO PRIVATE LIMITED,400602,Thane,,,,under_construction,2022-12-30,
P51700003655,SHETH VASANT LAWNS,Sheth Developers Private Limited,400610,Thane,,,,under_construction,2025-12-31,
P51700006642,SKYLINE SONAI,SKYLINE DEVELOPERS,400701,Thane,,,,under_construction,2018-03-31,
P51700003166,GREY STONE HEIGHTS,GREYSTONE SPACES LLP,400706,Thane,,,,under_construction,2019-03-31,
P51700001558,CHINTAMANI HABITAT DAFFODILS TYPE A1 - D,JASHNANI CONSTRUCTION PRIVATE LIMITED,421601,Thane,,,,under_construction,2023-12-30,
P51700003535,Vaikunth Cluster 1,Piramal Estate Private Limited,400608,Thane,,,,under_construction,2022-12-30,
P51700009341,ORION BUSINESS PARK,NEMINATH ENTERPRISES,400607,Thane,,,,under_construction,2020-09-30,
P51700001954,Hubtown Siddhi,Hubtown Limited,400606,Thane,,,,under_construction,2023-07-31,
P51700010126,Dhanashree Co-operative Housing Society,L. K. Realtors,400602,Thane,,,,under_construction,2021-12-30,
P51700006811,HIGHLAND PARK BUILDING 6 AND 7- K23 PHASE 1,SIDDHI GAURAV ENTERPRISES,400607,Thane,,,,under_construction,2019-12-31,
P51700006253,MUKTA LUXURIA,MUKTA REALITY,421204,Thane,,,,under_construction,2024-01-31,
P51700005485,HIGHLAND PARK BUILDING 2- K25 WING A PHASE 2,SIDDHI GAURAV ENTERPRISES,400607,Thane,,,,under_construction,2024-12-30,
P51700003793,Vaikunth Cluster 2,Piramal Estate Private Limited,400608,Thane,,,,under_construction,2024-12-30,
P51700019886,Konark Garden Phase IV,Konark NIrman Pvt. Ltd.,421503,Thane,,,,under_construction,2020-11-30,
P51700005079,Atlantis,Ashwamedh Builders & Developers,400602,Thane,,,,under_construction,2022-12-30,
P51700005154,Mukta Residency Phase 2,MUKTA DEVELOPERS,421204,Thane,,,,under_construction,2023-12-30,
P51700010110,CHARMS MEADOWS PHASE I,CHARMS PRIDE,421601,Thane,,,,under_construction,2018-03-31,
P51700012365,GOLDCREST RESIDENCY - PHASE 1,SAVITA HOMEMAKERS LLP,400701,Thane,,,,under_construction,2020-12-30,
P51700004624,CHINTAMANI HEIGHTS TYPE E WING Q R S,JASHNANI CONSTRUCTION PRIVATE LIMITED,421601,Thane,,,,under_construction,2019-03-31,
P51700004817,SHASHWAT PARK,MODERN CONSTRUCTION,421503,Thane,,,,under_construction,2019-12-31,
P51700003283,Vaikunth Cluster 4,Piramal Estate Private Limited,400608,Thane,,,,under_construction,2023-12-30,
P51700003374,DEV ASHOKA,DEV LAND & HOUSING PVT LTD,400604,Thane,,,,under_construction,2020-11-30,
P51700003872,NILGIRI,SHIVAM DEVELOPER,421503,Thane,,,,under_construction,2018-05-30,
P51700006081,Green Avenue 1B,PARAM DEVELOPERS,421204,Thane,,,,under_construction,2021-12-30,
P51700005438,Rachana Residency,RACHANA ENTERPRISES,421601,Thane,,,,under_construction,2023-03-30,
P51700003215,KARRM RESIDENCY -4,KARRM INFRASTRUCTURE PRIVATE LIMITED,421601,Thane,,,,under_construction,2020-11-30,
P51700008284,KARRM GARDENS - 1,KARRM INFRASTRUCTURE PRIVATE LIMITED,421503,Thane,,,,under_construction,2020-11-30,
P51700009805,TULSI SAMARTH,SHREE KRUPA ENTERPRISES,421301,Thane,,,,under_construction,2022-06-30,
P51700010705,SATIS CHS,PACIFIC IMPRESSION,421201,Thane,,,,under_construction,2023-03-31,
P51700008755,VIJAY ENCLAVE,VIJAY CITISPACE PVT. LTD.,400607,Thane,,,,under_construction,2025-03-30,
P51700008703,RAJ VAIBHAV NX,SHREE GANESH CONSTRUCTION COMPANY,421202,Thane,,,,under_construction,2021-12-30,
P51700005910,URBANVILLE,SAI KRUPA BUILDERS,421301,Thane,,,,under_construction,2019-12-31,
P51700006699,Sindhusmruti,Yogiraj Powertech Pvt Ltd,400602,Thane,,,,under_construction,2020-09-30,
P51700003931,MIDTOWN HERITAGE,MARUTI DEVELOPERS J.V.,421301,Thane,,,,under_construction,2021-01-12,
P51700009475,KRISHNA SARANG GALAXY,RADHE KRISHNA INFRASTRUCTURE,400703,Thane,,,,under_construction,2018-12-31,
P51700008622,VASANT SPRINGWOODS PHASE 2,M/S SHREE CONSTRUCTIONS,421503,Thane,,,,under_construction,2019-06-30,
P51700004455,SAI GANGAT APARTMENT,MNR DEVELOPERS,400601,Thane,,,,under_construction,2024-12-31,
P51700005278,WOODSIDE MEADOWS,OM SHREE SAI DEVELOPERS,421301,Thane,,,,under_construction,2023-12-31,
P51700007274,SHETH ZURI,Sheth Developers Private Limited,400601,Thane,,,,under_construction,2024-12-30,
P51700010086,B-1 Mukta Heights,PRAVIN SAKHARAM PATIL,421204,Thane,,,,under_construction,2018-03-31,
P51700003568,MANAS VASUDHA,M/S SHREE MANAS DEVELOPRS,410206,Thane,,,,under_construction,2018-12-31,
P51700004741,Paramount B,Kalpataru Homes Private Limited,400608,Thane,,,,under_construction,2025-06-30,
P51700004670,GLOBE PARADISE,GLOBE REALTORS,421203,Thane,,,,under_construction,2022-12-30,
P51700010159,AVANTIKA RESIDENCY,SANCHITA CONSTRUCTION,421503,Thane,,,,under_construction,2019-08-27,
P51700010709,Mangeshi Paradise - I,Annapurna Universal,421103,Thane,,,,under_construction,2017-12-31,
P51700006941,TIRUPATI HIEGHTS,SHRI TIRUPATI REALTY,421302,Thane,,,,under_construction,2018-03-31,
P51700002077,EKRAM ICON,VIKRAM GROUP,400705,Thane,,,,under_construction,2022-12-20,
P51700003338,MARUTI PRAKRUTI DHAM,AVISHKAR DEVELOPERS,421503,Thane,,,,under_construction,2018-12-31,
P51700010453,Shree Apartmetn,Adik Jayaram Mhatre,421201,Thane,,,,under_construction,2022-06-30,
P51700002072,paramount park,dilip sudhakar deshmukh,421203,Thane,,,,under_construction,2034-12-30,
P51700005705,OPAL SQUARE,Shuban Buildpro LLP,400602,Thane,,,,under_construction,2019-06-30,
P51700002398,SAWLARAM SRUSHTI,SHREE SAI BUILDERS AND DEVELOPERS,421301,Thane,,,,under_construction,2017-12-31,
P51700009908,NANDRAJ NAGARI TYPE E,SWARAJ DEVELOPERS,421503,Thane,,,,under_construction,2018-05-31,
P51700006524,JIJABAI PARK,DNYANESHWAR MAULI BUILDER & DEVELOPERS,421503,Thane,,,,under_construction,2018-12-31,
P51700012166,SEASONS ELITE,SAI MAHAVIR DEVELOPERS,400602,Thane,,,,under_construction,2019-08-31,
P51700008627,PINNACLE GLORIA,KAPLESHWARA BUILDERS AND DEVELOPERS,400607,Thane,,,,under_construction,2022-10-01,
P51700009354,SAI VISION RESIDENCY,AVISION REALTORS,421601,Thane,,,,under_construction,2024-12-31,
P51700005696,SAHAKAR NIWAS,JNM ENTERPRISES,400602,Thane,,,,under_construction,2018-08-31,
P51700008183,MAJESTIC HEIGHTS,MAJESTIC INFRA PROJECTS PRIVATE LIMITED,400706,Thane,,,,under_construction,2021-03-30,
P51700004443,SHREEJI VRAJ BHOOMI PHASE I,SHREE VRAJ GLOBAL,400607,Thane,,,,under_construction,2022-07-31,
P51700006697,SHAH KINGDOM PHASE I A WING,SHAH GROUP BUILDERS LTD,400703,Thane,,,,under_construction,2023-12-30,
P51700013083,SAHAYOG NIWAS,SHREE DEVELOPERS,400601,Thane,,,,under_construction,2020-01-31,
P51700003290,GLOBE BUSINESS PARK,PIONEER INDUSTRIES,421503,Thane,,,,under_construction,2022-12-30,
P51700005398,SANDHYA BUILDING,S D BHALERAO CONSTRUCTIONS PVT LTD - SANDHYA,400602,Thane,,,,under_construction,2020-09-30,
P51700010082,LA HOMES,HARAH  RAWAT,400703,Thane,,,,under_construction,2022-12-30,
P51700012469,SHANKAR PALACE,shree ramesh homes builders and developers,400614,Thane,,,,under_construction,2023-10-30,
P51700009331,RAUNAK CITY SECTOR IV - D10,RAUNAK CORPORATION,421301,Thane,,,,under_construction,2025-12-30,
P51700003453,SHUBAN Society,Shrikrishna  Marathe,421201,Thane,,,,under_construction,2019-02-28,
P51700005814,Seawood Harmony,Geo Builders,400703,Thane,,,,under_construction,2018-06-30,
P51700005851,SUNSHINE SWAPNA NAGARI,ORCHID HOUSINGINFRA LLP,421503,Thane,,,,under_construction,2019-12-31,
P51700003377,RAUNAK CITY SECTOR IV - D1,RAUNAK CORPORATION,421301,Thane,,,,under_construction,2025-12-30,
P51700004577,PANVELKAR ICON,PANVELKAR GROUP BUILDERS AND DEVELOPERS,421501,Thane,,,,under_construction,2020-12-30,
P51700008856,Dipti SkyCity Building 1 and 3,Dipti Home Makers Pvt Ltd,400102,Thane,,,,under_construction,2023-07-31,
P51700003187,OSHO DAYARAM,PARVATI CONSTRUCTION CO.,400605,Thane,,,,under_construction,2022-12-30,
P51700003210,RAUNAK CITY SECTOR IV - D2,RAUNAK CORPORATION,421301,Thane,,,,under_construction,2025-12-30,
P51700003288,KUMKUM CORNER,RAJU  JAIN,400708,Thane,,,,under_construction,2019-12-31,
P51700002689,GODREJ VIHAA PHASE 1,K. R. REAL ESTATE PVT. LTD.,421502,Thane,,,,under_construction,2022-07-30,
P51700006182,RAUNAK CITY SECTOR II - B7,RAUNAK CORPORATION,421301,Thane,,,,under_construction,2018-12-31,
P51700009588,TWINS TOWER,UNIQUE BUILDERS & DEVELOPERS,421301,Thane,,,,under_construction,2022-12-30,
P51700002442,GODREJ VIHAA PHASE 2,K. R. REAL ESTATE PVT. LTD.,421502,Thane,,,,under_construction,2022-08-14,
P51700003400,VASANT ELITE,M/S VASANT BUILDERS AND DEVELOPERS,421301,Thane,,,,under_construction,2019-06-30,
P51700005045,MARATHON NAGARI NX VIGO D,MARATHON REALTY PVT LTD,421503,Thane,,,,under_construction,2020-12-29,
P51700005049,MARATHON NAGARI NX VITORIA D,MARATHON REALTY PVT LTD,421503,Thane,,,,under_construction,2021-12-30,
P51700009190,FORTUNE HEIGHTS,SONY NOORIE REALITY,400612,Thane,,,,under_construction,2018-12-31,
P51700004161,Sadguru Residency,SADGURU INFRA,421503,Thane,,,,under_construction,2018-03-31,
P51700004677,PRAMILA AVENUE,NIDHI ASSOCIATES,421605,Thane,,,,under_construction,2023-12-11,
P51700003969,BHOIR JEWELS,SHANKAR NAMAJI BHOIR,421202,Thane,,,,under_construction,2027-12-31,
P51700005731,SHULPANI,SHREE BALAJI BUILDERS & DEVELOPERS,421503,Thane,,,,under_construction,2018-08-31,
P51700003329,SAI SHARNAM,ANJANA SAHEBRAO CHAVAN,421301,Thane,,,,under_construction,2019-07-31,
P51700004461,SHREE HARI RESIDENCY,M/s SHREE ODHAV DEVELOPERS,421204,Thane,,,,under_construction,2018-12-31,
P51700003112,ARIHANT ANMOL PHASE II,ARIHANT VATIKA REALTY PRIVATE LIMITED,421503,Thane,,,,under_construction,2022-03-30,
P51700009247,ARYAN ONE WING E AND F,Konark Lifespaces,421503,Thane,,,,under_construction,2019-03-31,
P51700003912,Jai Bhavani Chs Ltd SRA Project,HEER REALTY VENTURES PVT LTD,400606,Thane,,,,under_construction,2025-12-30,
P51700009708,LAND MARK RESIDENCY,RIYAZ ACHHAN KHAN,421302,Thane,,,,under_construction,2018-12-31,
P51700006805,OSIANS GARDEN,OSIAN DWELLINGS PRIVATE LIMITED,421302,Thane,,,,under_construction,2017-12-31,
P51700006990,KERALA VILLAGE,JOHN  MATHEW,421601,Thane,,,,under_construction,2025-03-31,
P51700013039,vedant nakshatra ABC phase 1,MOHAN HARDASMAL THARWANI,421503,Thane,,,,under_construction,2017-12-31,
P51700009407,SAMRUDDHI EVERGREENS-PHASE-4A,Poddar Housing and Development Limited,421503,Thane,,,,under_construction,2018-03-31,
P51700005549,IRA PEARL,RONAK BUILDERS & DEVELOPERS,400706,Thane,,,,under_construction,2021-12-02,
P51900004149,Metro Grande Tower C and D,West Pioneer Properties India Pvt Ltd,421306,Thane,,,,under_construction,2024-12-30,
P51700002130,ARYAN ONE WING G AND H,Konark Lifespaces,421503,Thane,,,,under_construction,2019-07-31,
P51700009860,VISHNU VATIKA WING A AND B PHASE I,VISHNU VATIKA,421503,Thane,,,,under_construction,2023-05-31,
P51700008414,vedant nakshatra M phase 2,MOHAN HARDASMAL THARWANI,421503,Thane,,,,under_construction,2025-12-30,
P51700011840,Ajmera Heritage - Phase 1,Offbeat Tech Park LLP,411503,Thane,,,,under_construction,2022-03-30,
P51700005915,NEELKANTH SPARKLE,NEELKANTH ENTERPRISES,400701,Thane,,,,under_construction,2018-06-30,
P51700005308,JADHAV MARKET,S J Construction Co,421503,Thane,,,,under_construction,2021-12-20,
P51700011720,GANPATI RESIDENCY,GANPATI RESIDENCY,421503,Thane,,,,under_construction,2023-12-30,
P51700005211,Panchamrut Bldg. No. 1,Shree Abhilasha Nirmiti,421605,Thane,,,,under_construction,2018-10-31,
P51700005507,SARATHI RESIDENCY,SEEMA VIJAY NIKAM,421302,Thane,,,,under_construction,2018-03-31,
P51700012391,KRISHNA RESIDENCY,KRISHNA ENTERPRISES,421503,Thane,,,,under_construction,2018-11-30,
P51700006917,RADHESHYAM ROYAL,RADHEYSHYAM ROSHANLAL GUPTA,421301,Thane,,,,under_construction,2024-06-30,
P51700012205,AASARA CO-OP. HOUSING SOCIETY LTD.,SHREE SAIBABA GRIHANIRMITI PRIVATE LIMITED,400606,Thane,,,,under_construction,2021-12-30,
P51700011635,BUNCH BERRY,Seema Land Developers,421601,Thane,,,,under_construction,2021-12-30,
P51700008839,NISARG GREENS- Phase II A,NND Ambernath LLP,421501,Thane,,,,under_construction,2021-12-30,
P51700003962,JIGAR CONSTRUCTION VENUS,PRAFUL HARIBHAI SENJALIA,421301,Thane,,,,under_construction,2024-06-30,
P51700004472,Yash Enclaves Bldg 3,RACHANA ENTERPRISES,421202,Thane,,,,under_construction,2021-12-30,
P51800004249,DYNAMIC ULTIMA - BLISS,TRIVENI LIFE STYLE DEVELOPERS LLP,421301,Thane,,,,under_construction,2020-12-30,
P51700006312,Courtyard - Rozanne,COURTYARD REAL ESTATE PRIVATE LIMITED,400601,Thane,,,,under_construction,2025-05-30,
P51700008415,vedantnakshatra L phase 3,MOHAN HARDASMAL THARWANI,421503,Thane,,,,under_construction,2026-12-31,
P51700010007,SAFFRON ENCLAVES,GREEN AVENUE CONSTRUCTIONS,400612,Thane,,,,under_construction,2021-03-31,
P51700002268,MANSAROVAR RESIDENCY C WING,KIRAN REALTY,421204,Thane,,,,under_construction,2022-12-30,
P51700008438,SANKALP SIDDHI,SANKALP DEVELOPERS,400601,Thane,,,,under_construction,2028-12-30,
P51700004772,MOHAN HEIGHTS PHASE-II,BHAVANI ENTERPRISES,421301,Thane,,,,under_construction,2024-03-30,
P51700006102,RUBYANA RESIDENCY PHASE 1,SUDHIR DAMODAR GHATNEKAR,421503,Thane,,,,under_construction,2018-06-30,
P51700010093,Shivkripa Residency,Rohit Developers,421204,Thane,,,,under_construction,2018-05-31,
P51700003151,Gagangiri Arcade,AKRUTI ASSOCIATES,421202,Thane,,,,under_construction,2018-05-31,
P51700012376,CHANDRANGAN RESIDENCY TYPE- A,EKVEERA ENTERPRISES,400612,Thane,,,,under_construction,2019-12-31,
P51700010579,Goldcrest Residency - Phase 2,SAVITA HOMEMAKERS LLP,400701,Thane,,,,under_construction,2023-12-30,
P51700002731,Mohan Willows I,MOHAN LIFESPACES LLP,421503,Thane,,,,under_construction,2019-06-30,
P51700008354,JAI ESTATE PHASE III,SWARLAND DEVELOPERS LIMITED,421203,Thane,,,,under_construction,2021-12-30,
P51700009900,DHANLAXMI APARTMENT BLDG NO.1 D Wing,Bhagwati Abhilasha Conventure,421306,Thane,,,,under_construction,2022-03-30,
P51700007573,Abhidarshan Homes,Abhidarshan Combines,421605,Thane,,,,under_construction,2022-06-30,
P51700010837,Centilia,Acme Housing India Private Limited,400607,Thane,,,,under_construction,2017-12-31,
P51700010925,Basilia,Acme Housing India Private Limited,400607,Thane,,,,under_construction,2017-12-31,
P51700004777,VISHNU VATIKA NX WING C1 E1 E2 PHASE 1,VISHNU GROUP,421503,Thane,,,,under_construction,2023-10-30,
P51700006197,vedant imperial ABC phase 1,MOHAN HARDASMAL THARWANI,421503,Thane,,,,under_construction,2019-11-30,
P51700003971,Mohan Willows II,MOHAN LIFESPACES LLP,421503,Thane,,,,under_construction,2019-12-31,
P51700005374,METRO HIGHLAND PHASE I,METRO DEVELOPERS,421501,Thane,,,,under_construction,2019-06-30,
P51700006069,BALAJI HEIGHT,BALAJI BUILDCON,421607,Thane,,,,under_construction,2024-10-30,
P51700007492,vedant imperial bunglow 1 to 8 phase 2,MOHAN HARDASMAL THARWANI,421503,Thane,,,,under_construction,2024-12-30,
P51700005570,LANDSCAPE GARDEN,LANDSCAPE VENTURES,421501,Thane,,,,under_construction,2018-11-30,
P51700007370,WADHWA RHODESIA PHASE-II,WADHWA BUILDCON LLP,421302,Thane,,,,under_construction,2023-12-30,
P51700005142,SAI IMPERIA,SADASHIV INFRA,421501,Thane,,,,under_construction,2018-08-10,
P51700007549,vedant imperial D phase 3,MOHAN HARDASMAL THARWANI,421503,Thane,,,,under_construction,2023-06-30,
P51700007936,HEAVEN PLAZA,N.ROSE DEVELOPERS PVT LTD,400068,Thane,,,,under_construction,2019-09-30,
P51700004679,ARIHANT AAROHI PHASE I,ARIHANT SUPERSTRUCTURES LIMITED,421204,Thane,,,,under_construction,2020-10-29,
P51700008388,Yashashree,SiroyaFM Constructions Pvt Ltdo,400081,Thane,,,,under_construction,2023-12-30,
P51700005632,CHINTAMANI HABITAT LOTUS TYPE C - J,JASHNANI CONSTRUCTION PRIVATE LIMITED,421601,Thane,,,,under_construction,2024-03-30,
P51700003240,RATTAN GALAXY,RATTAN PROPERTIES AND PROJECTS PRIVATE LIMITED,421503,Thane,,,,under_construction,2018-04-30,
P51700004903,JAGANNATH PRIDE,MAYUR GROUP,421503,Thane,,,,under_construction,2022-03-30,
P51700004805,PATASKAR ECLAT BUILDING NO 3,PATASKAR DEVELOPERS PVT. LTD,400602,Thane,,,,under_construction,2025-12-31,
P51700005512,SHASHWAT PARK -PHASE II -Z4B,SHASHWAT HOMES,421503,Thane,,,,under_construction,2018-12-31,
P51700004184,SILICON TOWER,SHREE RADHAKRISHNA DEVELOPER,421503,Thane,,,,under_construction,2018-05-31,
P51700005403,ANUJ INDUSTRIAL PARK,M/S GIRIJA DEVELOPERS,400068,Thane,,,,under_construction,2022-12-30,
P51700005645,YASH SARTHAK,akshay enterprises,421201,Thane,,,,under_construction,2019-12-31,
P51700008542,HYDE PARK RESIDENCY F1 BUILDING PHASE,NEXUS BUILDERS AND DEVELOPERS PVT LTD,400610,Thane,,,,under_construction,2023-12-30,
P51700011610,Ornate Kallisto Phase I,Ornate Buildcon Developers,421302,Thane,,,,under_construction,2021-12-30,
P51700006054,MANSAROVAR RESIDENCY D WING,KIRAN REALTY,421204,Thane,,,,under_construction,2024-12-30,
P51700007150,SUNDAR RESIDENCY G WING,NAVADITYA DEVELOPERS,421301,Thane,,,,under_construction,2021-12-30,
P51700009814,SHASHWAT PARK - PHASE I - WING P,SHASHWAT HOMES,421503,Thane,,,,under_construction,2018-12-31,
P51700004806,Sai Orchid Phase 1,gupta builders and developers,421201,Thane,,,,under_construction,2024-06-30,
P51700012446,DEVRAM SMRUTI,PATIL AND ASSOCIATES,421201,Thane,,,,under_construction,2022-06-30,
P51700004730,MOHAN HEIGHTS -PHASE 1,BHAVANI ENTERPRISES,421301,Thane,,,,under_construction,2019-03-31,
P51700009313,KONARK MEADOWS Phase-1,Atlanta Landmark,421301,Thane,,,,under_construction,2022-12-30,
P51700007972,NALANDA CHS,YASH INFRA,400602,Thane,,,,under_construction,2021-02-28,
P51700005566,ELLORA OLEARISE,VIJAY RAVJIBHAI GAJRA,400703,Thane,,,,under_construction,2022-12-30,
P51700012480,KULSWAMINI PRASSANNA,KULSWAMINI DEVELOPERS,421202,Thane,,,,under_construction,2019-08-31,
P51700009544,SHREERAM GALAXY,SHREE RAM BUILDERS,421203,Thane,,,,under_construction,2023-03-30,
P51700005035,AMMAR MEADOWS,MEENAR ASSOCIATES,400612,Thane,,,,under_construction,2021-12-30,
P51700009261,SILVER ARCADE,SIDDHIVINAYAK ENTERPRISES,400601,Thane,,,,under_construction,2018-12-31,
P51700003956,Leela-Vatika Phase 1,Paras Leela Enterprises,421204,Thane,,,,under_construction,2024-12-30,
P51700005218,CENTRUM,SHREE NEMINATH BUILDPRO,400604,Thane,,,,under_construction,2023-12-30,
P51700005781,SHREE SIDDHIVINAYAK,SIMCO DEVELOPER,421302,Thane,,,,under_construction,2019-12-31,
P51700012518,Durahomes Builders and developers pvt ltd,Arshad Ahmed Siddiqui,421302,Thane,,,,under_construction,2028-07-31,
P51700003086,MAITRI PRASAD,MAITRI CONSTRUCTION,421201,Thane,,,,under_construction,2018-11-21,
P51700004695,Palm,Pranjee Properties Pvt. Ltd,421503,Thane,,,,under_construction,2022-08-28,
P51700009016,SAMRUDDHI EVERGREEN-PHASE-4B,Poddar Housing and Development Limited,421503,Thane,,,,under_construction,2019-03-31,
P51700005580,ARUNA ULHAS,GAONDEVI DEVELOPERS,421503,Thane,,,,under_construction,2020-09-30,
P51700008092,AMRUT PEARL BUILDING NO. 5 AND 6,AMRUT BUILDERS,421301,Thane,,,,under_construction,2018-12-31,
P51700004370,Surval Heights,Gayatri Developers,421503,Thane,,,,under_construction,2018-12-31,
P51700005023,SHIVAM COMPLEX WING D AND E,UMIYA ENTERPRISES,421503,Thane,,,,under_construction,2018-09-30,
P51700003954,PLATINUM CRESCENZO,PLATINUM LIFESPACES,400706,Thane,,,,under_construction,2021-12-30,
P51700008121,Hari Vijay Lawns Building No.2,CREATIVE CONSTRUCTION,421201,Thane,,,,under_construction,2022-12-30,
P51700012381,Shree Siddhivinayak Tower,Ekdant Constructions and Developers Private Limited,400606,Thane,,,,under_construction,2020-12-30,
P51700007989,Versatile Horizon,Versatile Corporation,421201,Thane,,,,under_construction,2025-06-30,
P51700005808,WOODLAND,SHAURYA INFRA BUILDERS AND DEVELOPERS,421501,Thane,,,,under_construction,2019-12-25,
P51700006405,MANSAROVAR RESIDENCY E WING,KIRAN REALTY,421204,Thane,,,,under_construction,2022-12-30,
P51700005020,KRISHNA VIHAR,KRISHNA SPACE,421302,Thane,,,,under_construction,2018-06-10,
P51700007595,Pranjee Marina,Pranjee Properties Pvt. Ltd,400709,Thane,,,,under_construction,2017-12-31,
P51700009216,CRYSTAL SPIRES,LUXORA REALTORS PRIVATE LIMITED,400607,Thane,,,,under_construction,2023-06-30,
P51700004780,Rachana Sukrut,Rachana Projects,421201,Thane,,,,under_construction,2019-10-31,
P51700003156,SAMRUDDHI GURUPRASAD,SAMRUDDHI DEVELOPERS,421201,Thane,,,,under_construction,2018-08-25,
P51700004142,USHA KIRAN RESIDENCY F1 F2,STALWART IMPEX PVT LTD,421503,Thane,,,,under_construction,2019-12-31,
P51700012135,USHA KIRAN RESIDENCY WING E1 E2 E3,STALWART IMPEX PVT LTD,421503,Thane,,,,under_construction,2017-12-31,
P51700003993,Sai Arcade,Sai Mangal Enterprises,421201,Thane,,,,under_construction,2024-03-31,
P51700007590,VIHANG HILLS,VIHANG ENTERPRISES,400607,Thane,,,,under_construction,2018-12-31,
P51700009156,SAMRUDDHI EVERGREENS PHASE-4C,Poddar Housing and Development Limited,421503,Thane,,,,under_construction,2023-03-31,
P51700010372,VINAYAK KONDILKAR ARCADE,VINAYAK BUILDERS & DEVELOPERS,421503,Thane,,,,under_construction,2017-12-31,
P51700010902,GAJANAN NANA HEIGHTS,VASTU GANESH BUILDERS AND DEVELOPERS,421202,Thane,,,,under_construction,2019-03-31,
P51700010512,ADITYA APARTMENTS,NAVIN NARANJI JAIN,421301,Thane,,,,under_construction,2018-12-31,
P51700005364,KULSWAMINI HEIGHTS,HARI OM DEVELOPERS,421202,Thane,,,,under_construction,2017-12-31,
P51700007961,KRISHNA DARSHAN,S.K. DEVELOPERS,421306,Thane,,,,under_construction,2019-03-31,
P51700010173,MURLIDHAR PLAZA,SAIPOOJAN ENTERPRISES,421503,Thane,,,,under_construction,2021-12-19,
P51700008886,Dosti Desire-Dosti Joy,D. D. ASSOCIATES,400607,Thane,,,,under_construction,2020-01-31,
P51700011992,ANIRUDDHA LANDMARK,VASUDEV VISHWANATH PATIL,400706,Thane,,,,under_construction,2019-03-31,
P51700009061,USHA KIRAN RESIDENCY WING E1 E2 E3,USHA CONSTRUCTION CO,421503,Thane,,,,under_construction,2017-12-31,
P51700003862,Neelkanth Woods Bungalow M 66,T Bhimjyani Realty Pvt.Ltd.,400610,Thane,,,,under_construction,2021-11-28,
P51700005215,EMPIRE TOWERS,LAKHANI REALTY LLP,400602,Thane,,,,under_construction,2024-07-31,
P51700009674,SIDDIQUEE COMPLEX,SIDDIQUEE CONSTRUCTION CO.,400612,Thane,,,,under_construction,2025-06-30,
P51700010114,WADHWA REGALIA PHASE-II,WADHWA BUILDCON LLP,421306,Thane,,,,under_construction,2025-12-30,
P51700012319,UTSAV,CLUBLIFE REALTORS PRIVATE LIMITED,421302,Thane,,,,under_construction,2023-11-14,
P51700003061,MAITRI SAI SAMARTHA,MAITRI RACHANA,421202,Thane,,,,under_construction,2018-11-21,
P51700008346,GODREJ VIHAA PHASE 5,K. R. REAL ESTATE PVT. LTD.,421502,Thane,,,,under_construction,2031-12-30,
P51700008556,SAINATH HEIGHTS,DESAI CONSTRUCTIONS,421501,Thane,,,,under_construction,2017-12-31,
P51700004552,KUBER SAMRUDDHI PH-II,VEER MARUTI DEVELOPERS,421202,Thane,,,,under_construction,2022-07-30,
P51700011991,Jangid Galaxy Tower 1,Jangid Contructions,400607,Thane,,,,under_construction,2021-12-30,
P51700011989,WADHWA REGALIA PHASE III,WADHWA BUILDCON LLP,421306,Thane,,,,under_construction,2023-12-30,
P51700010990,VRINDAVAN NIKETAN,PRAKASH BHOJRAJ SHEWANI,421503,Thane,,,,under_construction,2018-12-31,
P51700004127,Jangid Galaxy Tower 3,Jangid Contructions,400607,Thane,,,,under_construction,2020-10-30,
P51700004749,Jangid Galaxy Tower 2,Jangid Contructions,400607,Thane,,,,under_construction,2022-12-31,
P51700006040,FALCO CHESHIRE,AANYA REALTORS,421102,Thane,,,,under_construction,2022-12-30,
P51700005442,Daffodil,Shree Tirupati Greenfield Developers,400607,Thane,,,,under_construction,2026-12-30,
P51700011130,GAJANAN SANKUL,MATHURA REALTOR,421302,Thane,,,,under_construction,2023-12-27,
P51700012318,KRISHNA PARADISE,GOPAL KRISHNA DEVELOPERS,421301,Thane,,,,under_construction,2019-06-30,
P51700013185,DATTUSAI COMPLEX BUILDING NO 2,SAIRAJ ENTERPRISES,421202,Thane,,,,under_construction,2017-12-31,
P51700005811,MANGESHI FLORA,OM REALTY,421301,Thane,,,,under_construction,2019-03-31,
P51700005623,Dosti Desire-Dosti Pearl,D. D. ASSOCIATES,400607,Thane,,,,under_construction,2021-02-28,
P51700005917,AYODHYA,AAUM CONSTRUCTIONS,400702,Thane,,,,under_construction,2018-03-31,
P51700008344,AASHRAY AANAND,AASHRAY INFRA,421501,Thane,,,,under_construction,2023-05-30,
P51700009325,SAMARTH VATIKA,SHREE SAMARTH ASSOCIATES,421503,Thane,,,,under_construction,2018-12-30,
P51700008416,ADITI VILLA,ATLANTIC CONSTRUCTION,421503,Thane,,,,under_construction,2019-09-30,
P51700008502,KONARK RESIDENCY,Konark NIrman Pvt. Ltd.,421001,Thane,,,,under_construction,2019-03-31,
P51700008197,SAI SANSAR RESIDENCY,ARUN BALU PATIL,421401,Thane,,,,under_construction,2022-12-30,
P51700008912,ROYAL HEIGHT - Building B,New Royal Construction Company.,400603,Thane,,,,under_construction,2024-07-30,
P51700007252,CHAMUNDA AVENUE,PRIDE ENTERPRISES,400701,Thane,,,,under_construction,2018-12-31,
P51700008522,VICTORIA HOUSE PHASE I,LIFESPACE REALTY,421501,Thane,,,,under_construction,2019-01-31,
P51700005137,MANGESHI DAZZLE - III,KALYAN DEVELOPMENT CORPORATION,421201,Thane,,,,under_construction,2020-09-30,
P51700003623,1ST PHASE OF PARAISO,OM ADITYA ASSOCIATES,421204,Thane,,,,under_construction,2021-12-30,
P51700012503,SHAH SIGNATURE,SHAH GROUP BUILDERS & INFRAPROJECTS LTD,400703,Thane,,,,under_construction,2021-12-30,
P51700011147,AMMAR MEADOWS PHASE 2,MEENAR ASSOCIATES,400612,Thane,,,,under_construction,2018-06-30,
P51700008450,mayurs nature glory phase-3,mukund balu keni,400605,Thane,,,,under_construction,2019-07-31,
P51700005680,SHREE UMA SHANKAR APARTMENT,SHREE SAI AASHRAY DEVELOPERS,421503,Thane,,,,under_construction,2018-03-31,
P51700006747,AVISHI SKYLINE COMPLEX,J M SKYLINE GROUP,421605,Thane,,,,under_construction,2028-07-31,
P51700007282,Crystal Homes,Shreedham Construction Private Limited,421401,Thane,,,,under_construction,2023-12-30,
P51700007849,Silver Park Residency Orchid,Suyash Enterprises,421302,Thane,,,,under_construction,2022-12-30,
P51700004393,Panvelkar Nisarg Phase-I,Panvelkar Realty Private Limited,421503,Thane,,,,under_construction,2019-12-30,
P51700005941,AMRUT PEARL BUILDING NO 2,AMRUT BUILDERS,421301,Thane,,,,under_construction,2022-12-30,
P51700005912,FALCO RIVERSHIRE,AANYA REALTORS,421102,Thane,,,,under_construction,2021-12-30,
P51700006948,WADHWA REGALIA PHASE-I,WADHWA BUILDCON LLP,421306,Thane,,,,under_construction,2023-12-30,
P51700006631,K K RESIDENCY,ITNOA CONSTRUCTION PRIVATE LIMITED,421204,Thane,,,,under_construction,2025-12-31,
P51700009367,Jainam Greens,Good Earth Build Well Private Limited,421302,Thane,,,,under_construction,2022-03-30,
P51700006153,VARDHAMAN HOMES,JAY AMBE DEVELOPERS,421501,Thane,,,,under_construction,2018-12-31,
P51700011381,STATUS,AVNI CORPORATION,421301,Thane,,,,under_construction,2020-10-30,
P51700012040,AMRUT PEARL BUILDING NO 1,AMRUT BUILDERS,421301,Thane,,,,under_construction,2022-12-30,
P51700003973,MAITRI INDIRA SADAN,MAITRI CONSTRUCTION,421201,Thane,,,,under_construction,2018-11-21,
P51700009534,Shantaram Park Residency,Shubha Developers,421601,Thane,,,,under_construction,2024-12-27,
P51700009788,GALAXY WING 5,BRIGHT SKY HEIGHTS BUILDERS AND DEVELOPERS PRIVATE LIMITED,421204,Thane,,,,under_construction,2024-06-30,
P51700008682,OM RESIDENCY,SHREE KULSWAMI DEVELOPERS,400612,Thane,,,,under_construction,2020-12-29,
P51700009578,Akshar Business Park- Phase I,Akshar Developers,400703,Thane,,,,under_construction,2021-12-30,
P51700009950,Gayatri Complex,Kanubhai Mohanbhai Lakkad,421204,Thane,,,,under_construction,2023-12-30,
P51700003328,ATLANTA EDENWORLD PHASE I,SAI BALAJI DEVELOPER,421302,Thane,,,,under_construction,2018-11-30,
P51700003281,Uma Vatika,Uma Creative,421503,Thane,,,,under_construction,2019-06-30,
P51700012454,MIRADOR UTSAV PHASE 1,Mirador Dewellers Pvt Ltd,421601,Thane,,,,under_construction,2025-12-31,
P51700003177,SHREE GOPINATH SUBLIME,VEDANT CONSTRUCTION,400605,Thane,,,,under_construction,2022-06-30,
P51700009583,Mountain Valley,Gayasuddin Riyazuddin Khan,400612,Thane,,,,under_construction,2020-10-30,
P51700007732,KALPATRU ENTERPRISES,BHAWARLAL MOHANLAL JAIN,421302,Thane,,,,under_construction,2024-08-31,
P51700003359,UNNATHI WOODS PHASE III - C1,UNNATHI ESTATES,400607,Thane,,,,under_construction,2018-12-31,
P51700009111,M K Thakur Complex Phase 1,Vraj Ratan Buildcon Pvt Ltd,410203,Thane,,,,under_construction,2021-12-01,
P51700004774,SHREE SIDDHIVINAYAK ENTERPRISES,SHREE SIDDHIVINAYAK ENTERPRISES,400601,Thane,,,,under_construction,2018-12-01,
P51700011345,METRO RESIDENCY G WING,METRO CONSTRUCTION,421503,Thane,,,,under_construction,2021-12-30,
P51700009886,SANGHVI PARSSSVA CITY,SANGHVI PREMISES PRIVATE LIMITED,421601,Thane,,,,under_construction,2024-03-31,
P51700009110,Shivam,Gagan Developers & Engineers,421301,Thane,,,,under_construction,2020-09-30,
P51700010231,PRASADAM - CLUB HOUSE,SAI ASHRAY DEVELOPERS PVT LTD,421501,Thane,,,,under_construction,2021-12-30,
P51700010999,HARI OM ARCADE,IDEAL ENTERPRISES,400608,Thane,,,,under_construction,2021-02-28,
P51700008671,PRASADAM -PHASE V- WING R S T AND U,SAI ASHRAY DEVELOPERS PVT LTD,421501,Thane,,,,under_construction,2023-07-19,
P51700005650,PRASADAM- PHASE VI-WING H I AND L,SAI ASHRAY DEVELOPERS PVT LTD,421501,Thane,,,,under_construction,2023-08-28,
P51700010988,Dosti Imperia - Dosti Majesta,DOSTI REALTY LTD,400610,Thane,,,,under_construction,2018-12-31,
P51700005479,PRASADAM - PHASE VII- WING F AND G,SAI ASHRAY DEVELOPERS PVT LTD,421501,Thane,,,,under_construction,2024-01-30,
P51700005322,NOBLE HEIGHT,NOBLE CONSTRUCTIONS,400612,Thane,,,,under_construction,2023-03-30,
P51700008860,UMIYA DARSHAN,SHREE UMIYA GROUP,421503,Thane,,,,under_construction,2019-06-30,
P51700007642,CHANDRANGAN RESIDENCY TYPE - B,EKVEERA ENTERPRISES,400612,Thane,,,,under_construction,2021-12-30,
P51700011742,PRASADAM- PHASE IV- WING J K AND M,SAI ASHRAY DEVELOPERS PVT LTD,421501,Thane,,,,under_construction,2023-07-17,
P51700008497,NEWA BUSINESS PARK BUILDING A PHASE 1,NEWA REALITY INFRASTRUCTURE,400708,Thane,,,,under_construction,2018-12-31,
P51700006338,BUILDING G SAI ICON PHASE 2,Mutha Properties,421103,Thane,,,,under_construction,2028-12-31,
P51700004406,UNIQUE VISTAS-BLDG. NO. 3,MADHU HARSHAD DOSHI,400607,Thane,,,,under_construction,2025-06-30,
P51700006632,SHIKHA,NEETA UMESH DHARNIDHARKA,400709,Thane,,,,under_construction,2018-07-31,
P51700009019,Om Vatika,Om Shiv Enterprises,421503,Thane,,,,under_construction,2018-06-30,
P51700004399,UNIQUE VISTAS-BLDG. NO. 4,MADHU HARSHAD DOSHI,400067,Thane,,,,under_construction,2025-06-30,
P51700005345,UNIQUE VISTAS-BLDG. NO. 5,MADHU HARSHAD DOSHI,400607,Thane,,,,under_construction,2025-06-30,
P51700003746,BAHINAI BHUVAN,MANOJ VASUDEV VAIDYA,421503,Thane,,,,under_construction,2020-12-30,
P51700003414,Starliving,Theme Developers Private Limited,400602,Thane,,,,under_construction,2026-12-30,
P51700003426,SAPPHIRE HEIGHTS,SPACE CORPORATION,400602,Thane,,,,under_construction,2024-12-25,
P51700004794,Tycoons Square Avenue I Tower B,Tycoons Avanti Projects LLP,421301,Thane,,,,under_construction,2024-03-01,
P51700009719,AASTHA ALAVIO,PYRAMID INFRATECH CO.,400706,Thane,,,,under_construction,2022-04-30,
P51700008788,KASTURI EXOTICA,ACORN REALITIES,421501,Thane,,,,under_construction,2019-12-31,
P51700011728,M K Thakur Complex Phase 2,Vraj Ratan Buildcon Pvt Ltd,421203,Thane,,,,under_construction,2022-06-30,
P51700005477,MY CITY - PHASE I - PART III,HORIZON PROJECTS PVT LTD,400612,Thane,,,,under_construction,2023-12-30,
P51700007377,NEW THANA CHS,GAURANG PROPERTIES PVT. LTD.,400602,Thane,,,,under_construction,2021-12-19,
P51700009127,SKYLON,Bhagwati Space Conventure,421306,Thane,,,,under_construction,2023-12-30,
P51700009063,NEELAM,RAMCHANDRA PARSHURAM VARAK,421301,Thane,,,,under_construction,2018-12-31,
P51700010776,Aarya Heights,SHAILESH SHOBNATH MISHRA,400701,Thane,,,,under_construction,2017-12-31,
P51700006954,NEWA BHAKTI PARK A WING PHASE 1,NEWA TECHNOCITY (I) PRIVATE LIMITED,400708,Thane,,,,under_construction,2023-03-30,
P51700012252,WOODSHIRE,SHREE JI ENTERPRISES,421102,Thane,,,,under_construction,2023-12-31,
P51700002701,Anand Sagar Enclave,VPA Developers,421301,Thane,,,,under_construction,2018-05-31,
P51700012253,AL HADI RESIDENTIAL COMPLEX,SAHYADRI GRIH NIRMAN,400612,Thane,,,,under_construction,2023-06-30,
P51700010310,NEWA BHAKTI KNOWLEDGE CITY COMMERCIAL BUILDING PHASE 1,NEWA TECHNOCITY (I) PRIVATE LIMITED,400708,Thane,,,,under_construction,2023-03-30,
P51700007780,Kalp City,KASATA HOME TECH,421503,Thane,,,,under_construction,2018-03-31,
P51700006037,Trupti Bungalows,Haresh Gurbux Doulatani,400607,Thane,,,,under_construction,2025-12-30,
P51700012014,SAI LANDMARK,SRI DEVELOPER,421601,Thane,,,,under_construction,2024-12-30,
P51700010020,KAVERI,SAMARTH DEVELOPERS,421202,Thane,,,,under_construction,2018-12-31,
P51700011439,Krishna Pride,Gajanan Krupa Developers,421301,Thane,,,,under_construction,2022-06-30,
P51700011642,Mukund VIshnu,Shree Swami Samartha Associates,400602,Thane,,,,under_construction,2021-12-30,
P51700006565,DOSTI WEST COUNTY - DOSTI OAK,DOSTI ENTERPRISES,400607,Thane,,,,under_construction,2022-06-30,
P51700006686,SAI SARVESH,ANJANA SAHEBRAO CHAVAN,421301,Thane,,,,under_construction,2021-12-30,
P51700008884,AMIKRUPA,AAROHI DEVELOPMENT CORPORATION,421301,Thane,,,,under_construction,2020-09-30,
P51700008580,Paradise,Om Sai Riddhi Siddhi Developers,400614,Thane,,,,under_construction,2018-12-31,
P51700010437,"Sahajeevan Residency Bldg 2, C-Wing",Pappu Developers & Group,421306,Thane,,,,under_construction,2019-06-30,
P51700010323,PARSHVADHARA,PARSHVANATH DEVELOPERS,421503,Thane,,,,under_construction,2019-04-30,
P51700004574,RUNWAL EIRENE - PART I,Dhruva Woollen Mills Pvt Ltd,400608,Thane,,,,under_construction,2025-06-30,
P51700004497,HARMONY COMPLEX - C - WING,GOOD LUCKDEVELOPERS,400612,Thane,,,,under_construction,2022-12-30,
P51700006252,Parth IT Park,Shamirth Infra Private Limited,400614,Thane,,,,under_construction,2025-12-31,
P51700009543,PATELS ELYSIUM - 1,APACE REALTY,421501,Thane,,,,under_construction,2019-10-31,
P51700009729,Cosmos Meluha,Concorde Realty,421204,Thane,,,,under_construction,2022-03-30,
P51700007910,CALLISTA,OTTO CONSTRUCTIONS,400601,Thane,,,,under_construction,2025-12-30,
P51700012275,OM SHIV SAMARTH CHS,SHREE SAIBABA CONSTRUCTIONS PRIVATE LIMITED,400602,Thane,,,,under_construction,2022-08-31,
P51700008491,PATELS ELYSIUM - 2,APACE REALTY,421501,Thane,,,,under_construction,2023-10-30,
P51700010280,PATELS ELYSIUM - 3,APACE REALTY,421501,Thane,,,,under_construction,2023-10-30,
P51700006732,Raj Height,Bhavani Enterprises,421503,Thane,,,,under_construction,2019-12-31,
P51700006142,PATELS ELYSIUM - 4,APACE REALTY,421501,Thane,,,,under_construction,2023-10-30,
P51700010318,PATELS ELYSIUM - 5,APACE REALTY,421501,Thane,,,,under_construction,2022-12-30,
P51700006658,ORCHID SQUARE PHASE 2,M/S SQUAREFEET ECO HOUSING LLP,400602,Thane,,,,under_construction,2018-12-31,
P51700012310,SHUBH HILLS,VARDHMAN ENTERPRISES,421503,Thane,,,,under_construction,2018-07-31,
P51700009032,PATELS ELYSIUM - 6,APACE REALTY,421501,Thane,,,,under_construction,2023-12-30,
P51700005803,PATELS ELYSIUM - 7,APACE REALTY,421501,Thane,,,,under_construction,2023-12-30,
P51700010034,"SARVODAY SQUARE PHASE 1 BLDG. NO. 3,4 AND 7",SHREE SQUAREFEET ENTERPRISES LLP,421505,Thane,,,,under_construction,2021-12-01,
P51700008767,WING C-7 MORYA,M K PATIL DEVELOPERS,421503,Thane,,,,under_construction,2018-12-31,
P51700003616,Lifestyle City Kalyan - Thames,Nirmal Lifestyle (Kalyan) Private Limited,421301,Thane,,,,under_construction,2024-08-29,
P51700003404,Neelkanth Woods Bungalow L 57,T Bhimjyani Realty Pvt.Ltd.,400610,Thane,,,,under_construction,2021-11-28,
P51700006201,EMERALD BAY,MIKONIC STRUCTURES,400706,Thane,,,,under_construction,2018-06-30,
P51700006977,KAILASH HEIGHTS,TRINITY CONSTRUCTION CO.,400605,Thane,,,,under_construction,2022-02-01,
P51700011189,BALAJI AANGAN SHIVAM-A WING,SHREE SAI BALAJI ENTERPRISES,421201,Thane,,,,under_construction,2018-12-31,
P51700004981,WING D- DURVANKUR,M K PATIL DEVELOPERS,421503,Thane,,,,under_construction,2023-12-31,
P51700006857,Rituworld Phase III M and N,MOHAN HARDASMAL THARWANI,421503,Thane,,,,under_construction,2024-12-30,
P51700011737,Atulya Shubh Vastu,ATULYA TOWNSHIP BUILDCOM PVT LTD,421601,Thane,,,,under_construction,2018-12-31,
P51700006692,Manali Heights A Wing,MITALI CONSTRUCTION,421301,Thane,,,,under_construction,2018-12-31,
P51700008565,WING B-6 SWANAND,M K PATIL DEVELOPERS,421503,Thane,,,,under_construction,2018-12-31,
P51700001982,SUKUR ENCLAVE PHASE 1,RAJARAM CONSTRUCTION,400607,Thane,,,,under_construction,2018-12-31,
P51700004825,Munisuvrat Arc - Building 1 Plot 1 and Munisuvrat Royal - Building 2 on Plot 2,Shree Munisuvrat Realty,421302,Thane,,,,under_construction,2019-03-31,
P51700010980,SAGAR SRUSHTI B WING,UMA SAGAR HOMES,421202,Thane,,,,under_construction,2019-12-31,
P51700008600,Prathamesh Towers,Shivam Developers,400607,Thane,,,,under_construction,2018-03-31,
P51700012445,Riddhi Siddhi,SHREEJI & INNOVATIVE DEVELOPERS,421503,Thane,,,,under_construction,2018-12-31,
P51700003887,NAMDEV PLAZA,METRO INFRA,421503,Thane,,,,under_construction,2019-06-30,
P51700003607,Mohan Skyville,MOHAN LIFESPACES LLP,421301,Thane,,,,under_construction,2023-06-30,
P51700009075,Trimurti Heights,Trimurti Construction Co,410210,Thane,,,,under_construction,2018-03-31,
P51700003397,SUNRISE GLORY PHASE II,SUNRISE LIFESPACES LLP,421204,Thane,,,,under_construction,2022-12-30,
P51700009168,MY CITY - PHASE I - PART II,HORIZON PROJECTS PVT LTD,400612,Thane,,,,under_construction,2019-12-31,
P51700005373,PUNYODAYA BHAVAN,HARAKCHAND NENMAL JAIN,421301,Thane,,,,under_construction,2019-12-31,
P51700007140,SANGHVIS SHRI PARRSSSVA CITY 15-16,SANGHVI PREMISES PRIVATE LIMITED,421601,Thane,,,,under_construction,2026-06-30,
P51700009177,AURALIS THE TWINS,DEEP HOMES & CONSTRUCTIONS LLP,400604,Thane,,,,under_construction,2021-01-31,
P51700005837,Trimurti Residency,Trimurti Construction Co,410210,Thane,,,,under_construction,2018-12-31,
P51700008168,"RAMESHWAR PARK (ORCHID, IRIS & ROSE)",RAMESHAWAR BUILDERS & DEVELOPERS,400612,Thane,,,,under_construction,2019-12-31,
P51700003768,BHAIRAAV SIGNATURE,SHARPMIND INFRASTRUCTURE PRIVATE LIMITED,400701,Thane,,,,under_construction,2019-06-30,
P51700005861,RAJESHWARI RESIDENCY,SHREE SIDDHI CONSTRUCTION,421301,Thane,,,,under_construction,2022-06-20,
P51700006308,SUYOG SOCIETY CHS,Dream Realtors,400601,Thane,,,,under_construction,2019-12-31,
P51700009467,ASHTAVINAYAK AVENUE,Ashtavinayak Infrastructure,421501,Thane,,,,under_construction,2017-12-31,
P51700004410,AMI DARSHAN E WING,AAROHI DEVELOPMENT CORPORATION,421301,Thane,,,,under_construction,2017-12-31,
P51700011065,FALCO PEARLSHIRE,AANYA RESIDENCES,421102,Thane,,,,under_construction,2022-12-30,
P51700011661,SWANAND HEIGHTS,SWANAND CONSTRUCTION CO,400603,Thane,,,,under_construction,2022-12-15,
P51700009469,S K RESIDENCY,ITTEHAD BUILDERS AND DEVELOPERS,400612,Thane,,,,under_construction,2022-04-30,
P51700009109,GREENWORLD DEVELOPERS PVT. LTD,GREENWORLD DEVLOPERS PVT. LTD.,421301,Thane,,,,under_construction,2022-12-29,
P51700005390,DAISY GARDENS SURVEY NO 11,ANKITA BUILDERS,421505,Thane,,,,under_construction,2024-06-30,
P51700004223,SAI RAJ HEIGHTS,SHRI SAI DEVELOPERS,421503,Thane,,,,under_construction,2017-12-31,
P51700006925,"UNIQUE VISTAS MHADA BUILDING NO. 1,2,3",MADHU HARSHAD DOSHI,400607,Thane,,,,under_construction,2023-12-31,
P51700006847,SAI KANISHK PHASE I,Om Sai Infra & Om Sai Group,400612,Thane,,,,under_construction,2018-05-31,
P51700009857,ATMIYA LUXURIA,AKSHAR BUILDERS AND DEVELOPER,421503,Thane,,,,under_construction,2021-10-16,
P51700011752,SUNBERRY,NEELKANTH INFRATECH CO,400701,Thane,,,,under_construction,2023-12-30,
P51700011114,SIDHESHWAR COMPLEX BUILDING 1 A WING,ADESHWAR ASSOCIATES,421605,Thane,,,,under_construction,2017-12-31,
P51700012247,HG- A1,SIDDHI REAL ESTATE DEVELOPERS,400608,Thane,,,,under_construction,2024-12-30,
P51700008741,KHATRI GRANDE,AASHIYANA BUILDERS ANDDEVELOPERS,421503,Thane,,,,under_construction,2019-12-31,
P51700007320,UNIQUE VISTAS MHADA BUILDINGNO. 4 5 6 7,MADHU HARSHAD DOSHI,400607,Thane,,,,under_construction,2023-12-31,
P51700010469,SHUBH SRUSHTI,VINAYAK ENTERPRISES,421503,Thane,,,,under_construction,2018-10-31,
P51700011863,Neptune Swarajya Sector 1 - 1A,NEPTUNE DEVELOPERS LIMITED,421102,Thane,,,,under_construction,2018-06-30,
P51700003705,NEPTUNE SWARAJYA SECTOR 2 - 1B,NEPTUNE DEVELOPERS LTD,421102,Thane,,,,under_construction,2019-12-31,
P51700003360,Nakshatra,Abhishek Consttruction Co,421301,Thane,,,,under_construction,2022-09-29,
P51700011191,NEPTUNE SWARAJYA SECTOR 1-A2,NEPTUNE DEVELOPERS LIMITED,421102,Thane,,,,under_construction,2018-06-30,
P51700005899,NEPTUNE SWARAJYA SECTOR 2 - 2B,NEPTUNE DEVELOPERS LTD,421102,Thane,,,,under_construction,2019-12-31,
P51700004929,Jeevan Lifestyles,JEEVAN ENTERPRISES,421503,Thane,,,,under_construction,2019-03-31,
P51700011861,NEPTUNE SWARAJYA SECTOR 1-A3,NEPTUNE DEVELOPERS LIMITED,421102,Thane,,,,under_construction,2018-06-30,
P51700009783,NEPTUNE SWARAJYA SECTOR 2 - B3,NEPTUNE DEVELOPERS LTD,421102,Thane,,,,under_construction,2019-12-31,
P51700005949,NEPTUNE SWARAJYA SECTOR 2 - B4,NEPTUNE DEVELOPERS LTD,421102,Thane,,,,under_construction,2019-12-31,
P51700009803,NEPTUNE SWARAJYA SECTOR 1-A4,NEPTUNE DEVELOPERS LIMITED,421102,Thane,,,,under_construction,2018-06-30,
P51700011913,NEPTUNE SWARAJYA SECTOR 2 - B5,NEPTUNE DEVELOPERS LTD,421102,Thane,,,,under_construction,2019-12-31,
P51700009447,M M VALLEY C1,ALFA ENTERPRISES,400612,Thane,,,,under_construction,2018-12-31,
P51700014710,MADHUMALTI APARTMENT B WING,SHREE DATTA ENTERPRISES,421503,Thane,,,,under_construction,2018-03-31,
P51700008931,NEPTUNE SWARAJYA SECTOR 2 - B6,NEPTUNE DEVELOPERS LTD,421102,Thane,,,,under_construction,2019-12-31,
P51700010039,RAVINDRANATH TAGORE NIKETAN,SAI CITY DEVELOPERS,421503,Thane,,,,under_construction,2020-12-30,
P51700010108,Indira Niwas Annex,Shree Swami Krupa Builders and Developers,400602,Thane,,,,under_construction,2018-12-31,
P51700002953,Shankar Heights Phase 4,Laxmi Kamal Associates,421505,Thane,,,,under_construction,2022-06-30,
P51700009528,DAISY GARDENS SURVEY NO 12 PHASE I,ANKITA BUILDERS,421505,Thane,,,,under_construction,2024-06-30,
P51700009813,SAI SPRING,MOHAN KEDARNATH KRISHNAVANSHI,421301,Thane,,,,under_construction,2023-06-30,
P51700006965,AMIZRA,JAGDALE INFRASTRUCTURE PVT. LTD.,400606,Thane,,,,under_construction,2022-12-30,
P51700005237,Kaveri Krishna,shree shakti developers,421601,Thane,,,,under_construction,2018-09-30,
P51700003660,OM SAI REGENCY,D A CONSTRUCTION,421501,Thane,,,,under_construction,2020-02-28,
P51700007920,KOEL,shree shakti developers,421601,Thane,,,,under_construction,2025-12-31,
P51700007648,MAMTA 1351,PATIL GROUP BUILDERS AND DEVELOPERS,421605,Thane,,,,under_construction,2022-12-30,
P51700010414,SHIV SIDDHI,KEDAR CONSTRUCTION,421301,Thane,,,,under_construction,2023-06-30,
P51700010806,Shankar Heights Phase 2 Krishna Wing,Laxmi Kamal Associates,421505,Thane,,,,under_construction,2018-12-30,
P51700005877,PRASADAM PHASE III,SAI ASHRAY DEVELOPERS PVT LTD,421501,Thane,,,,under_construction,2024-03-31,
P51700011942,SHREE SAI DARSHAN,SHREE SIDDHIVINAYAK BUILDERS & DEVELOPERS,421202,Thane,,,,under_construction,2018-03-31,
P51700010188,Mateshwari Altura B and C Wing,Mateshwari Realtors,421204,Thane,,,,under_construction,2023-12-30,
P51700010802,Lok Nagari Developer Ph - II,Lok Nagari Developer,421501,Thane,,,,under_construction,2021-12-29,
P51700009812,SUNANDA CIRCLE B WING PHASE 1,RUDIS DEVELOPERS,421204,Thane,,,,under_construction,2019-12-31,
P51700006820,Lok Nagari Developer Ph - III,Lok Nagari Developer,421501,Thane,,,,under_construction,2022-12-29,
P51700008436,BHAGWATI EMINENCE,BHAGWATI INFRA,400706,Thane,,,,under_construction,2022-06-30,
P52000005298,VIDA BLDG B-1,EVALIA PROJECTS & DEVELOPMENT PRIVATE LTD,421501,Thane,,,,under_construction,2020-09-30,
P51700011319,Puneet Kanchanganga Phase One Floor 0 to Floor 25,Puneet Developers,400606,Thane,,,,under_construction,2020-12-30,
P51700007493,PARSHURAM VEDANT,RAM KRISHNA HARI ENTERPRISES,421503,Thane,,,,under_construction,2018-12-31,
P51700005601,Puneet Kanchanganga Phase 2 Floor 26 to Floor 28,Puneet Developers,400606,Thane,,,,under_construction,2020-12-30,
P51700005594,SHIV SHANKAR RESIDENCY,SAI GURUKRUPA CONSTRUCTION & DEVELOPERS,421204,Thane,,,,under_construction,2017-12-31,
P51700011648,OM SAI TOWERS,D A CONSTRUCTION,421501,Thane,,,,under_construction,2018-01-31,
P51700012219,Balaji Arcade Wing A,SHIKHAR DEVELOPERS,421306,Thane,,,,under_construction,2019-12-31,
P51700003810,9 KRISHNA,ISHAAN DEVELOPERS,421503,Thane,,,,under_construction,2018-12-30,
P51700006558,PUNYODAYA RIO TYPE A,VASTUSANKALP DEVELOPERS,421301,Thane,,,,under_construction,2019-12-31,
P51700007985,MANGALMURTI HEIGHTS,SHREE VARAD VINAYAK DEVELOPERS,421201,Thane,,,,under_construction,2022-06-30,
P51700006563,DAHISAR GULISTAN CHS,DAHISAR GULISTAN CO OPERATIVE HOUSING SOCIETY LIMITED,400068,Thane,,,,under_construction,2022-12-30,
P51700008402,DBR Classic,DBR CONSTRUCTIONS PVT LTD,421503,Thane,,,,under_construction,2021-12-30,
P51700009040,SHRUTIKA COMPLEX,SANDESH SHYAMSUNDER SABLE,421503,Thane,,,,under_construction,2018-05-31,
P51700008352,Raj Torres Phase II Wing A Wing B Wing C Wing D Wing E,RAJESH ESTATES AND NIRMAN PVT LTD,400607,Thane,,,,under_construction,2022-03-30,
P51700012168,SATKAR TOWER,PRAGATI CONSTRUCTIONS,421306,Thane,,,,under_construction,2024-12-31,
P51700002434,UMA ASHISH B WING,PARASIYA DEVELOPES,421503,Thane,,,,under_construction,2018-07-31,
P51700009458,TULSI VRINDAVAN SOCIETY,GAURANG ASSOCIATES,400602,Thane,,,,under_construction,2023-11-30,
P51700004754,SHREE KRUPA HEIGHTS,Shree Krupa Builders & Developers,421306,Thane,,,,under_construction,2018-12-31,
P51700008792,NARAYAN ELLITE,SHREE RAMTANU DEVELOPERS,400701,Thane,,,,under_construction,2022-03-30,
P51700010658,Mohan Suburbia IIB,MOHAN LIFESPACES LLP,421501,Thane,,,,under_construction,2019-03-31,
P51700011248,PUNYODAYA RIO TYPE B,VASTUSANKALP DEVELOPERS,421301,Thane,,,,under_construction,2022-03-30,
P51700008791,SHREENIWASA RESIDENCY,SHREENIWASA DEVELOPERS,421503,Thane,,,,under_construction,2022-12-30,
P51700010289,NEPTUNE SWARAJYA SECTOR 1-A5,NEPTUNE DEVELOPERS LIMITED,421102,Thane,,,,under_construction,2018-06-30,
P51700010237,M M VALEY A2,ALFA ENTERPRISES,400612,Thane,,,,under_construction,2022-12-30,
P51700009785,NEPTUNE SWARAJYA SECTOR 2 - B8,NEPTUNE DEVELOPERS LTD,421102,Thane,,,,under_construction,2019-12-31,
P51700008397,Silver Spring,Anudan Properties Private Limited,400604,Thane,,,,under_construction,2022-12-30,
P51700007291,KRISHNA ENCLAVE,OM SAI DEVELOPERS,421102,Thane,,,,under_construction,2019-04-30,
P51700006934,CONWOOD ENCLAVE,CONWOOD REALTY PRIVATE LIMITED,400601,Thane,,,,under_construction,2021-12-30,
P51700010783,NEPTUNE SWARAJYA SECTOR 1-A13,NEPTUNE DEVELOPERS LIMITED,421102,Thane,,,,under_construction,2018-06-30,
P51700005264,NEPTUNE SWARAJYA SECTOR 2 - B9,NEPTUNE DEVELOPERS LTD,421102,Thane,,,,under_construction,2019-12-31,
P51700005300,NEPTUNE SWARAJYA SECTOR 2 - B10,NEPTUNE DEVELOPERS LTD,421102,Thane,,,,under_construction,2019-12-31,
P51700010665,INDRAYANI,NARESH YASHWANT PATIL,421605,Thane,,,,under_construction,2023-12-31,
P51700009907,NEPTUNE SWARAJYA SECTOR 1- A14,NEPTUNE DEVELOPERS LIMITED,421102,Thane,,,,under_construction,2018-06-30,
P51700010381,NEPTUNE SWARAJYA SECTOR 2 - B11,NEPTUNE DEVELOPERS LTD,421102,Thane,,,,under_construction,2019-12-31,
P51700005260,NEPTUNE SWARAJYA SECTOR 1- A15,NEPTUNE DEVELOPERS LIMITED,421102,Thane,,,,under_construction,2018-06-30,
P51700008852,NEPTUNE SWARAJYA SECTOR 2 - B12,NEPTUNE DEVELOPERS LTD,421102,Thane,,,,under_construction,2019-12-31,
P51700012297,SRUSHTI SIDDHI MANGAL MURTI COMPLEX,ROSHNI BUILDERS AND DEVELOPERS,421302,Thane,,,,under_construction,2023-12-30,
P51700012000,NEPTUNE SWARAJYA SECTOR 2 - B13,NEPTUNE DEVELOPERS LTD,421102,Thane,,,,under_construction,2019-12-31,
P51700007460,NEPTUNE SWARAJYA SECTOR 1- A16,NEPTUNE DEVELOPERS LIMITED,421102,Thane,,,,under_construction,2018-06-30,
P51700003706,NEPTUNE SWARAJYA SECTOR 2 - B 14,NEPTUNE DEVELOPERS LTD,421102,Thane,,,,under_construction,2019-12-31,
P51700011115,NEPTUNE SWARAJYA SECTOR 1- A17,NEPTUNE DEVELOPERS LIMITED,421102,Thane,,,,under_construction,2018-06-30,
P51700009563,UNIQUE GREEN,MADHU HARSHAD DOSHI,400607,Thane,,,,under_construction,2019-06-30,
P51700011196,NEPTUNE SWARAJYA SECTOR 2 - B16,NEPTUNE DEVELOPERS LTD,421102,Thane,,,,under_construction,2019-12-31,
P51700011116,NEPTUNE SWARJAYA SECTOR 1- A18,NEPTUNE DEVELOPERS LIMITED,421102,Thane,,,,under_construction,2018-06-30,
P51700009847,ADITYA ROYAL,Prashant Aditya Shukla,421503,Thane,,,,under_construction,2018-06-30,
P51700006446,NEPTUNE SWARAJYA SECTOR 2 - B15 AND B17,NEPTUNE DEVELOPERS LTD,421102,Thane,,,,under_construction,2019-12-31,
P51700008868,NEPTUNE SWARAJYA SECTOR 2 - B18,NEPTUNE DEVELOPERS LTD,421102,Thane,,,,under_construction,2019-12-31,
P51700009912,NEPTUNE SWARAJYA SECTOR 2 - B 19,NEPTUNE DEVELOPERS LTD,421102,Thane,,,,under_construction,2019-12-31,
P51700011644,BABA SOLITAIRE,SURJIT BHOJSINGH AILSINGHANI,400705,Thane,,,,under_construction,2020-10-30,
P51700007710,Kalika Heights,Sanjay shreenath pandey,400061,Thane,,,,under_construction,2019-12-31,
P51700008943,Arham Vatika,Arham Enterprises,421503,Thane,,,,under_construction,2018-07-31,
P51700005239,ADITYA VILLA,Prashant Aditya Shukla,421503,Thane,,,,under_construction,2018-03-31,
P51700010425,Palm Prism,P J Construction,421103,Thane,,,,under_construction,2022-12-31,
P51700010424,Naiks Central Plaza,CLEAN CONSTRUCTION CO.,400602,Thane,,,,under_construction,2024-12-30,
P51700011655,Kalika Heights Phase II,Sanjay shreenath pandey,400061,Thane,,,,under_construction,2023-09-30,
P51700010195,LAABH NEELKANTH,LAABH BUILDTECH,400602,Thane,,,,under_construction,2019-12-31,
P51700003266,AAI CHS LTD,KALASH DEVELOPERS,421201,Thane,,,,under_construction,2018-06-30,
P51700013016,ONE PARK AVENUE - AVENUE 1,MAN REALTY LIMITED,400607,Thane,,,,under_construction,2024-12-31,
P51700006323,KUBER AARAMBH PHASE 1,ROYAL GROUP,400612,Thane,,,,under_construction,2023-12-30,
P51700007432,RAMESHWARAM PALACE-B,PYARELAL BHRIGUNATH SINGH,421605,Thane,,,,under_construction,2021-12-30,
P51700007437,UNIQUE GREEN - MHADA,MADHU HARSHAD DOSHI,400607,Thane,,,,under_construction,2018-12-31,
P51700012436,SAI KANISHK PHASE II,Om Sai Infra & Om Sai Group,400612,Thane,,,,under_construction,2025-06-30,
P51700014458,GEBI PRERNA,Ashwin kumar Jain,421302,Thane,,,,under_construction,2025-12-31,
P51700010807,"Shankar Heights, Phase 3",Laxmi Kamal Associates,421505,Thane,,,,under_construction,2018-12-30,
P51700011339,GOPALDHAM,SHREE HARI DEVELOPERS,400707,Thane,,,,under_construction,2018-12-31,
P51700009468,AL-QUDDUS RESIDENCY,ALLIANCE REALTY,400612,Thane,,,,under_construction,2024-06-30,
P51700012240,SAI ISHWAR,MOHAN KEDARNATH KRISHNAVANSHI,421604,Thane,,,,under_construction,2023-06-30,
P51700010130,AMBER ARCADE,MAITRI DEVELOPERS,421503,Thane,,,,under_construction,2018-12-31,
P51700010653,MARUTI VIHAR NX,AASHRAY DEVELOPERS,421301,Thane,,,,under_construction,2018-03-31,
P51700009589,NEPTUNE SWARAJYA 4B,NEPTUNE DEVELOPERS LIMITED,421102,Thane,,,,under_construction,2027-12-30,
P51700007746,Girnar Tirth,Parshwa Associates,421304,Thane,,,,under_construction,2019-06-30,
P51700008257,MADHAVI RESIDENCY,SATYAM CONCAST PRIVATE LIMITED,410206,Thane,,,,under_construction,2018-10-01,
P51700013100,ONE PARK AVENUE - AVENUE 6,MAN REALTY LIMITED,400607,Thane,,,,under_construction,2024-12-31,
P51700012035,SONU AAI COMPLEX,ARVIND GOPAL PATIL AOP,400608,Thane,,,,under_construction,2022-12-30,
P51700002949,UMIYA ARCADE WING A AND B,UMIYA CONSTRUCTION COMPANY,421605,Thane,,,,under_construction,2018-04-30,
P51700012031,SAINATH ESTATE,S S DEVELOPERS,421302,Thane,,,,under_construction,2021-12-30,
P51700005502,SHIV PARVATI RESIDENCY,SHRIKRISHNA DEVELOPERS,421501,Thane,,,,under_construction,2019-03-31,
P51700008430,"SHASHWAT PARK - PHASE I- BUILDING 2 WING C D,BUILDING 3 WING E F, BUILDING 4 WING G H",SHASHWAT HOMES,421503,Thane,,,,under_construction,2022-03-30,
P51700012065,SAFFRON HILLS,ALPHA COMBINES,421503,Thane,,,,under_construction,2020-12-29,
P51700012027,PATHAK RESIDENCY,SHREE MAHALAXMI CONSTRUCTIONS,421503,Thane,,,,under_construction,2019-03-31,
P51700008084,HORIZON FLORA,K M ENTERPRISES,400607,Thane,,,,under_construction,2022-12-30,
P51700009495,Geetanjali,Honest Homes,421301,Thane,,,,under_construction,2019-12-31,
P51700010344,SAI SOMANI RESIDENCY,JAI AMBE DEVELOPERS,421302,Thane,,,,under_construction,2022-06-30,
P51700003488,Shantaram Pride,Mauli Krupa Developers,421102,Thane,,,,under_construction,2022-06-30,
P51700007775,EMPRESS C WING,VENTURE BUILDERS,421605,Thane,,,,under_construction,2020-09-30,
P51700009218,Hill Spring Phase 1,Velocity,400607,Thane,,,,under_construction,2018-06-30,
P51700012148,USHA JOSHI PARK PHASE B,J K T BUILDERS & DEVELOPERS,421605,Thane,,,,under_construction,2023-06-30,
P51700005880,VIRAJ TOWER,Shree Viraj Enterprises,400606,Thane,,,,under_construction,2021-12-30,
P51700005603,SARVODAY HILL,AASHISH COMBINES,421201,Thane,,,,under_construction,2021-01-31,
P51700008900,INDIRA TOWERS,KSHITIJ DEVELOPERS,421201,Thane,,,,under_construction,2019-12-31,
P51700012136,GRAND ARENA,S H CONSTRUCTIONS,410206,Thane,,,,under_construction,2019-11-24,
P51700009933,Tycoons Square Avenue I Tower C,Tycoons Avanti Projects LLP,421301,Thane,,,,under_construction,2024-03-01,
P51700002868,YASHODHARA CO-OP HOUSING SOCIETY,SURESH KESHAVRAO YASHVANTRAO,421503,Thane,,,,under_construction,2021-01-31,
P51700004736,PEARLS NATURE FARM SHAHAPUR PHASE I,PROSPECTIVE EATATE AND REALITY LOGICAL SOLUTIONS PVT LTD,421601,Thane,,,,under_construction,2024-12-31,
P51700003438,JP SYNERGY PHASE 1 BUILDING NO-2,AASHVI DEVELOPERS,421501,Thane,,,,under_construction,2019-12-31,
P51700014205,SAI ARCADE,SAIPRASAD ENTERPRISES,421605,Thane,,,,under_construction,2021-01-30,
P51700009060,Diwadkar Lotus,Honest Infra,421301,Thane,,,,under_construction,2021-12-30,
P51700012079,PHOENIX AVENUE,PHOENIX INFRASTRUCTURE AND DEVELOPERS,421301,Thane,,,,under_construction,2018-06-30,
P51700008666,Shivnath Sky City,SHIVNATH DEVELOPER,421204,Thane,,,,under_construction,2018-07-31,
P51700012104,BALAJI AANGAN SHIVAM-B WING,SHREE SAI BALAJI ENTERPRISES,421201,Thane,,,,under_construction,2019-02-28,
P51700006676,KANHA RESIDENCY,KANHA MOTIRAM KENE,421201,Thane,,,,under_construction,2017-12-31,
P51700007957,KRISHNA RESIDENCY,SHREE BALAJI DEVELOPERS,421301,Thane,,,,under_construction,2021-12-30,
P51700004004,Veera Residency,Shree Ganesha Associates,400601,Thane,,,,under_construction,2022-05-30,
P51700014443,SIDDHI YASHWANT COMPLEX,SIDDHARTH NARAYAN TANGDI,421302,Thane,,,,under_construction,2024-12-31,
P51700004477,HILL SPRING,ASHA INFRATECH,421302,Thane,,,,under_construction,2023-12-30,
P51700008053,SONA PARADISE,SONA ENTERPRISES,421201,Thane,,,,under_construction,2025-12-31,
P51700009008,SANGEETA COMPLEX,SHIV STRUCTURES,421601,Thane,,,,under_construction,2023-12-30,
P51700012227,DHAVLGIRI,PERFECT BUILDERS,421501,Thane,,,,under_construction,2018-04-30,
P51700009903,SHILPA CHS,YASH INFRA,400602,Thane,,,,under_construction,2020-12-29,
P51700005982,SONAL CO-OP HOUSING SOCIETY,SOHAM DEVELOPERS,421503,Thane,,,,under_construction,2019-01-31,
P51700009095,DAISY GARDENS SURVEY NO 12 PHASE II,ANKITA BUILDERS,421505,Thane,,,,under_construction,2018-07-30,
P51700010214,SAI GANESH,SAI DEVELOPERS,400706,Thane,,,,under_construction,2017-12-31,
P51700010153,JOLLLY APARTMENT WING A AND B,RIEL INFRASTRUCTURE PVT LTD,421601,Thane,,,,under_construction,2021-12-30,
P51700012054,SHREEJI GARDEN,SHUBH DEVELOPERS,421503,Thane,,,,under_construction,2021-12-30,
P51700005236,RAJ TATTVA WING A B AND E,KOTHARI AUTOPARTS MANUFACTURERS PRIVATE LIMITED,400601,Thane,,,,under_construction,2023-12-30,
P51700010400,KOOL BREEZE PHASE II,ABHISHEK SHELTERS LTD,421503,Thane,,,,under_construction,2018-05-31,
P51700007523,OMKAR ENCLAVE,OMKAR ENTERPRISES,421201,Thane,,,,under_construction,2023-12-30,
P51700010369,BALAJI ARCADE WING B,SHIKHAR DEVELOPERS,421306,Thane,,,,under_construction,2019-12-31,
P51700010396,MARATHE ELENZA,SAIJI DEVELOPERS,421605,Thane,,,,under_construction,2026-03-30,
P51700008431,RAJ TORRES PHASE 1,RAJESH ESTATES AND NIRMAN PVT LTD,400607,Thane,,,,under_construction,2019-03-31,
P51700011909,Atmaram Sadan,Aditya Associates,400602,Thane,,,,under_construction,2018-03-31,
P51700012322,RTG Shiv Srishti,RTG Infrastructure and Realtors Limited,421301,Thane,,,,under_construction,2028-12-30,
P51700005592,GAYATRI CLASSIC,TELE BUILD CONSTRUCTION PVT LTD,421302,Thane,,,,under_construction,2023-03-31,
P51700005709,Balaji Arcade Wing C,SHIKHAR DEVELOPERS,421306,Thane,,,,under_construction,2019-12-31,
P51700010795,SHUBH AANGAN,SHUBH ENTERPRISES,421503,Thane,,,,under_construction,2019-12-31,
P51700003435,SOHAM PLAZA,SAIBHAKTI BUILDERS,421605,Thane,,,,under_construction,2017-12-31,
P51700009808,MARATHE EMPIRE,SAIJI BUILDERS,421605,Thane,,,,under_construction,2022-03-30,
P51700009284,UMIYA COMPLEX PHASE II,Umiya Associates,421503,Thane,,,,under_construction,2020-11-30,
P51700007502,KAVITA PEARL,KAVITA INFRA,421301,Thane,,,,under_construction,2019-10-31,
P51700007107,ATLANTA RESIDENCY PHASE I,SRI BALAJI DEVELOPER,421302,Thane,,,,under_construction,2019-03-31,
P51700010252,KRUSHNAI,WELFARE CONSTRUCTION,421202,Thane,,,,under_construction,2020-10-30,
P51700011393,Vaishnavi Heights,Sanjay Shantaram Kankoshe,421301,Thane,,,,under_construction,2020-10-30,
P51700015085,SANGHVI PARSSSVA CLASSIC,SHRI PARRSSSVA ARHAM CONSTRUCTIONS ENTERPRISES LLP,421302,Thane,,,,under_construction,2023-03-31,
P51700010168,SADASHIV PURAM,SATYABHAMA DEVELOPERS,421501,Thane,,,,under_construction,2018-03-15,
P51700011888,YASH ASHOKA,SHREE SAI YASH REALTORS,400603,Thane,,,,under_construction,2018-06-30,
P51700008440,MY CITY - PHASE II - CLUSTER 4,HORIZON PROJECTS PVT LTD,421201,Thane,,,,under_construction,2028-12-30,
P51700006029,MAHALAXMI KRUPA,MAHALAXMI ENTERPRISES,421201,Thane,,,,under_construction,2020-11-30,
P51700010106,ATLANTA RESIDENCY PHASE II,SRI BALAJI DEVELOPER,421302,Thane,,,,under_construction,2024-12-31,
P51700007650,SUNRISE GALAXY,SUNRISE DEVELOPERS,421202,Thane,,,,under_construction,2022-06-30,
P51700009938,Gautam Co-operative Housing Society,Mahesh Shriram Borkar,400602,Thane,,,,under_construction,2018-07-31,
P51700004182,SAHAJEEVAN,Shree Khodiyar Builders and Developers,421501,Thane,,,,under_construction,2020-11-30,
P51700011975,ROYAL FLORA,SHRI AADINATH REALTY,421302,Thane,,,,under_construction,2024-12-31,
P51700010970,SHUBHAM GALAXY,NAVKAR & ASSOCIATES,421201,Thane,,,,under_construction,2020-11-30,
P51700011528,"Signia Waterfront, Plot No. 1, Sector 12, Airoli, Navi Mumbai",Piramal Sunteck Realty Pvt. Ltd.,400708,Thane,,,,under_construction,2022-04-30,
P51700009540,RAUNAK RESIDENCY,UNNATHI ESTATES,400606,Thane,,,,under_construction,2024-06-30,
P51700010701,NEPTUNE TRIVENI SANGAM,NEPTUNE DEVELOPERS LIMITED,421102,Thane,,,,under_construction,2027-07-31,
P51700003224,MAHALAXMI PARADISE,SHREE MAHALAXMI BUILDERS AND DEVELOPERS,421503,Thane,,,,under_construction,2019-07-31,
P51700007977,VIRAT AANGAN BUILDING NO 1,SIDDHIVINAYAK DEVELOPERS,421605,Thane,,,,under_construction,2019-12-31,
P51700004374,Ashapura Enclave,Ashapura Enterprises,421202,Thane,,,,under_construction,2021-12-30,
P51700007601,BALAJI AANGAN SHIVAM - C WING,SHREE SAI BALAJI ENTERPRISES,421201,Thane,,,,under_construction,2019-12-31,
P51700010317,HIRALAXMI APARTMENT,SHREE SADGURU DEVELOPERS,400601,Thane,,,,under_construction,2023-10-30,
P51700012364,EKNATH TOWER,OMKAR ENTERPRISES,421201,Thane,,,,under_construction,2022-03-30,
P51700007118,KRISHNA HERITAGE,SHREE BALAJI CONSTRUCTION,421301,Thane,,,,under_construction,2022-12-30,
P51700009293,Chintamani Builders,Chintamani Builders,421601,Thane,,,,under_construction,2019-12-31,
P51700012072,VAKRATUND,SHREE SIDDHI VINAYAK DEVELOPERS,400605,Thane,,,,under_construction,2018-07-31,
P51700012161,NEELKANTH ROYALE PALMS - F WING PHASE II,NEELKANTH ASSOCIATES,421501,Thane,,,,under_construction,2026-12-31,
P51700010429,MANGALMURTI HOMES,SARVODAYA LAND DEVELOPERSDEVELOPERS,421201,Thane,,,,under_construction,2019-12-31,
P51700008655,AARSH AVENUE,SHREE DEVELOPERS,421504,Thane,,,,under_construction,2018-09-30,
P51700009917,SADGURU KRIPA APARTMENT,SADGURU DEVELOPER,421005,Thane,,,,under_construction,2018-12-31,
P51700009701,TULJA SERENITY GREENS - PHASE 1,TULJAI CONSTRUCTION CO.,421604,Thane,,,,under_construction,2024-12-30,
P51700005196,TULJA SERENITY GREENS - PHASE 2,TULJAI CONSTRUCTION CO.,421604,Thane,,,,under_construction,2025-12-30,
P51700008132,MILLENIUM HEIGHTS,K P DEVELOPERS,421103,Thane,,,,under_construction,2023-12-30,
P51700010871,PENTAGON HEIGHTS,DAMJI HARI CONSTRUCTIONS,421302,Thane,,,,under_construction,2019-11-29,
P51700008960,OM SAI HOME,M/S. INFINI DEVELOPERS,421302,Thane,,,,under_construction,2020-12-29,
P51700007581,GLORIA VISTA,MADIREDDY KONDA REDDY,410206,Thane,,,,under_construction,2018-09-21,
P51700008705,SHIVNERI,AAVISHKAR ASSOCIATES,421202,Thane,,,,under_construction,2018-12-31,
P51700005769,KYRAA PARK,KYRAA INFRA PROJECTS PRIVATE LIMITED,400068,Thane,,,,under_construction,2024-12-31,
P51700010313,BALAJI RESIDENCY,OM SWAYAMBHU SIDDHIVINAYAK BUILDERS AND DEVELOPERS,421201,Thane,,,,under_construction,2023-12-30,
P51700003299,Rukmini Garden Building No 2,MARUTI RAGHUNATH JADHAV,421605,Thane,,,,under_construction,2021-12-30,
P51700004978,AMBER HEIGHTS,ACE CONSTRUCTION,421302,Thane,,,,under_construction,2024-03-31,
P51700005884,SRUSHTI RESIDENCY D-TYPE WING-2,Kulswamini Builders,421201,Thane,,,,under_construction,2019-08-31,
P51700008376,NANA PATIL PRIDE,PATIL BUILDERS AND DEVELOPERS,421501,Thane,,,,under_construction,2019-12-31,
P51700012479,SRUSHTI RESIDENCY D TYPE WING 1,M/S. KULSWAMINI BUILDERS,421201,Thane,,,,under_construction,2019-08-31,
P51700012270,JAI SANTOSHI MATA HEIGHTS,RAJIV THAKUR & ASSOCIATES,421201,Thane,,,,under_construction,2018-03-31,
P51700013182,Ginger hills,hitesh parmanand asrani,421601,Thane,,,,under_construction,2019-12-31,
P51700010350,ARIHANT CITY PHASE-II - E BUILDING,DIMPY INFRA VENTURES PVT LTD,421302,Thane,,,,under_construction,2025-12-30,
P51700010631,Datar Heights,Saleem Abdul Shaikh,421503,Thane,,,,under_construction,2021-10-30,
P51700010242,Patel Colossus Phase 1,Patel Group & Co,421301,Thane,,,,under_construction,2022-12-30,
P51700008709,Patel Colossus Phase II,Patel Group & Co,421301,Thane,,,,under_construction,2023-12-30,
P51700009981,Patel Colossus - Phase III,Patel Group & Co,421301,Thane,,,,under_construction,2023-12-30,
P51700010423,KABINI,shree shakti developers,400612,Thane,,,,under_construction,2025-12-31,
P51700009082,KOYNA,shree shakti developers,400612,Thane,,,,under_construction,2022-12-29,
P51700010368,The Residences,Vaijanath Realtors LLP,421301,Thane,,,,under_construction,2018-12-31,
P51700010884,"ARIHANT CITY PHASE-I BUIDING-A,B,C,D,D1,D2,H,H1,H2,F",ARIHANT ENTERPRISES,421302,Thane,,,,under_construction,2025-12-30,
P51700009850,Archit Jewel,Archit Enterprises,400612,Thane,,,,under_construction,2023-08-31,
P51700009777,SAJAN HEIGHTS,DIKSHA DEVELOPERS,421202,Thane,,,,under_construction,2022-12-30,
P51700004483,"ARIHANT CITY PHASE-II BUILLDING-F,G,H,I,J,COMMERCIL-1 AND COMMERCIAL-2",ARIHANT ENTERPRISES,421302,Thane,,,,under_construction,2025-12-30,
P51700005481,FENNEL D,ROYALE URBANSPACE LLP,421601,Thane,,,,under_construction,2019-12-31,
P51700011645,YASH REALTORS,YASH REALTORS,400603,Thane,,,,under_construction,2020-09-16,
P51700012435,AUDUMBER,AADYASHAKTI ENTERPRISES,400601,Thane,,,,under_construction,2018-12-31,
P51700010265,Omkar Heights,Ganga Estate Developers,421201,Thane,,,,under_construction,2024-12-31,
P51700010974,Indralok Phase I,Honest Enterprise,421301,Thane,,,,under_construction,2021-12-30,
P51700010303,Godrej Alive A,Modella Textile Industries Limited,400602,Thane,,,,under_construction,2025-12-30,
P51700010267,INDRA HEIGHTS,BHOIR AND SONS,421202,Thane,,,,under_construction,2019-03-31,
P51700005281,Godrej Alive B,Modella Textile Industries Limited,400602,Thane,,,,under_construction,2025-12-30,
P51700010295,SUDAMA GREENS,SACHIN SUDAM PATIL,400612,Thane,,,,under_construction,2017-12-31,
P51700009762,Bhagatiniwas,Shri Sadguru construction,421503,Thane,,,,under_construction,2018-12-30,
P51700009457,ATHARV RESIDENCY,PETHE BUILDERS AND DEVELOPERS,412503,Thane,,,,under_construction,2022-05-30,
P51700007222,USHAJOSHI PARK PHASE II,J K T GROUP,421605,Thane,,,,under_construction,2023-06-30,
P51700010451,SWAROOP ORCHID,SWAROOP CONSTRUCTION,421503,Thane,,,,under_construction,2018-06-30,
P51700010899,Shantiniketan Wing A,Anmol Associates,421201,Thane,,,,under_construction,2018-12-31,
P51700009056,SAKSHI ENCLAVE,SAKSHI SAURABH DANT,400068,Thane,,,,under_construction,2020-09-30,
P51700009797,UNIVERSE I PHASE I,Gayasuddin Riyazuddin Khan,400612,Thane,,,,under_construction,2023-12-30,
P51700005397,RISHITA APARTMENT,SHANTI ENTERPRISE,400107,Thane,,,,under_construction,2018-12-31,
P51700007114,UMIYA DHAM,SHREE MANGALMURTI DEVELOPERS,421503,Thane,,,,under_construction,2022-07-31,
P51700006944,MAN BUSINESS SPACES,MERINO SHELTERS PRIVATE LIMITED,400706,Thane,,,,under_construction,2023-12-30,
P51700009356,KONARK SOLITAIRE - PHASE 1,KONARK REALTIES J.V.,421301,Thane,,,,under_construction,2019-06-30,
P51700004049,Tycoons Square Avenue III Tower C,Tycoons Avanti Projects LLP,421301,Thane,,,,under_construction,2025-06-30,
P51700009923,MANGESHI CRYSTAL,Mangesh Dashrath Gaikar,421301,Thane,,,,under_construction,2018-06-30,
P51700008224,SIDDHESHWAR HEIGHTS,SHREE JAI MALHAR ENTERPRISES,421205,Thane,,,,under_construction,2023-03-30,
P51700010834,ROYAL CASTLE,SHREENATH DEVELOPERS,421051,Thane,,,,under_construction,2024-03-31,
P51700007122,AMRUT PLAZA,SHREERAM BUILDERS,400601,Thane,,,,under_construction,2026-12-30,
P51700009581,SAI RAJ RESIDENCY,SHRIRAM DEVELOPERS,421503,Thane,,,,under_construction,2018-12-31,
P51700011843,DREAMLAND CO-OP HSG SOCIETY LTD.,VISHWANATH RAMCHANDRA PANVELKAR,421501,Thane,,,,under_construction,2024-03-30,
P51700009193,Jangid Galaxy Tower 7,Jangid Contructions,400607,Thane,,,,under_construction,2023-12-30,
P51700008247,SUNCITY ORION,NESTOR SAI DEVELOPERS PVT LTD,421305,Thane,,,,under_construction,2019-12-31,
P51700006681,KRISHNA HILLS,SHREE OMSAI CONSTRUCTION,400531,Thane,,,,under_construction,2018-12-31,
P51700005885,CROSSVILLA,SHREEYA ENTERPRISES,400602,Thane,,,,under_construction,2022-12-30,
P51700009154,Asmeeta Infratech Limited - Asmeeta Texpa,Asmeeta Infratech Limited,421311,Thane,,,,under_construction,2019-12-31,
P51700004599,PLUTO C WING,BHAKTI REALTORA,421301,Thane,,,,under_construction,2017-12-31,
P51700008216,TRINITY OASIS,ANIL thakurdas kursija,400610,Thane,,,,under_construction,2023-07-31,
P51700010860,AMBRE HEIGHTS,OM SAI BUILDERS AND DEVELOPERS,421301,Thane,,,,under_construction,2018-12-31,
P51700010349,Shantiniketan Wing B,Anmol Associates,421201,Thane,,,,under_construction,2018-12-31,
P51700009343,Shivnath Habitats,SHIVNATH DEVELOPER,421204,Thane,,,,under_construction,2018-07-31,
P51700007467,Sapphire Homes,Padamavati Realbuild LLP,421302,Thane,,,,under_construction,2025-12-31,
P51700010731,MATOSHRI HEIGHTS,SUJAL DEVELOPERS,421306,Thane,,,,under_construction,2022-12-29,
P51700009394,SUSHILA APT ALOK COOP HSG SOCIETY LTD,RICHKRAFT SPACES,400601,Thane,,,,under_construction,2020-01-31,
P51700010993,Parijat Plaza Type B,M/s Parijat Constructions,421503,Thane,,,,under_construction,2018-05-31,
P51700010376,GREENWOODS,MILIND MADHUKAR KAMBLE AND MANOJ SURESH NAYAK (AOP),421601,Thane,,,,under_construction,2023-06-30,
P51700005750,GHANTALI SAINATH PLAZA,KALPATARU ENTERPRISES,400602,Thane,,,,under_construction,2023-08-10,
P51700003884,Our Town - Whispering Woods,Kaiyomerz Cowas Palia,421601,Thane,,,,under_construction,2023-12-31,
P51700009387,NANDISHWAR PLAZA,NANDISHWAR CONS CO,400602,Thane,,,,under_construction,2023-08-10,
P51700010749,Shri Swami Samarth Residency,Shri Swami Samartha Developers,400703,Thane,,,,under_construction,2021-12-30,
P51700008298,Sunrise Glory - Phase I,SUNRISE LIFESPACES LLP,421204,Thane,,,,under_construction,2018-06-30,
P51700006721,The Universe II,G.E.CONSTRUCTIONS,400612,Thane,,,,under_construction,2023-12-30,
P51700004738,Shantiniketan Wing B1,Anmol Associates,421201,Thane,,,,under_construction,2018-12-31,
P51700009615,SANGHVI VALLEY A1 A2,Sanghvi Premises Private Limited,400605,Thane,,,,under_construction,2018-06-30,
P51700007284,Savitri View,Savitri Group,400706,Thane,,,,under_construction,2019-09-30,
P51700009993,Godrej Alive C,Modella Textile Industries Limited,400602,Thane,,,,under_construction,2025-12-30,
P51700006365,ETERNAL AVENUE,MAGNUM LIFE SPACES,421503,Thane,,,,under_construction,2018-03-31,
P51700010636,Sai Savitri Villa,Savitri Group,400706,Thane,,,,under_construction,2019-09-30,
P51700009992,Godrej Alive E,Modella Textile Industries Limited,400602,Thane,,,,under_construction,2025-12-30,
P51700009697,YUGANDHAR SUDAMA,Chaturthi Vastu Developers,421201,Thane,,,,under_construction,2026-07-01,
P51700010935,PALAVA CROWN,Palava Dwellers Private Limited,421204,Thane,,,,under_construction,2023-01-30,
P51700010264,KUBER AAGAN,CRATIVE HOME MAKERS,421202,Thane,,,,under_construction,2019-12-31,
P51700006026,SRUSHTI RESIDENCY D-TYPE WING-3,M/S. KULSWAMINI BUILDERS,421201,Thane,,,,under_construction,2019-08-31,
P51700012349,Aghav Resideny,Aghav Developers,421601,Thane,,,,under_construction,2027-07-30,
P51700009396,PRAMOD SMRUTI,MATOSHREE CONSTRUCTION,421202,Thane,,,,under_construction,2019-03-31,
P51700005148,MAPLE,SHREEJI DEVELOPERS,410209,Thane,,,,under_construction,2021-12-30,
P51700006329,ASHAR METRO TOWERS,SHREE SAIBABA GRIHANIRIMITI PRIVATE LIMITED,400606,Thane,,,,under_construction,2024-12-30,
P51700006000,Valencia Park,Prakash Trading Company,400604,Thane,,,,under_construction,2020-12-30,
P51700009286,KUBER SAMRUDDHI PHASE I,CREATIVE INFRA,421202,Thane,,,,under_construction,2019-12-31,
P51700010103,PUSHKAR APARTMENT,SAYALEE SANJESH PATKAR,421503,Thane,,,,under_construction,2019-03-31,
P51700004644,DINKAR PLAZA,DREAM HOME INFRA,421306,Thane,,,,under_construction,2022-12-30,
P51700008736,"ROYAL MEADOWS C 1 , C 2",SIDDHIVINAYAK DEVELOPERS,421301,Thane,,,,under_construction,2023-03-31,
P51700010102,"NEPTUNE SWARAJYA SECTOR 2- B7, B21, B22A, B22B, B22C",NEPTUNE DEVELOPERS LTD,421102,Thane,,,,under_construction,2027-12-30,
P51700010068,K R HEIGHTS,RICHI RICH INFRASTRUCTURE,421302,Thane,,,,under_construction,2023-12-30,
P51700009044,RAI S HERITAGE D Wing,RAI RESIDENCY Private Limited,421306,Thane,,,,under_construction,2018-12-31,
P51700003909,ROYAL NEST,DHANASHREE DEVELOPERS,421506,Thane,,,,under_construction,2023-06-30,
P51700004630,VAISHNAVI ENCLAVE,JAYARAM PANDURANG GAIKWAD,421306,Thane,,,,under_construction,2023-03-30,
P51700010098,ORCHID ARCADE,SWASTIK ANMOL BUILDERS AND DEVELOPERS,400703,Thane,,,,under_construction,2024-06-30,
P51700009684,SHUBH VATIKA,SHUBH ENTERPRISES,421503,Thane,,,,under_construction,2018-11-30,
P51700011514,SUDAMA ENCLAVE,RAI RESIDENCY Private Limited,421306,Thane,,,,under_construction,2018-06-30,
P51700007647,DIAMOND PARK,AMEEN CONSTRUCTIONS,400612,Thane,,,,under_construction,2019-12-31,
P51700008734,MUKATA LAKE CITY,KANAK REALTORS,400612,Thane,,,,under_construction,2020-12-29,
P51700010306,AVIGHNA KARAN WING A,AVIGHNA KARAN,421306,Thane,,,,under_construction,2019-03-31,
P51700003742,PARSHWA HILL,JRV CONSTRUCTION CO,421501,Thane,,,,under_construction,2020-10-30,
P51700008112,SAI PRASAD PLAZA,SAINATH GURUNATH SHETE,421503,Thane,,,,under_construction,2023-06-30,
P51700007099,SAI SRUSHTI,JYOTIRMAY DEVELOPERS,421301,Thane,,,,under_construction,2020-12-30,
P51700013776,KRISHNA SQUARE,GOPAL KRISHNA DEVELOPERS,421306,Thane,,,,under_construction,2024-07-30,
P51700009352,ASHAR METRO TOWERS,SHREE SAIBABA GRIHANIRMITI PRIVATE LIMITED,400606,Thane,,,,under_construction,2024-12-30,
P51700005889,Shree Sadan,SHRINIVAS DATTATRAY KALE,400602,Thane,,,,under_construction,2020-01-31,
P51700012181,SATYA JEEVAN CO.-OP. HSG. SOCIETY,MRP INFRASTRUCTURE,421004,Thane,,,,under_construction,2019-03-31,
P51700007507,ASHAR METRO TOWERS,SHREE SAIBABA GRIHANIRMITI PRIVATE LIMITED,400606,Thane,,,,under_construction,2024-12-30,
P51700012012,SAI PANACH,PANACH RELATORS,421302,Thane,,,,under_construction,2018-03-31,
P51700005893,AL ABBAS,AYMAN INFRA CONSTRUCTIONS,421302,Thane,,,,under_construction,2024-06-30,
P51700011539,Raj Tattva Phase II Wing C and D,KOTHARI AUTOPARTS MANUFACTURERS PVT LTD,400601,Thane,,,,under_construction,2022-06-30,
P51700010906,SHREE HEIGHTS,SHREE DEVELOPERS,421202,Thane,,,,under_construction,2017-12-31,
P51700011595,TSP HEIGHTS,ASHWAMEGH ASSOICATES,421201,Thane,,,,under_construction,2022-12-31,
P51700011738,BHAGIRATHI TOWER,BALI CONSTRUCTIONS,400605,Thane,,,,under_construction,2018-07-31,
P51700007592,ROHAN GRUH NIRMAN,M/s Rohan Development,421503,Thane,,,,under_construction,2018-03-31,
P51700011254,MAITRI HILLS,ESHWAR ENTERPRISES,421503,Thane,,,,under_construction,2019-06-30,
P51700012214,Shantiniketan Wing C,Anmol Associates,421201,Thane,,,,under_construction,2018-12-31,
P51700004045,SUNSHINE ELEGANCE,SUNSHINE ENTERPRISES,421201,Thane,,,,under_construction,2022-06-30,
P51700007128,SAIDEEP,SHREE SAI SIDDHI ASSOCIATES,400601,Thane,,,,under_construction,2018-12-31,
P51700008902,Krishna Kunj Residency,Ashoka Infrastructure,421503,Thane,,,,under_construction,2018-06-30,
P51700010284,JALAL MANSION,MARYAM ENTERPRISES,421301,Thane,,,,under_construction,2018-12-31,
P51700010374,Shantiniketan Wing B3,Anmol Associates,421201,Thane,,,,under_construction,2019-12-31,
P51700004554,Our Town - Majestic Apartments,Kaiyomerz Cowas Palia,421601,Thane,,,,under_construction,2021-12-01,
P51700005966,SHALINA HEIGHTS,MOONSHINE REALTORS PVT LTD,421302,Thane,,,,under_construction,2018-12-31,
P51700011433,SHREE SWAMI PUSHPA PHASE-1 SHELAR PARK,SHELAR DEVELOPERS,421301,Thane,,,,under_construction,2023-06-30,
P51700011429,Shantiniketan Wing B4,Anmol Associates,421201,Thane,,,,under_construction,2019-12-31,
P51700005092,Cosmos Horizon,Concorde Developers,400606,Thane,,,,under_construction,2018-12-31,
P51700011425,BHAKTI PARK B WING,BHAKTI CORPORATION,421503,Thane,,,,under_construction,2018-03-31,
P51700007593,SURAJ RAMA HEIGHTS,SHREE RAMA SHREE CONSTRUCTION PVT LTD,400602,Thane,,,,under_construction,2023-12-30,
P51700011431,DREAM SOLITAIRE,SATYAM CONCAST PRIVATE LIMITED,410206,Thane,,,,under_construction,2018-12-05,
P51700008927,SANIYA HEIGHTS,MOONSHINE REALTORS PVT LTD,421302,Thane,,,,under_construction,2024-12-31,
P51700007059,Shantiniketan Wing B5,Anmol Associates,421201,Thane,,,,under_construction,2021-12-30,
P51700009222,MAPLE CITY PHASE I,SHREE CHINTAMANI ENTERPRISES,421503,Thane,,,,under_construction,2021-12-30,
P51700008333,VAISHNAVI HIGHLIFE,MAA JIVDANI CONSTRUCTION COMPANY,421306,Thane,,,,under_construction,2023-03-30,
P51700009388,ORION SQUARE TYPE C,SQUARE FEET REAL ESTATE,421505,Thane,,,,under_construction,2018-12-31,
P51700010805,Shantiniketan Wing B6,Anmol Associates,421201,Thane,,,,under_construction,2021-12-30,
P51700011559,LAABH ENCLAVE- PHASE 2,VAISHNAVI HOUSING REALTY LLP,421302,Thane,,,,under_construction,2023-03-31,
P51700012719,SAI SAPPHIRE,DKM REALTORS,400607,Thane,,,,under_construction,2018-03-31,
P51700008265,Krishna Spaces,MAGNUM SOLITAIRE LLP,421302,Thane,,,,under_construction,2022-06-30,
P51700008541,PARIJAT CO-OPERATIVE HOUSING SOCIETY LIMITED PHASE 1,ROHRA CONSTRUCTIONS,421501,Thane,,,,under_construction,2018-03-31,
P51700012154,ONE PLATINUM,PLATINUM LIFESPACES,400614,Thane,,,,under_construction,2023-12-29,
P51700007934,SHREE ASHTAVINAYAK VASTU PRAKALPA,BALKRISHNA KASHINATH BHOIR,421503,Thane,,,,under_construction,2019-11-30,
P51700006220,UNIVERSE I PHASE II,SAHYADRI GRIH NIRMAN,400612,Thane,,,,under_construction,2023-06-30,
P51700005616,SWAMI DHAM,SHREE AYYAPPA CONSTRUCTIONS,421501,Thane,,,,under_construction,2018-06-30,
P51700011368,MOUNT VIEW,BALKRISHNA KASHINATH BHOIR,421501,Thane,,,,under_construction,2017-12-31,
P51700003711,Shree Mahaveer Krupa,Infini Construction,421302,Thane,,,,under_construction,2020-12-17,
P51700011576,TANSA CITY ONE,KAVYA BUILDCON PVT. LTD.,421601,Thane,,,,under_construction,2019-12-31,
P51700006637,COSMOS HABITATE,CONCORDE ASSOCIATES,400607,Thane,,,,under_construction,2019-03-31,
P51700005076,SARVODAY PATWARDHAN BAUG,SARVODAY DEVELOPER,421301,Thane,,,,under_construction,2022-07-31,
P51700003748,GAURANG ROYALE,GAURANG PROPERTIES PVT. LTD.,400602,Thane,,,,under_construction,2021-12-30,
P51700004457,Cosmos Classique,Concorde Builders,400607,Thane,,,,under_construction,2018-12-31,
P51700007184,SHUBHVASTU PLOT NO. 7-PHASE 1,SAVJIBHAI BAVJIBHAI KODINARIYA,421601,Thane,,,,under_construction,2018-12-31,
P51700006924,Athena Enclave,Jai Mata Di Developers,421301,Thane,,,,under_construction,2023-12-30,
P51700011170,VASTU SWAPNAPURTY RESIDENCY,VASTU BUILDERS AND DEVELOPERS,421503,Thane,,,,under_construction,2024-03-31,
P51700006060,SAI SHRUTI,PINNACLE CONSTRUCTIONS,421503,Thane,,,,under_construction,2018-03-31,
P51700008738,BHAGWATI VILA WING B,SHANTINATH ENTERPRISES,421201,Thane,,,,under_construction,2022-06-29,
P51700007167,MRUNALI PARADISE,TUKARAM BARKU MHATRE,421503,Thane,,,,under_construction,2018-12-31,
P51700010779,NIRAJ RIVIERA - SHIRISH,Shree Samarth Developers,421301,Thane,,,,under_construction,2021-12-30,
P51700008382,MANGESHI SANSKAR,Mangesh Dashrath Gaikar,421306,Thane,,,,under_construction,2018-06-30,
P51700005860,Shivaay Residency,ROHAN KRISHNAPALSINGH THAKUR,421301,Thane,,,,under_construction,2022-06-30,
P51700006597,KASHI DARSHAN,VARAJ RAJ CONSTRUCTION,421301,Thane,,,,under_construction,2023-10-30,
P51700004766,CRYSTAL APARTMENT,CRYSTAL CONSTRUCTION CO,400601,Thane,,,,under_construction,2020-01-31,
P51700003000,RED ROSE CO-OPERATIVE HOUSING SOCIETY,IMTIYAZ MOHAMMED SAEED ANSARI,400612,Thane,,,,under_construction,2019-12-31,
P51700012824,Green Willows Phase I,GREEN LIFESPACES,421601,Thane,,,,under_construction,2021-12-30,
P51700005866,VISHNU PLAZA,VISHNU DEVELOPERS,421102,Thane,,,,under_construction,2017-12-31,
P51700006609,Airoli Co op housing soc Ltd.,Jayant Shashikant Parikh,400708,Thane,,,,under_construction,2031-03-30,
P51700010671,SHIVSAI HIGHTS,SHIVSAI ENTERPRISES,421306,Thane,,,,under_construction,2022-12-29,
P51700004830,NITIN ENCLAVES,SHAHAJI BABA JAVIR,400708,Thane,,,,under_construction,2026-06-30,
P51700006582,PULIN CO-OP HOUSING SOCIETY LTD,TIRUPATI DEVELOPERS,400706,Thane,,,,under_construction,2031-12-30,
P51700011174,NIRMAN AAKASH,DEEPAK SHANKAR YASHWANTE,421306,Thane,,,,under_construction,2022-03-30,
P51700012825,Green Willows Phase II,GREEN LIFESPACES,421601,Thane,,,,under_construction,2021-06-30,
P51700003659,ANTALIYA,PLATINUM REALTY AND INFRASTRUCTURE PRIVATE LIMITED,421302,Thane,,,,under_construction,2024-12-30,
P51700005904,AASHRAY PEARL WING C,AASHRAYGROUP,421501,Thane,,,,under_construction,2023-05-30,
P51700010971,Renaissance Industrial Smart City - PH I,RENAISSANCE INDUS INFRA PRIVATE LIMITED,421302,Thane,,,,under_construction,2031-12-30,
P51700007431,KAVYA GRANDEUR,JUPITER LANDSCAPES PVT. LTD.,400607,Thane,,,,under_construction,2022-12-30,
P51700006298,VARDHAMAN PARK,VARDHAMAN DEVELOPERS,421301,Thane,,,,under_construction,2022-12-30,
P51700011175,SHIV GANESH SADAN,M/S SHIVGANESH BUILDERS & DEVELOPERS,421202,Thane,,,,under_construction,2018-12-14,
P51700008334,SHAILJEET HEIGHTS,MANDAKINI KESHAV TOKRE,421201,Thane,,,,under_construction,2018-12-31,
P51700009122,SHREE SIDDHI APARTMENT,SHREE SIDDHIVINAYAK BUILDERS AND DEVELOPERS,421604,Thane,,,,under_construction,2021-12-30,
P51700010259,Shree Ganraya Apartments,Mahesh Shyamsundar Goyal,421605,Thane,,,,under_construction,2018-12-31,
P51700009214,GN TOWER,PRADIP GANPAT PAWAR,400709,Thane,,,,under_construction,2020-12-29,
P51700011044,COSMOS ORCHID,MONARCH DEVELOPERS,400607,Thane,,,,under_construction,2020-12-29,
P51700011093,Silver Enclave,Silverline Building & Constructions LLP,400612,Thane,,,,under_construction,2023-03-30,
P51700013224,CALISTA,SHAKTI DEVELOPERS,400701,Thane,,,,under_construction,2017-12-31,
P51700013737,TRICITY PROMENADE,TRICITY REALTY LLP,400706,Thane,,,,under_construction,2023-09-30,
P51700007412,RAGHUANAND CHS,VIJAY RAOJI SAWANT,400602,Thane,,,,under_construction,2018-06-30,
P51700009102,Magnus Height,Silver Line Constructions,400612,Thane,,,,under_construction,2023-12-31,
P51700010244,"Hari Krupa Residency, Kharde, Shahapur",Harikrupa Buildcon LLP,421601,Thane,,,,under_construction,2023-07-31,
P51700010683,SUYOG,MADHAV BHALCHANDRA PARANJAPE,421201,Thane,,,,under_construction,2017-12-31,
P51700014483,NEELKANTH HEIGHTS,SLV ENTERPRISES,400601,Thane,,,,under_construction,2018-12-31,
P51700014438,EKDANT SMARAN,Prashant Tukaram Baeet,421503,Thane,,,,under_construction,2021-03-16,
P51700010840,GARDEN CITY,Pakshal Builders and Developers,421302,Thane,,,,under_construction,2028-12-30,
P51700008885,AND LILY,ANANTNATH DEVELOPERS,400612,Thane,,,,under_construction,2022-12-30,
P51700007348,Trinity Galaxy R1 and R4,Trinity Developers,421503,Thane,,,,under_construction,2018-06-30,
P51700012995,Shanti Luxuria,RDP Realtores,421204,Thane,,,,under_construction,2024-12-31,
P51700010814,ADARSH NEELKANTH,SARVOPARI SAHARA,421302,Thane,,,,under_construction,2023-12-30,
P51700007816,charms hill,M/S PRIME DEVELOPERS,421503,Thane,,,,under_construction,2019-12-31,
P51700012789,MAGNUS MARYAM,SHAFI ABDUL KADAR SYED,400612,Thane,,,,under_construction,2022-03-30,
P51700008764,PALAVA RIVER VIEW E AND F,Macrotech Developers Limited,421204,Thane,,,,under_construction,2017-12-31,
P51700012542,Madhumalti,Dilip Madhukar Dalvi,421301,Thane,,,,under_construction,2017-12-31,
P51700012558,UTKARSH,MADHAV BHALCHANDRA PARANJAPE,421201,Thane,,,,under_construction,2017-12-31,
P51700012138,VAIBHAVI CITY,PRADIP GANPAT PAWAR,421301,Thane,,,,under_construction,2022-12-30,
P51700010770,FAIRMOUNT,FINE ART PROJECT MANAGEMENT CONSULTANTS PVT LTD,400703,Thane,,,,under_construction,2019-12-31,
P51700012086,hillcrest appartments,aasanghar construction,421605,Thane,,,,under_construction,2018-12-27,
P51700010184,QUALITY HEIGHTS I,QUALITY CONSTRUCTION CO,400612,Thane,,,,under_construction,2019-12-31,
P51700011914,BUILDING NO 4 PHASE I PART OF VARDHAMAN VATIKA PHASE 2,GROW MORE INFRACON,421601,Thane,,,,under_construction,2021-12-30,
P51700011820,Sanghvi Nesta,fortunerpjdevelopers,400607,Thane,,,,under_construction,2024-12-31,
P51700010706,AMAKIN MOHAMMADIYA COMPLEX PHASE III,RAJ CORPORATION,421304,Thane,,,,under_construction,2024-12-30,
P51700009454,PRIME NEST,MAGNUS ENTERPRISES,400612,Thane,,,,under_construction,2025-12-31,
P51700008676,SHANTI PARK,V R REALTIES,410206,Thane,,,,under_construction,2021-12-01,
P51700012074,DHARTI HILLS,KRISHNA ENTERPRISES,421501,Thane,,,,under_construction,2017-12-31,
P51700010208,NAMASKAR CO-OP HSG SOCIETY,V. R. BUILDERS,421501,Thane,,,,under_construction,2023-03-30,
P51700011665,MAYURESH PLANET,SHREEGOPAL JUGALKISHORE BARASIA,400614,Thane,,,,under_construction,2025-08-28,
P51700005256,Vaikunth Cluster 4A,Piramal Estate Private Limited,400608,Thane,,,,under_construction,2024-07-31,
P51700011461,RAVI DARSHAN,RAVI DEVELOPERS,421503,Thane,,,,under_construction,2018-05-25,
P51700016129,SHREE DATTA,AADYASHAKTI ENTERPRISES,400602,Thane,,,,under_construction,2022-12-30,
P51700014800,ASHAPURA PRASAD,ASHAPURA NIRMAN DEVELOPERS,421301,Thane,,,,under_construction,2022-06-30,
P51700007243,SANKHESHWAR HEIGHTS,KALYANI ENTERPRISES,421301,Thane,,,,under_construction,2021-12-30,
P51700012778,SIDDHIVINAYAK HEIGHT,SIDDHIVINAYAK DEVELOPERS,400605,Thane,,,,under_construction,2020-03-03,
P51700005251,MANORAMA CHS,RUPA PROPERTIES & SECURITIES PVT. LTD.,400602,Thane,,,,under_construction,2019-12-31,
P51700012682,SWAPNALOK HILL VIEW,CAARNEEVAL DEVELOPERS,400000,Thane,,,,under_construction,2025-12-31,
P51700012556,MAHAVIR RESIDENCY,SHREE SALASAR REALTY,421302,Thane,,,,under_construction,2023-12-29,
P51700011210,VAISHNAI COPLEX,SANGITA  SINGH,421201,Thane,,,,under_construction,2018-03-31,
P51700011660,BISTURIBAI TOWER,Gaurivinayak Builders and Developers Pvt Ltd,421102,Thane,,,,under_construction,2021-11-30,
P51700010989,EKNATH ENCLAVE,Gaurivinayak Builders and Developers Pvt Ltd,421306,Thane,,,,under_construction,2021-12-30,
P51700012271,Aishwarya Heights,Gaurivinayak Builders and Developers Pvt Ltd,421306,Thane,,,,under_construction,2018-09-30,
P51700007844,Q Residences R2,Aurum RealEstate Developers Limited,400710,Thane,,,,under_construction,2022-12-30,
P51700011312,SOPHIA APARTMENT,AARIA ENTERPRISES,421501,Thane,,,,under_construction,2022-08-15,
P51700010503,Amber,Vajraa Developers,421401,Thane,,,,under_construction,2022-12-30,
P51700010528,GAYATRI PARK,VIKRAM BUILDERS,400605,Thane,,,,under_construction,2018-04-30,
P51700013572,NEELS RESIDENCY,S.A. SINGH BUILDERS AND DEVELOPERS,421501,Thane,,,,under_construction,2018-11-21,
P51700007823,SHANTI GARDEN,KAMYA ENTERPRISES,421501,Thane,,,,under_construction,2021-12-30,
P51700008980,MAN RESIDENCES,MERINO SHELTERS PRIVATE LIMITED,400706,Thane,,,,under_construction,2023-12-30,
P51700008806,SHIVA PLAZA,KRUTIKA BUILDERS AND DEVELOPERS,421202,Thane,,,,under_construction,2020-11-14,
P51700011261,SAI HIGHLAND,SHREE SAIKRUPA DEVELOPERS,421503,Thane,,,,under_construction,2022-03-30,
P51700010673,SWAMI CHINTAMANI,MEENA SADASHIV AGALAVE,421301,Thane,,,,under_construction,2018-12-31,
P51700012698,RAHUL EXCELLENCE,SAROJ SHRAWANKUMAR BAGARIA,421501,Thane,,,,under_construction,2022-12-30,
P51700010819,Riverwood Park Building No. 5,Shree Khidkaleshwar Property Developers Pvt. Ltd.,421204,Thane,,,,under_construction,2024-12-29,
P51700012988,HILL SIDE RESIDENCY WING A B AND C,SUPREME DEVELOPERS,421503,Thane,,,,under_construction,2024-12-30,
P51700011206,DHOLES EMPIRE,ELITE DEVELOPERS,400612,Thane,,,,under_construction,2019-08-01,
P51700010109,"PALVA MILANO D, G",Palava Dwellers Private Limited,421202,Thane,,,,under_construction,2023-03-30,
P51700011629,"PALAVA MILANO E, F",Palava Dwellers Private Limited,421202,Thane,,,,under_construction,2023-03-30,
P51700010960,"PALAVA AURORA B, C",Palava Dwellers Private Limited,421202,Thane,,,,under_construction,2023-03-30,
P51700008966,AMBIKA ESTATE PHASE 1,Ambika Brickwell LLP,421302,Thane,,,,under_construction,2028-12-30,
P51700010672,PARISPARSH SWAPNOTSAV,Parisparsh,421601,Thane,,,,under_construction,2019-09-01,
P51700011469,MADHU PREM,SHREE DEVELOPERS,421201,Thane,,,,under_construction,2022-11-30,
P51700008998,KUBER GANRAJ,KUBER ABHIRAJ INFRA,421605,Thane,,,,under_construction,2019-12-31,
P51700011458,TRIMURTI PARK,TRIMURTI CONSTRUCTION,421306,Thane,,,,under_construction,2024-12-31,
P51700008564,SAI SIDDHI RESIDENCY A WING,SAI SIDDHI DEVELOPERS,421605,Thane,,,,under_construction,2021-06-30,
P51700010245,MANGALMURTI ARCADE,SHREE HANUMAN KRUPA ENTERPRISES,421201,Thane,,,,under_construction,2019-06-30,
P51700011921,MAHAPRASAD TOWER,NAGENDRAMANI RAMANUGRAH PANDEY,421306,Thane,,,,under_construction,2024-03-31,
P51700007340,Royal Villas,Sankalp Developers,421601,Thane,,,,under_construction,2022-07-31,
P51700010661,SHREE SAI KABADI WAINGANKAR COMPLEX,Devidas Anant Waingankar,421604,Thane,,,,under_construction,2024-03-31,
P51700009373,OM SAVAI NIKETAN,SAGAR SUPER STRUCTURES PRIVATE LIMITED,421503,Thane,,,,under_construction,2018-05-31,
P51700011390,Rai Valley A B C Wing,RAI RESIDENCY Private Limited,421306,Thane,,,,under_construction,2017-12-31,
P51700012449,RAI PARADISE,RAI RESIDENCY Private Limited,421306,Thane,,,,under_construction,2018-12-31,
P51700010985,THE ADDRESS PH-1 WING A,SADGURU ASSOCIATE,421503,Thane,,,,under_construction,2022-08-28,
P51700012362,LEENA APARTMENT,Heramb Developers,421501,Thane,,,,under_construction,2018-06-01,
P51700012188,MANJIRI HEIGHTS,YASH INFRASTRUCTURE,421201,Thane,,,,under_construction,2018-06-30,
P51700012008,MONARCH SOLITAIRE,MONARCH SOLITAIRE LLP,421003,Thane,,,,under_construction,2026-12-31,
P51700009484,Asawari,Ashish Waman Gole,421503,Thane,,,,under_construction,2018-03-31,
P51700011019,PANVELKAR SANKALP WING B,GEETAI ENTERPRISES,421505,Thane,,,,under_construction,2019-05-31,
P51700010787,PANVELKAR SANKALP WING A,GEETAI ENTERPRISES,421505,Thane,,,,under_construction,2020-11-30,
P51700011493,AASTHA EVERSHINE,M/S. AASTHA REALTORS,421605,Thane,,,,under_construction,2018-12-31,
P51700010036,PATEL ESTATES,VINOD GORDHANBHAI PATEL,421301,Thane,,,,under_construction,2019-06-30,
P51700009471,PARADISE HEIGHT,FRIENDS GROUP,400612,Thane,,,,under_construction,2018-12-31,
P51700007269,SHREE GANESH VYAPARI SANKUL,RAJDEEP BUILDERS AND DEVELOPERS,421503,Thane,,,,under_construction,2019-03-31,
P51700011876,MOHAN PALMS,V M CONSTRUCTIONS,400706,Thane,,,,under_construction,2021-12-30,
P51700012325,NIRMAL DHARA,SIDDHIVINAYAK ENTERPRISES,421503,Thane,,,,under_construction,2019-12-31,
P51700011016,KASHIDHAM,SHAH AND DASWANI,401303,Thane,,,,under_construction,2018-12-31,
P51700011484,JMD PARADISE,JMD ESTATE,421601,Thane,,,,under_construction,2023-12-30,
P51700012622,AMRUTWANI COMPLEX D TYPE,Stone House Developer,421301,Thane,,,,under_construction,2017-12-31,
P51700010487,CHANDRA BHAGA,VITTHAL MAULI CONSTRUCTION COMPANY,421306,Thane,,,,under_construction,2023-08-31,
P51700010345,TEEJADEEP HEIGHTS,TEEJADEEP DEVELOPERS,400601,Thane,,,,under_construction,2019-09-30,
P51700018436,GIRI HEAVEN,YASH DEVELOPERS,400602,Thane,,,,under_construction,2019-03-31,
P51700011834,Delta Avenue,DELTA REALTORS,400601,Thane,,,,under_construction,2018-12-31,
P51700011140,ZP HILL WING D G H,M/S ROHAN CONSTRUCTION,421501,Thane,,,,under_construction,2022-09-30,
P51700011109,NAIR HEIGHTS,SHREE SAI DEVELOPERS,421501,Thane,,,,under_construction,2021-12-30,
P51700010703,VEDANT VATIKA,SIDDHIVINAYAK DEVELOPERS,421605,Thane,,,,under_construction,2021-06-30,
P51700009348,SHIV SAI DARSHAN,SAI BALAJI DEVELOPERS,421202,Thane,,,,under_construction,2021-12-30,
P51700011354,SHRI VARALADEVI RESIDENCY,MOHAN MALLESHAM MACHHA,421302,Thane,,,,under_construction,2025-06-30,
P51700010786,PEACE PARK,PEACE ENTERPRISES,400612,Thane,,,,under_construction,2022-03-30,
P51700011712,UMA TOWER,SIDDHI ENTERPRISES,421302,Thane,,,,under_construction,2019-06-30,
P51700009018,GIRIVIHAR,ABHINANDAN ENTERPRISE,400602,Thane,,,,under_construction,2019-05-31,
P51700012982,KRISHNAI VANI COMPLEX,Stone House Developer,421302,Thane,,,,under_construction,2024-07-30,
P51700009525,CHINTAMANI PARK,SHREE VALLABH REALITIES,421604,Thane,,,,under_construction,2022-12-30,
P51700010601,NEW GLOBAL E-BUILDING,CLASSIC CONSTRUCTION,421302,Thane,,,,under_construction,2021-12-30,
P51700013028,SHIVKRUPA,ANANT ARJUN MADHAVI,400602,Thane,,,,under_construction,2018-03-31,
P51700008646,ADIJON,J. ALVARES & OTHERS,400601,Thane,,,,under_construction,2023-03-30,
P51700012282,DAIMOND LIFESPACE,EKVEERA SKYLINER CONSTRUCTION CO PRIVATE LIMITED,421503,Thane,,,,under_construction,2018-12-31,
P51700013115,DAIMOND LIFESPACE WING 4,EKVEERA SKYLINER CONSTRUCTION CO PRIVATE LIMITED,421503,Thane,,,,under_construction,2021-12-30,
P51700009522,SAI ARCADE,SAI DEVELOPERS,421503,Thane,,,,under_construction,2017-12-31,
P51700011833,SHREEMAN RESIDENCY,OM ENTERPRISES,421605,Thane,,,,under_construction,2018-12-31,
P51700008826,SHUBHAM PARADISE ABCDEF WING,Gaurivinayak Builders and Developers Pvt Ltd,421306,Thane,,,,under_construction,2022-02-28,
P51700013428,DASARATH PLAZA,PRABHAT BUILDERS & DEVELOPERS,421306,Thane,,,,under_construction,2021-03-30,
P51700011264,OMKAR APARTMENT,OMKAR INFRA,421501,Thane,,,,under_construction,2017-12-31,
P51700012281,LOK MANGAL SRUSHTI,BALARAM GOPAL GAWLI,421306,Thane,,,,under_construction,2022-06-30,
P51700008781,JMD PARADISE,JMD LIFESPACES,421601,Thane,,,,under_construction,2023-12-30,
P51700010273,NISARG,SHREE SAI UNITY BUILDERS AND DEVELOPERS,421503,Thane,,,,under_construction,2017-12-31,
P51700012586,VISHNU HEIGHTS,JAIDEEP CONSTRUCTION,421501,Thane,,,,under_construction,2018-09-30,
P51700013285,MAHAVEER HEAVENS PHASE I,MAHAVEER INFRASTRUCTURE PVT LTD,421301,Thane,,,,under_construction,2023-12-30,
P51700011723,JAI MATA DI-PHASE IIIA,JAGDISH JAIRAM PATIL,421302,Thane,,,,under_construction,2019-03-31,
P51700013043,ASHAPURA BUILDERS AND DEVELOPERS,ASHAPURA BUILDERS AND DEVELOPERS,421501,Thane,,,,under_construction,2017-12-31,
P51700012478,SHUBH AARAMBH,PACIFIC CONSTRUCTION & DEVELOPERS,421503,Thane,,,,under_construction,2018-04-30,
P51700010530,SHANKAR COMPLEX II,JARIMARI RESIDENCY,421306,Thane,,,,under_construction,2019-12-31,
P51700011672,SHIV VATIKA,SHIV ENTERPRISES,421501,Thane,,,,under_construction,2017-12-31,
P51700012740,RAMKRUSHNA RESIDENCY,RAMKRISHNA DEVELOPERS,421305,Thane,,,,under_construction,2023-12-30,
P51700011266,PATIL HILL VIEW,EKDANT DEVELOPERS,421503,Thane,,,,under_construction,2018-06-30,
P51700013175,BHANUMATI PLOT - B,SAI SHAKTI DEVELOPERS,421306,Thane,,,,under_construction,2021-02-10,
P51700010480,Heena enterprises,HEENA ENTERPRISES,400612,Thane,,,,under_construction,2021-03-30,
P51700013368,Adiraj Crystal,shree adiraj laxmi builders Pvt. ltd,421503,Thane,,,,under_construction,2020-12-30,
P51700017260,TAKSHILA RESIDENCY,DELUX ASSOCIATES,421302,Thane,,,,under_construction,2024-06-30,
P51700010557,PIONEER PARK 2,Shubham Enterprises,400607,Thane,,,,under_construction,2022-03-30,
P51700013476,Swrnim Residency,DYS BUILTCON,421401,Thane,,,,under_construction,2021-12-30,
P51700011302,"UMA RESIDENCY, PHASE I",ADARSH INFRA DEVELOPERS,421601,Thane,,,,under_construction,2022-12-30,
P51700012865,VARDHAMAN NEST HOMES,VARDHAMAN NEST HOMES,400612,Thane,,,,under_construction,2021-12-30,
P51700010769,NEELKANTH JYOT,PRAPTI ENTERPRISES,421503,Thane,,,,under_construction,2019-06-30,
P51700011068,PALAVA - ESTELA D to G,Palava Dwellers Private Limited,421202,Thane,,,,under_construction,2023-03-30,
P51700010934,Ambika Niwas,Sunil Suresh Honrao,400706,Thane,,,,under_construction,2018-11-30,
P51700011301,MAITRI ICON,MAITRI & MAITRI,421302,Thane,,,,under_construction,2024-12-30,
P51700011933,GARDEN ESTATE,SHREE BALAJI DEVELOPERS,421102,Thane,,,,under_construction,2023-11-28,
P51700013647,SAI REGENCY,SAI DEVELOPERS,421301,Thane,,,,under_construction,2023-08-31,
P51700013797,MAHAVEER HEAVENS PHASE II,MAHAVEER INFRASTRUCTURE PVT LTD,421301,Thane,,,,under_construction,2023-12-30,
P51700010737,Mohan Waters Edge II,MOHAN LIFESPACES LLP,421503,Thane,,,,under_construction,2021-12-30,
P51700011753,SHIVTEJ ASHIYANA,YOGESH RAMDAS SARJINE,400706,Thane,,,,under_construction,2025-12-31,
P51700012516,Hira Park,M/s Hira Housing Construction Co.,421605,Thane,,,,under_construction,2027-06-30,
P51700013073,"PALAVA AURELIA - C, H, I",Palava Dwellers Private Limited,421202,Thane,,,,under_construction,2023-06-30,
P51700013158,"PALAVA ESTELA A, B, C",Palava Dwellers Private Limited,421202,Thane,,,,under_construction,2023-06-30,
P51700013145,"PALAVA ESTELA H, I, J",Palava Dwellers Private Limited,421202,Thane,,,,under_construction,2023-06-30,
P51700013513,Sun Orchid,MOHAMMED SIRAJ BASHEER,410206,Thane,,,,under_construction,2018-12-30,
P51700014636,Ewar Complex,EWAR CONSTRUCTIONS PRIVATE LIMITED,400612,Thane,,,,under_construction,2020-12-29,
P51700011819,NEELKANTH SHRUSHTI,ASHAPURA COMBINES,421301,Thane,,,,under_construction,2021-12-30,
P51700012987,The Signature,Shree Sawan Buildcon,400706,Thane,,,,under_construction,2023-09-30,
P51700011967,DEEPRAJ RESIDENCY,DEEPRAJ ENTERPRISES,421302,Thane,,,,under_construction,2019-12-31,
P51700011297,NEELKANTH DEEP,KESHAV REALTY,421503,Thane,,,,under_construction,2020-12-29,
P51700012956,ganadish krupa palace,ganadish krupa palace,421605,Thane,,,,under_construction,2018-03-18,
P51700012802,vardhaman vatika,rashilifestyle,421601,Thane,,,,under_construction,2022-06-30,
P51700013210,Om Sai Sankul,Om Sai Constructions,421605,Thane,,,,under_construction,2023-02-28,
P51700011952,SHIV SAGAR APARTMENT,LAXMI SAGAR DEVELOPERS & BUILDERS,421501,Thane,,,,under_construction,2020-11-30,
P51700011923,Galaxy Trisha Apartment,Shree Ganesh Developers,421501,Thane,,,,under_construction,2019-04-30,
P51700012694,DEEPLAXMI HEIGHT,DEEP LAXMI DEVELOPERS,421302,Thane,,,,under_construction,2022-12-30,
P51700013427,Siddharth Apartment,Rohan Gruh Nirman,421503,Thane,,,,under_construction,2018-03-31,
P51700013462,"PALAVA MARVELLA B,C,D,E,F,G",Palava Dwellers Private Limited,421202,Thane,,,,under_construction,2023-06-30,
P51700012806,EKVEERA GARDENS,PRADEEP PUNDLINK DHULE,421503,Thane,,,,under_construction,2023-12-30,
P51700012858,SAKAAR RESIDENCY,MOHD MUKHTAR ABDUL RAUF KAZI,400612,Thane,,,,under_construction,2021-12-30,
P51700012793,JAI GURUJI TOWER,OM SAI CONSTRUCTION AND DEVELOPERS,421301,Thane,,,,under_construction,2023-06-30,
P51700013253,Mohan Nano estates II,MOHAN LIFESPACES LLP,421501,Thane,,,,under_construction,2021-12-30,
P51700014240,SADGURU PARK-PHASE I,JAGDISH SHIWANAND WAGH (HUF),421301,Thane,,,,under_construction,2018-12-31,
P51700013024,SHANKHESHWAR DARSHAN TYPE - B,RAMESH GHEVARCHAND TATED,421302,Thane,,,,under_construction,2021-12-30,
P51700013045,YOGI SADAN,YOGI ENTERPRISES,421302,Thane,,,,under_construction,2022-06-30,
P51700012716,CHAHU APARTMENT,MUL AAKAR DEVELOPERS,421204,Thane,,,,under_construction,2021-12-30,
P51700011958,KRISHNA KUNJ,KRISHNA ASSOCIATES,421503,Thane,,,,under_construction,2018-03-31,
P51700013168,MIRADOR SANGAM,Mirador Dewellers Pvt Ltd,421604,Thane,,,,under_construction,2023-08-28,
P51700013295,Tropical Panache,Waterfront Buildcon LLP,400015,Thane,,,,under_construction,2022-03-30,
P51700015891,MALSHEJ GREEN,GREEN SPACE REAL TECH,421401,Thane,,,,under_construction,2024-12-31,
P51700012940,MAHAVIR DREAMLAND,MAHAVIR DREAMLAND,421302,Thane,,,,under_construction,2023-12-29,
P51700013154,MIRADOR PRANGAN PHASE 1,Mirador Dewellers Pvt Ltd,421601,Thane,,,,under_construction,2023-08-28,
P51700013399,AARSH AVENUE - SAAL WOOD AND SILVER WOOD,SATYAM CONSTRUCTION,421503,Thane,,,,under_construction,2019-12-31,
P51700013493,VARSHA PALM,SHREE UMIYA DEVELOPERS,421201,Thane,,,,under_construction,2021-12-30,
P51700013459,SWANAND TREO BUILDING NO 3 -SWAMI GANNAYAK,SWANAND HEIGHTS,421503,Thane,,,,under_construction,2017-12-31,
P51700013198,HARISHREE RESIDENCY-2,HARISHREE CREATIONS,421501,Thane,,,,under_construction,2021-12-30,
P51700014509,Asha Icon,Ashapura Global Projects,421201,Thane,,,,under_construction,2023-12-30,
P51700013199,Panvelkar Utsav Phase I,Sai Swarg Enterprises,421503,Thane,,,,under_construction,2021-12-30,
P51700013160,BENCHMARK GREENS,BENCHMARK EMPIRE,421503,Thane,,,,under_construction,2024-06-30,
P51700013019,EKNATH HEIGHTS,OMKAR ENTERPRISES,421306,Thane,,,,under_construction,2019-12-31,
P51700017349,APPLE PARADISE,APPLE PARADISE,421003,Thane,,,,under_construction,2020-12-31,
P51700014033,ORCHID SQUARE PHASE 3,M/S SQUAREFEET ECO HOUSING LLP,421501,Thane,,,,under_construction,2023-12-30,
P51700013099,Sahyadri Residency Phase I,M/S NIRMAN DEVELOPERS,421401,Thane,,,,under_construction,2023-12-30,
P51700013308,AMRUTA PARK,CHEROBA HOMES,421201,Thane,,,,under_construction,2023-12-30,
P51700013397,SAI SAHARA PHASE 1 WING B AND C,SAI JYOT ENTERPRISES,421605,Thane,,,,under_construction,2018-07-31,
P51700013406,SAI SAHARA PHASE 2 WING A,SAI JYOT ENTERPRISES,421605,Thane,,,,under_construction,2023-12-30,
P51700013516,Om Siddhivinayak Residency,Om Siddhivinayak Enterprises,421605,Thane,,,,under_construction,2021-12-30,
P51700013426,Om Sai Residency,Om Sai Residency,421605,Thane,,,,under_construction,2017-12-31,
P51700013263,Lodha Majiwada - Tower 1,MACROTECH DEVELOPERS LIMITED,400601,Thane,,,,under_construction,2022-11-28,
P51700013200,GAMI REAGAN,SHRI GAMI INFOTECH PVT LTD,400701,Thane,,,,under_construction,2023-12-30,
P51700018023,Neelkanth Woods Building K 52,T Bhimjyani Realty Pvt.Ltd.,400610,Thane,,,,under_construction,2021-11-28,
P51700013256,Parshuram Residency,Shree Radha Developers,421501,Thane,,,,under_construction,2019-05-31,
P51700013720,Athena,ROMA BUILDERS PRIVATE LIMITED,400607,Thane,,,,under_construction,2022-12-30,
P51700014326,SAI AANGAN - C WING,SHREE SAI CHATRA DEVELOPERS,421503,Thane,,,,under_construction,2018-12-31,
P51700013473,Snehadeep Co-Operative Housing Society Ltd,JOSHI ENTERPRISES,400602,Thane,,,,under_construction,2018-07-31,
P51700014144,RACHANA HEIGHTS,RESHMA VIKAS BAMBULKAR,421503,Thane,,,,under_construction,2019-06-09,
P51700014895,Automatic Co-Operative Housing Society Ltd,JOSHI ENTERPRISES,400602,Thane,,,,under_construction,2022-06-30,
P51700013500,Mukul Palms,Faizunnisa Farooque Sayed,421505,Thane,,,,under_construction,2021-12-30,
P51700013692,AMBER ELLANCE A-1,AAKASH CORPORATION,400612,Thane,,,,under_construction,2023-06-30,
P51700013705,Laxmi Keshav,Aditya Associates,400602,Thane,,,,under_construction,2021-03-30,
P51700013375,SHUBH NISARG,VARDHAMAN AND VASTU ASSOCIATES,421503,Thane,,,,under_construction,2021-12-20,
P51700013795,Barca,ROMA BUILDERS PRIVATE LIMITED,400607,Thane,,,,under_construction,2022-12-30,
P51700013329,Sky Gardens at Godrej Vihaa,K. R. REAL ESTATE PVT. LTD.,421502,Thane,,,,under_construction,2024-12-29,
P51700013337,JAYA SHANTARAM HEIGHTS,GURUDEEP CONSTRUCTION,421202,Thane,,,,under_construction,2021-12-30,
P51700013978,PIYUSH MAJESTIC,M/s Global Built Tech,400612,Thane,,,,under_construction,2022-12-25,
P51700018514,SAPPHIRE B,AL - RAHBAR CONSTRUCTION,400612,Thane,,,,under_construction,2019-12-31,
P51700013525,NANDANVAN HOMES-C1,SHREE KRUPA BUILDERS,400605,Thane,,,,under_construction,2018-06-30,
P51700013598,VEKHANDE PARK,Suhas Suresh Shinde,421310,Thane,,,,under_construction,2021-11-13,
P51700014218,THE VIVEK FLAT OWNERS CHS LTD,YASH ASHOKA,400602,Thane,,,,under_construction,2023-12-25,
P51700013477,SAI RESIDENCY,SAI RAJ DEVELOPERS,421503,Thane,,,,under_construction,2021-12-30,
P51700013418,JAMUNABAI TOWER,NAGESHWAR CONSTRUCTION,421306,Thane,,,,under_construction,2025-12-30,
P51700015121,MADHUKUNJ,ADPLUS IMPRESSION PRIVATE LIMITED,421308,Thane,,,,under_construction,2021-12-30,
P51700013407,VASTU SHILP,VASTU HOMES,421503,Thane,,,,under_construction,2018-03-31,
P51700013467,shree siddhivinayak residency,SUNIL BHAGCHAND TALREJA,421501,Thane,,,,under_construction,2020-11-30,
P51700013518,Om Shrinivas Apartment,Shriniwas Developers,421503,Thane,,,,under_construction,2018-03-31,
P51700014625,SAI LOTUS,MAKHIJA CONSTRUCTION,421001,Thane,,,,under_construction,2021-05-10,
P51700013509,CHAITANYA HEIGHTS,JAI SAI ENTERPRISES,421302,Thane,,,,under_construction,2021-12-30,
P51700013620,PRIDE LAND RESIDENCY,SANADI REALTY PROPERTIES PRIVATE LIMITED,421503,Thane,,,,under_construction,2023-12-31,
P51700013478,SAMRUDDHI,Kishor Ramchandra Kulkarni,421201,Thane,,,,under_construction,2023-05-30,
P51700013511,GREEN PARK RIVER VIEW,GLOBAL REALTY,421401,Thane,,,,under_construction,2024-12-30,
P51700013542,RABIYA RESIDENCY,A R CONSTRUCTION,421302,Thane,,,,under_construction,2019-09-30,
P51700013843,Butterfly Wings,Om SHree Maruti Sthapatya,421601,Thane,,,,under_construction,2024-11-30,
P51700013676,SWAMI SADAN,MAHESH NARAYAN SASE,421505,Thane,,,,under_construction,2018-06-30,
P51700013602,Rohini,Thilayaparambil Kumaran Joshi,421604,Thane,,,,under_construction,2024-12-30,
P51700013531,BAUG - E - YUSUF,AQSA PURELINE DEVELOPERS,421302,Thane,,,,under_construction,2023-09-30,
P51700013592,SHRUSHTI AVENUE,KISHORE DATTATRAY DESAI,421301,Thane,,,,under_construction,2022-10-22,
P51700013866,EKDANTA APARTMEMT,EASHANYA BUILDER AND DEVELOPERS,421503,Thane,,,,under_construction,2021-12-30,
P51700013609,TALL RESIDENCY,TALL CONSTRUCTIONS,421302,Thane,,,,under_construction,2024-12-31,
P51700013727,M/s SIMCO JYOTI,SURESH MITHALAL JAIN,421302,Thane,,,,under_construction,2022-09-30,
P51700013877,RITESH EMPIRE,SAPPHIRE DEVELOPERS,421306,Thane,,,,under_construction,2023-12-30,
P51700013660,SHREE BALAJIS SRUSHTEE,SHREE BAJALI BUILDERS AND DEVELOPERS,421204,Thane,,,,under_construction,2022-06-30,
P51700013669,SHANKHESHWAR PLATINUM PHASE 2,SHANKHESHWAR KREATERS,421301,Thane,,,,under_construction,2022-03-30,
P51700013756,AVD AVADH,AVD INFRA INDIA PRIVATE LIMITED,421302,Thane,,,,under_construction,2022-09-30,
P51700014150,VIHAN APARTMENT,MANOJ ATMARAM PAWAR,421605,Thane,,,,under_construction,2018-12-31,
P51700013804,JP SYNERGY,AASHVI DEVELOPERS,421501,Thane,,,,under_construction,2021-12-30,
P51700013810,SHREE GAJANAN FORTUNE CITY,ARUN BALU PATIL,421301,Thane,,,,under_construction,2024-12-30,
P51700013918,SHREEJI ICONIC PHASE I,RAJ LAXMI DEVELOPERS,421503,Thane,,,,under_construction,2022-05-30,
P51700013789,Lodha Majiwada - Tower 4,MACROTECH DEVELOPERS LIMITED,400601,Thane,,,,under_construction,2022-11-28,
P51700013793,Shree Mahaganpati Tower,Mahesh Shyamsundar Goyal,421605,Thane,,,,under_construction,2023-02-21,
P51700013777,JP REGENCY PHASE 1,JP DEVELOPERS,421501,Thane,,,,under_construction,2022-06-30,
P51700013850,MARUTI ASTHA,MARUTI HOMES,421503,Thane,,,,under_construction,2017-12-31,
P51700014365,NEW ERA C,M/s. YOGI DEVELOPERS CORPORATION,421201,Thane,,,,under_construction,2021-12-30,
P51700014868,SATYAM 17 WEST,Rajesh Dharamvir Gulati,400705,Thane,,,,under_construction,2023-07-31,
P51700015143,Ramleela Co-operative Housing Society Limited,YASH INFRA,400603,Thane,,,,under_construction,2023-12-31,
P51700014398,Om Shiv Vatika A Wings,Om Shiv Developers,421503,Thane,,,,under_construction,2021-11-28,
P51700014517,The Big World,SOMAN SUN CITI,421301,Thane,,,,under_construction,2019-12-31,
P51700014634,YUVAANSH APARTMENT,MANVI CONSTRUCTION,421311,Thane,,,,under_construction,2021-12-30,
P51700014394,MIDTOWN SQUARE - PHASE I,LOTUS EMPIRE,421501,Thane,,,,under_construction,2022-06-30,
P51700014382,YASHWANT RESIDENCY,SHREE SAI GANESH ENTERPRISES,421605,Thane,,,,under_construction,2018-12-31,
P51700014444,SILVER ESTATE,NANDA KAPILDEV SHARMA,421503,Thane,,,,under_construction,2022-06-30,
P51700014789,VARUN APARTMENT,V N DEVELOPERS,421403,Thane,,,,under_construction,2022-12-30,
P51700014478,Shivam Greens,M.K.DEVELOPERS,421503,Thane,,,,under_construction,2023-12-30,
P51700014692,Shree Krishna Residency,Panchala Builders & Developers,421503,Thane,,,,under_construction,2023-12-30,
P51700015161,RADHAKRISHNA,M/S NIRMAAN DEVELOPERS,400604,Thane,,,,under_construction,2023-04-30,
P51700014540,PARSHVA RESIDENCY WING C,PARSHVA REALTORS,421503,Thane,,,,under_construction,2019-12-31,
P51700014903,ROYAL FLORA PHASE II,ROYAL GALAXY DEVELOPERS,421506,Thane,,,,under_construction,2022-11-20,
P51700014922,LAXMI RESIDENCY,SANJAY DAULAT WADILE,421601,Thane,,,,under_construction,2022-09-12,
P51700014663,ISHWAR ENCLAVE,ISHWAR ENTERPRISES,421501,Thane,,,,under_construction,2018-06-30,
P51700018287,MATA RAMAI PALACE,Sanidhya Enterprises,421503,Thane,,,,under_construction,2023-12-30,
P51700015509,GALAXY TECH PARK,GURUCHARANSINGH SURENDRASINGH SAMLOK,421302,Thane,,,,under_construction,2025-12-31,
P51700014538,NIRMAN HEIGHTS,Nirman Habitats,421301,Thane,,,,under_construction,2022-09-30,
P51700014557,SHYAM-KAMAL,Manvaibhav Constructions,400602,Thane,,,,under_construction,2023-05-19,
P51700014708,BELLA VISTA PHASE 8,INDO ASIAN BUILDCON PVT LTD,421601,Thane,,,,under_construction,2024-02-15,
P51700014916,VARDHAMAN BHOOMI RESIDENCY,GANDHI & SAMANI ASSOCIATES,421302,Thane,,,,under_construction,2024-12-15,
P51700014553,Yug Heights,M/s R. S. Constructions,421204,Thane,,,,under_construction,2024-12-04,
P51700014694,Zubeda Imam Ahmed Bharmal Appartment,AAMIRBAHAUDDIN,421302,Thane,,,,under_construction,2018-02-28,
P51700014693,ANITA COOPERATIVE HOUSING SOCIETY LTD.,GYANDEV BUILDERS & DEVELOPERS,421501,Thane,,,,under_construction,2020-11-30,
P51700014638,SUBHADRA NIWAS,CHATURTHI DEVELOPERS,421202,Thane,,,,under_construction,2022-06-30,
P51700014705,SANVEG RESIDENCY - PHASE I,OM VASTU HOMES,421503,Thane,,,,under_construction,2022-03-30,
P51700014960,SAI AANGAN,PINNACLE REALTORS,421503,Thane,,,,under_construction,2023-01-30,
P51700014730,Chintamani Heights,YASH ENTERPRISES,421503,Thane,,,,under_construction,2020-12-30,
P51700014690,DEEP ENCLAVE,DATTAGURU ENTERPRISES,421503,Thane,,,,under_construction,2019-06-30,
P51700014814,UPPER THANE - TIARA A to B,MACROTECH DEVELOPERS LIMITED,421302,Thane,,,,under_construction,2022-10-30,
P51700014719,"EVERGREEN RESIDENCY WING A,B,D,E",BALAJI CONSTRUCTION,421503,Thane,,,,under_construction,2022-12-30,
P51700014812,Purva Apartment,DEEPAK MOTIRAM DALAL,421501,Thane,,,,under_construction,2020-09-30,
P51700015598,"Lodha Supremus - Thane, Kolshet",MACROTECH DEVELOPERS LIMITED,400607,Thane,,,,under_construction,2022-07-31,
P51700014760,"Lodha Amara - Tower 6, 22",MACROTECH DEVELOPERS LIMITED,400607,Thane,,,,under_construction,2024-01-30,
P51700014776,Lotus,Sujeet Kumar  Singh,421302,Thane,,,,under_construction,2023-09-30,
P51700014720,SATVIK E WING,JIGAR ENTERPRISES,421503,Thane,,,,under_construction,2019-12-01,
P51700014942,VARAD HEIGHTS,SHARAD RAGHUNATH MHATRE,421302,Thane,,,,under_construction,2022-12-30,
P51700014893,AAWAS DEEP,SHREE KRISHNA BUILDCON,421503,Thane,,,,under_construction,2022-12-30,
P51700015042,GRAND VISTA,SULTAN SHIRAJUDDIN  YASIN,421203,Thane,,,,under_construction,2023-12-30,
P51700014926,HAMIDA HEIGHTS,VEDANT DEVELOPERS,421302,Thane,,,,under_construction,2022-12-30,
P51700014770,Upper Thane - Sereno D and E,MACROTECH DEVELOPERS LIMITED,421302,Thane,,,,under_construction,2023-03-30,
P51700016576,VARADA HEIGHTS,SURENDRA MOTIRAM MHATRE,421202,Thane,,,,under_construction,2022-10-30,
P51700015356,SARVODAY SNEH,EKTA LAND DEVELOPERS,421201,Thane,,,,under_construction,2020-09-30,
P51700015488,URBAN Villa,YASH INFRA,400604,Thane,,,,under_construction,2024-12-15,
P51700014979,Mukta Lake City,KANAK REALTORS,400612,Thane,,,,under_construction,2022-12-30,
P51700013956,Renaissance Industrial Smart City - PH II,RENAISSANCE INDUS INFRA PRIVATE LIMITED,421302,Thane,,,,under_construction,2038-12-30,
P51700013872,SHIVSHAKTI GREENS,SHIVSHAKTI REALITY,421503,Thane,,,,under_construction,2022-12-30,
P51700013871,JP GALAXY,JP CORP,421501,Thane,,,,under_construction,2025-12-30,
P51700021512,REGENCY PLATINUM,DHAANIYA ENTERPRISES,421004,Thane,,,,under_construction,2022-09-30,
P51700013741,MAYFAIR AASAAN,MAYFAIR HOUSING PRIVATE LIMITED,421601,Thane,,,,under_construction,2019-06-30,
P51700014029,RAMESHWAR PARK - DAFFODIL A,RAMESHAWAR BUILDERS & DEVELOPERS,400612,Thane,,,,under_construction,2022-12-30,
P51700014069,SHREE VASTU,PATIL ASSOCIATES,421302,Thane,,,,under_construction,2024-12-30,
P51700013897,PYRAMID ELEMENTS,PYRAMID INFRATECH CO,400708,Thane,,,,under_construction,2023-12-30,
P51700013772,RADHA KRISHNA NIVAS PHASE 1,NITIN GAJANAN KALE,421302,Thane,,,,under_construction,2023-12-30,
P51700014298,MANNAT,Jayshree Builders,421301,Thane,,,,under_construction,2021-12-30,
P51700014196,SUNSHINE HEIGHTS,VIHAN REALTORS,400701,Thane,,,,under_construction,2021-12-30,
P51700014233,Saurabh Arcade,M/s Krishna Builders & Developers,421503,Thane,,,,under_construction,2021-12-30,
P51700014178,PRABHAT,SAMAY HOMES,400602,Thane,,,,under_construction,2021-12-30,
P51700014052,Ramkrishna Ecstasy II,Sima purushottam Kumar,400702,Thane,,,,under_construction,2021-12-30,
P51700014096,SANKAT MOCHAN,MARUTI CORPORATION,421302,Thane,,,,under_construction,2022-12-30,
P51700014337,Madhuban Co-operative Housing Society Ltd.,Mahesh Shriram Borkar,400602,Thane,,,,under_construction,2022-06-30,
P51700013961,Lodha Amara - Tower 36 37,MACROTECH DEVELOPERS LIMITED,400607,Thane,,,,under_construction,2022-12-30,
P51700013969,D3 Zinnia,Neelkanth Mansions and Infrastructure Pvt Ltd,400610,Thane,,,,under_construction,2021-10-30,
P51700014696,SATYAM BELLAGIO,Rajesh Dharamvir Gulati,400705,Thane,,,,under_construction,2023-07-31,
P51700014335,RELAX COUNTY - B - PHASE 2,RAJENDRA YASHWANT PATIL,421602,Thane,,,,under_construction,2022-03-30,
P51700014064,PINESHIRE,AANYA RESIDENCES,421102,Thane,,,,under_construction,2025-12-31,
P51700014018,Shashwat Vaastu,M/s Shashwat Vaastu,421601,Thane,,,,under_construction,2021-12-30,
P51700014005,Shashwat Park 1-AB,Shashwat Homes,421503,Thane,,,,under_construction,2022-03-30,
P51700015683,VRINDAWAN RESIDENCY,SANKALP DEVELOPERS,421401,Thane,,,,under_construction,2021-03-28,
P51700014675,VRUNDAVAN-I,SHREE VASTUCREATION DEVELOPERS,421302,Thane,,,,under_construction,2022-06-30,
P51700014303,NIRAMAYA HEIGHTS,ADIRAJ DEVELOPERS,400605,Thane,,,,under_construction,2023-10-31,
P51700014203,ABHIJEET CO-OP HSG SOCIETY,CONTINENTAL MANIRATNA BUILDERS & DEVELOPERS,400602,Thane,,,,under_construction,2020-11-30,
P51700014280,MARUTI MEADOWS,VASANI ENTERPRISES,421503,Thane,,,,under_construction,2022-06-30,
P51700014199,NANU PARK,B G PATIL AND SONS,421201,Thane,,,,under_construction,2024-06-30,
P51700018341,Pahlaj Kunj,NEW HOMES ENTERPRISES,400601,Thane,,,,under_construction,2024-03-30,
P51700014313,BELLAMONTE,ABUBAKAR ALI MOHAMMED ZARIWALA,400612,Thane,,,,under_construction,2022-11-28,
P51700015485,Silver Park Residency Aster,Suyash Enterprises,421302,Thane,,,,under_construction,2023-12-01,
P51700014748,KASHINATH PATKAR NAGAR,OM DEVELOPERS,421301,Thane,,,,under_construction,2022-12-31,
P51700014193,VASANT VASTU,SAI SADGURU BUILDERS & DEVELOPERS,421306,Thane,,,,under_construction,2023-06-30,
P51700014990,DATTARAM TOWER,M/S SUVARNA CONSTRUCTION COMPANY,400060,Thane,,,,under_construction,2024-06-30,
P51700014486,SHUBHTEJ,JITNAT CONSTRUCTIONS,400605,Thane,,,,under_construction,2018-12-31,
P51700014469,GANESH DARSHAN,OMKAR NIRMAN DEVELOPERS,421501,Thane,,,,under_construction,2018-12-31,
P51700014466,KAVERI APARTMENT,EVERGREEN BUILDERS AND DEVELOPERS,400702,Thane,,,,under_construction,2024-01-30,
P51700014449,Narmada Park,Pankaj Jagdish Gujrathi,421601,Thane,,,,under_construction,2022-05-30,
P51700014660,SHREE KRISHNA PLAZA,SHREE HANUMAN ENTERPRISES,421201,Thane,,,,under_construction,2021-12-29,
P51700014467,HAMARAGHAR,Krishna buildcon Corporation,421601,Thane,,,,under_construction,2019-12-31,
P51700014766,SINI ENTERPRISES,VINOD BALNATH PATIL,421302,Thane,,,,under_construction,2024-12-29,
P51700014605,Enrich Eva,DEVDAS TUKARAM CHAUGHULE,421601,Thane,,,,under_construction,2024-12-30,
P51700014552,RAGHUNANDAN-NX,VASTU DEVELOPERS,421202,Thane,,,,under_construction,2019-09-30,
P51700014396,Palava - Trinity A to C,Palava Dwellers Private Limited,421204,Thane,,,,under_construction,2023-03-30,
P51700014473,VISHNU SHAKUNTAL,NAYANTARA CONS,421201,Thane,,,,under_construction,2023-07-31,
P51700014528,VIDHI RATNA,LOTUS CONSTRUCTION,421203,Thane,,,,under_construction,2021-12-30,
P51700014370,PLANET SHELTER,SHAIKH AZIM IBRAHIM,410206,Thane,,,,under_construction,2024-12-24,
P51700015544,OM SHANTI RESIDENCY,OM SHANTI CONSTRUCTION COMPANY,421605,Thane,,,,under_construction,2024-12-31,
P51700015355,Dhruvika Enclave,Manoyadnya Developers,421503,Thane,,,,under_construction,2020-09-30,
P51700016391,SARVODAY SHWETA,RACHANA ENTERPRISES,421201,Thane,,,,under_construction,2022-12-30,
P51700015258,DOSTI WESTCOUNTY- PHASE 2- DOSTI CEDAR,DOSTI ENTERPRISES,400607,Thane,,,,under_construction,2023-12-30,
P51700015892,COSMOS ENCLAVE - CHESTNUT,MONARCH DEVELOPERS,400607,Thane,,,,under_construction,2023-12-30,
P51700015758,Sara Heights,SHETE'S CONSTRUCTION,421503,Thane,,,,under_construction,2026-12-31,
P51700015270,SHREEJI HEIGHTS,SHUBH BUILDCON,421503,Thane,,,,under_construction,2022-06-30,
P51700015294,KRUSHAN DHAM,KRUSHAN DHAM BUILDERS & DEVELOPERS,421502,Thane,,,,under_construction,2022-12-30,
P51700015266,NAV SAI CHHAYA CHS LTD,NIKET ENTERPRISES,421503,Thane,,,,under_construction,2020-01-31,
P51700015260,RUSTOMJEE AZZIANO WING E,Kapstone Constructions Private Limited,400601,Thane,,,,under_construction,2023-02-28,
P51700015394,SAI ANANDI HEIGHTS,SAISH CONSTRUCTION,421306,Thane,,,,under_construction,2022-03-30,
P51700015305,METRO IMPERIAL,METRO BALAJI DEVELOPERS,421503,Thane,,,,under_construction,2022-12-30,
P51700028109,TAHIR RESIDENCY,AKLIMA TAHIR FALKE,421302,Thane,,,,under_construction,2024-06-30,
P51700015329,RATHADIA CO-OPERATIVE HOUSING SOCIETY LTD,J SQUARE INFRA,421503,Thane,,,,under_construction,2019-03-31,
P51700015907,VASIND LIFESTYLE,GORANATH ESTATE PRIVATE LIMITED,421604,Thane,,,,under_construction,2024-12-30,
P51700015330,Navjeevan Co-Op. Housing Society Ltd,AVISHKAR GROUP,421503,Thane,,,,under_construction,2021-12-30,
P51700015369,MUMBRA LANDMARK,JYOTI INDUSTRIES,400612,Thane,,,,under_construction,2024-12-30,
P51700015295,MAHALAXMI NIWAS,SHREE MAHALAXMI CORPORATION,421503,Thane,,,,under_construction,2018-12-31,
P51700015482,FORTUNE CASTLE,ROYCE INFRA,421004,Thane,,,,under_construction,2020-12-30,
P51700015389,SAI FORTUNE,SURESH GURALDAS THADANI,421005,Thane,,,,under_construction,2019-12-31,
P51700015782,Namdev Vihar,Namdev Construction,421301,Thane,,,,under_construction,2023-12-31,
P51700015385,SHREE PALACE,PUSHLATA SUBHASH GHULE,421503,Thane,,,,under_construction,2021-12-30,
P51700015390,PRECIOUS HARMONY PHASE II,M/s Soham Construction,421503,Thane,,,,under_construction,2022-12-30,
P51700015565,YOGI NIWAS,ELITE INFRASTRUCTURE,421501,Thane,,,,under_construction,2026-04-30,
P51700015427,COSMOS HABITATE A WING,CONCORDE ASSOCIATES,400607,Thane,,,,under_construction,2024-06-30,
P51700015724,MAYUR HEIGHTS,REAL VALUE BUILDERS AND DEVELOPERS,421102,Thane,,,,under_construction,2022-12-30,
P51700016256,ROYAL PARK,ROYAL REALTY,421503,Thane,,,,under_construction,2022-01-25,
P51700015501,DOSTI WESTCOUNTY-PHASE 3-DOSTI WESTWOOD,DOSTI ENTERPRISES,400607,Thane,,,,under_construction,2026-12-30,
P51700015660,"PALAVA MARVELLA A, H",Palava Dwellers Private Limited,421202,Thane,,,,under_construction,2023-06-30,
P51700015601,Mohan Greenwoods Building 1,MOHAN LIFESPACES LLP,421503,Thane,,,,under_construction,2021-12-30,
P51700015517,SHETH AVALON - PHASE 2,Sheth Developers Private Limited,400601,Thane,,,,under_construction,2025-12-30,
P51700015588,SIDDHASHRAM CHS LTD,STANDARD INFRASTRUCTURE,400602,Thane,,,,under_construction,2018-10-01,
P51700016130,PARSHURAM TOWER,MORESHWAR CONSTRUCTION,421301,Thane,,,,under_construction,2022-03-29,
P51700015495,ASHTAVINAYAK NX,ASHTAVINAYAK INFRASTRUCTURE,421501,Thane,,,,under_construction,2020-09-30,
P51700015831,VITTHU PARADISE BUILDING NO. 3,ARADHNA CONSTRUCTION,421306,Thane,,,,under_construction,2024-03-30,
P51700015413,SHREE SAI ASHIRWAD,SHREE SAI ASHIRWAD ENTERPRISES,421201,Thane,,,,under_construction,2025-02-28,
P51700015449,ROYAL WOOD PARK,PRABHAVATI CONSTRUCTIONS,421503,Thane,,,,under_construction,2022-12-30,
P51700015636,THE CENNET,SHANTI RATNA GROUP,421204,Thane,,,,under_construction,2025-06-30,
P51700015493,ALOK GALAXY,JUHI DEVELOPERS,421503,Thane,,,,under_construction,2023-04-13,
P51700015504,SAI SHARNAM- TYBE B,ANJANA SAHEBRAO CHAVAN,421301,Thane,,,,under_construction,2022-03-30,
P51700015527,"Sadguru Symphony, Wing - D of Phase - II",SADGURU INFRA,421503,Thane,,,,under_construction,2022-12-30,
P51700015595,KALP NISARG,BLS VENTURES,421503,Thane,,,,under_construction,2022-03-30,
P51700015572,SHUBH NIRMAN PHASE I,GURU DEVELOPERS,421503,Thane,,,,under_construction,2022-12-30,
P51700015599,QUALITY HEIGHTS II,QUALITY CONSTRUCTION CO,400612,Thane,,,,under_construction,2025-12-30,
P51700015525,OMKAR APARTMENTS,PINNACLE LIFESPACES,421503,Thane,,,,under_construction,2022-03-30,
P51700015548,KRISHNA C AND D WING,NINA BUILDERS,421503,Thane,,,,under_construction,2021-12-30,
P51700016267,PRIYADARSHANI CHS LIMITED,ANIRUDDHA GROUP SHILPALI PROJECT,400602,Thane,,,,under_construction,2023-09-30,
P51700014993,VIVANTA S BLISS,JAI BHAWANI ORCHID INFRA LLP,421302,Thane,,,,under_construction,2023-06-30,
P51700015764,Ramkrishna Niketan,Yash Govinda Build Infra LLP,400602,Thane,,,,under_construction,2020-12-30,
P51700014842,Panvelkar Estate - Stanford - Phase-II,Panvelkar Infrastructures Private Limited,421503,Thane,,,,under_construction,2024-12-31,
P51700014837,BALAJI SHRUSHTI,VARSHA BUILDCON,400706,Thane,,,,under_construction,2022-12-30,
P51700016280,KHALIDA AMIN COMPLEX,AMIR AHMED ABUJI,421302,Thane,,,,under_construction,2018-09-30,
P51700014988,SEASONS BUSINESS CENTRE,Unique Sai Buildcon,421301,Thane,,,,under_construction,2024-12-30,
P51700014982,Khatri Nx,Aashiyana Constructions,421503,Thane,,,,under_construction,2019-12-31,
P51700015328,ARIHANT AAROHI PHASE II,ARIHANT SUPERSTRUCTURES LIMITED,421204,Thane,,,,under_construction,2024-12-30,
P51700015176,SHREE GAURANG,GAURANG ASSOCIATES,400602,Thane,,,,under_construction,2022-12-30,
P51700015064,SUSHAN,VENUS REALTORS,400602,Thane,,,,under_construction,2022-12-30,
P51700014924,Sai Heights Phase II A And B Wing,Sai Siddhi Developers,421306,Thane,,,,under_construction,2022-12-30,
P51700016301,MAHASHWETA - OJASS CONSTRUCTIONS,OJASS CONSTRUCTIONS,400601,Thane,,,,under_construction,2019-10-31,
P51700015209,SAI SHRUSHTI ANNEX,SAI SHRUSHTI ENTERPRISES,400612,Thane,,,,under_construction,2023-01-01,
P51700015290,Bharat Ecovistas Phase III,BHARAT REALTY VENTURE PRIVATE LIMITED,400616,Thane,,,,under_construction,2023-06-30,
P51700016283,Tejas Society,RADHIKA SHELTERS,421202,Thane,,,,under_construction,2023-12-31,
P51700015040,Lodha Kolshet Plot A - Tower K,MACROTECH DEVELOPERS LIMITED,400607,Thane,,,,under_construction,2022-06-30,
P51700015243,Lodha Kolshet Plot A - Tower J,MACROTECH DEVELOPERS LIMITED,400607,Thane,,,,under_construction,2022-12-30,
P51700015114,WAMAN HEIGHTS,LAXMI DEVELOPERS,421306,Thane,,,,under_construction,2023-01-29,
P51700015091,ATMIYA HEIGHTS,AKSHAR GROUP,421503,Thane,,,,under_construction,2025-12-30,
P51700015011,KSHIPRA,SARA REALTY,400705,Thane,,,,under_construction,2022-12-30,
P51700015016,"PALAVA MILANO A,B,C,H,I,J",Palava Dwellers Private Limited,421202,Thane,,,,under_construction,2023-10-30,
P51700015090,"PALAVA AURORA A,D",Palava Dwellers Private Limited,421202,Thane,,,,under_construction,2023-10-30,
P51700015129,LAUREL,PACIFIC IMPRESSIONS,421201,Thane,,,,under_construction,2022-12-30,
P51700015006,C.B.D.61FOUR,GREENSCAPE SHAKTI VENUTRES,400614,Thane,,,,under_construction,2023-12-31,
P51700015031,PADMAPRABHA CO OP HSG SOCIETY,SHREE MAHAVEER ENTERPRISES,421503,Thane,,,,under_construction,2018-04-30,
P51700015767,SAI SATYAM RESIDENCY,SAI SATYAM GROUP,421301,Thane,,,,under_construction,2023-12-30,
P51700015392,PANVELKAR OPTIMA,VARAD VINAYAK DEVELOPERS,421503,Thane,,,,under_construction,2020-09-30,
P51700015111,SUNANDA CIRCLE A WING AND C WING PHASE II,RUDIS DEVELOPERS,421204,Thane,,,,under_construction,2020-12-30,
P51700016191,GRACE SQUARE TYPE D4,SHREE SUMATINATH ENTERPRISES LLP,400612,Thane,,,,under_construction,2024-12-01,
P51700015018,NANDAI RESIDENCY,HARI OM DEVELOPERS,421302,Thane,,,,under_construction,2024-06-30,
P51700015200,OM YASHWANT PLAZA,OMPRAKASH RAMCHANDRA PANDEY,421501,Thane,,,,under_construction,2018-12-31,
P51700015337,HRISHA,YADAV BRO''S CONSTRUCTIONS,421501,Thane,,,,under_construction,2022-01-30,
P51700015118,ELEMENTS,UMA REALTY,421204,Thane,,,,under_construction,2022-12-30,
P51700017047,CAPMATRIX SQUARE,Capmatrix Buildcon LLP,400604,Thane,,,,under_construction,2025-12-31,
P51700015151,LANDSCAPE HERITAGE BUILDING NO 1,LANDSCAPE INFRASTRUCTURE,421501,Thane,,,,under_construction,2022-03-30,
P51700015119,BHAIRAAV MILESTONE,Sharpmind Consultancy Services Private Limited,400604,Thane,,,,under_construction,2019-12-31,
P51700015400,New Suraj Tower,Ekdanta Constructions and Developers,400602,Thane,,,,under_construction,2023-12-30,
P51700015652,TERRAFORM K-RESIDENCES - WING A,SHREE MALLINATH ENTERPRISE LLP,400607,Thane,,,,under_construction,2025-02-28,
P51700015245,DISHA CO OPERATIVE HOUSING SOCIETY LTD,GAGAN DEVELOPERS AND ENGINEERS,421301,Thane,,,,under_construction,2023-01-29,
P51700015127,SHREEJI NISARG PHASE I,SHREEJI DEVELOPERS,421503,Thane,,,,under_construction,2022-12-30,
P51700015240,GLOBE ESTATE PHASE 2,GLOBE ENTERPRISES,421203,Thane,,,,under_construction,2019-04-30,
P51700015302,Tulsi Aadvik,RAJ GROUP,421503,Thane,,,,under_construction,2022-03-30,
P51700015374,PRABHAKAR APARTMENT,VAIBHAV HOMES DEVELOPERS,421605,Thane,,,,under_construction,2021-12-28,
P51700015589,Omega Business Park,Arha Buildpro LLP,400604,Thane,,,,under_construction,2020-09-30,
P51700015325,THE GOLDEN MILE,GRACELANDS HABITATS,420421,Thane,,,,under_construction,2023-12-30,
P51700020862,Classic Residency,CLASSIC CONSTRUCTION,421302,Thane,,,,under_construction,2021-06-30,
P51700015189,SAI VILLA,BUILT TECH BUILDERS & DEVELOPERS PVT. LTD.,421503,Thane,,,,under_construction,2023-08-31,
P51700015177,Shree Sukhprada Apartment,Milind Vasant Vani,421301,Thane,,,,under_construction,2021-12-30,
P51700015246,TRISHUL GOLDEN VILLE,A PLUS LIFE SPACE,421503,Thane,,,,under_construction,2022-12-26,
P51700015155,BALAJI EXOTICA-PHASE 1,BALAJI WORLD,421301,Thane,,,,under_construction,2022-12-30,
P51700015554,"Shrushti Aarambh, Wing - C of Phase - I",SHRUSHTI DEVELOPERS,421503,Thane,,,,under_construction,2022-12-30,
P51700015546,ANURAJ HEIGHTS,SHIVA BHOPI DEVELOPERS LLP,421202,Thane,,,,under_construction,2023-06-30,
P51700015567,SAI KRUPA RESIDENCY,SAIRAJ DEVELOPERS,421503,Thane,,,,under_construction,2019-12-31,
P51700015621,MANGALAM,DEEPA SURESH GADA,400601,Thane,,,,under_construction,2022-12-30,
P51700015559,NEW SHIVNERI DARSHAN CO. OPERATIVE HOUSING SOCIETY LIMITED,GLOBAL HOUSING VENTURE,421301,Thane,,,,under_construction,2022-10-31,
P51700015557,NEW MODEL TOWN COMPLEX,QAVI CONSTRUCTION PVT. LTD.,421601,Thane,,,,under_construction,2023-01-16,
P51700015655,Chanakya B wing,Vadilal Creation,421204,Thane,,,,under_construction,2022-04-30,
P51700015749,AASHRAY PEARL WING D,AASHRAYGROUP,421501,Thane,,,,under_construction,2021-12-30,
P51700016463,Shree Sai Jalaram Builders and Developers,Shree Sai Jalaram Builders & Developers,400608,Thane,,,,under_construction,2018-12-31,
P51700015851,Ryyan View,HIDAYAT KHAN,410218,Thane,,,,under_construction,2020-11-02,
P51700015657,MANSVI APARTMENT,RUHI ENTERPRISES,421503,Thane,,,,under_construction,2023-03-30,
P51700016548,Saidarshan Residency,Gajanan Katod Shelavale,421601,Thane,,,,under_construction,2021-01-31,
P51700015793,ARYAN ONE WING I AND J,Konark Lifespaces,421503,Thane,,,,under_construction,2018-10-31,
P51700015624,BADLAPUR ARCADE,MAHALAXMI BUILDERS & DEVELOPERS,421503,Thane,,,,under_construction,2023-12-30,
P51700015735,Shiv Shahi Complex,Shalini Shivaji Pawar,421401,Thane,,,,under_construction,2025-12-31,
P51700015676,SNEHBANDHAN CHS,AYUSHI INFRA ENTERPRISE PRIVATE LIMITED,421201,Thane,,,,under_construction,2020-09-30,
P51700016057,R R RESIDENCY - D WING,SHRI RADHE REALITIES PROJECT DEVELOPER,421302,Thane,,,,under_construction,2024-12-30,
P51700015812,PARAISO-PHASE-II,OM ADITYA ASSOCIATES,421204,Thane,,,,under_construction,2023-12-30,
P51700016007,PATHAK RESIDENCY,SHREE MAHALAXMI CONSTRUCTIONS,421503,Thane,,,,under_construction,2023-12-30,
P51700015729,Sarvesh Dream City,SAI SHRADHA DEVELOPERS,421503,Thane,,,,under_construction,2022-11-28,
P51700015751,SWASTIK FLORESTA,D P HOMES INFRAPROJECTS PRIVATE LIMITED,400612,Thane,,,,under_construction,2023-03-30,
P51700015832,SURYA EXCELLENCY,SURYAKANT MANGALDAS SAMANI AND CHAMPABEN VASANJI MASHRU,421302,Thane,,,,under_construction,2026-03-30,
P51700016284,ANAND SAGAR DUOS,VPA DEVELOPERS,421301,Thane,,,,under_construction,2023-02-28,
P51700015845,SHREE GAONDEVI DHAM,SHREE TISAI DEVELOPERS,421306,Thane,,,,under_construction,2022-09-30,
P51700016781,TULSI TOWER,SHRI KALKI ENTERPRISES,421301,Thane,,,,under_construction,2021-03-31,
P51700018559,Rai s Heaven,RAI RESIDENCY Private Limited,421306,Thane,,,,under_construction,2026-12-30,
P51700018533,Rai s Tulip,RAI RESIDENCY Private Limited,421306,Thane,,,,under_construction,2023-12-30,
P51700017230,Rai s AARAGYA,RAI RESIDENCY Private Limited,421306,Thane,,,,under_construction,2026-12-30,
P51700023997,MADHUMALTI APARTMENT,SHREE NEELKANTH ASSOCIATES,421503,Thane,,,,under_construction,2021-12-30,
P51700015840,TRINITY - RUDRA,RATTANRAJ LIFESPACES,421501,Thane,,,,under_construction,2022-03-30,
P51700015962,AUDUMBER SHRUSHTI,KATHOD DAMA BHOIR,421301,Thane,,,,under_construction,2023-12-30,
P51700016288,PINNACLE RESIDENCY,LALJI HIRJI ARETHIYA,400701,Thane,,,,under_construction,2020-09-30,
P51700015874,PARVATI HEIGHTS,HASTI BUILDCON,421204,Thane,,,,under_construction,2024-03-31,
P51700015959,SKY HEIGHTS,SPACE BUILDCON,421301,Thane,,,,under_construction,2025-12-30,
P51700016175,HERAMBKRUPA C H S LTD,SHREE SAI BUILDERS & DEVELOPERS,421501,Thane,,,,under_construction,2020-02-29,
P51700015920,Devashree Park,RAMESH  SAWANT,400607,Thane,,,,under_construction,2023-12-31,
P51700016492,Versatile Valley J Wing,Versatile Developers,421204,Thane,,,,under_construction,2025-12-30,
P51700016071,Blue Stone Homes,RIYAZ MUQEEMUDDIN AZMI,421302,Thane,,,,under_construction,2024-12-30,
P51700015978,MANOHAR SHREEJI NIRVANA PHASE 4,DEEPLAXMI DEVELOPERS,421503,Thane,,,,under_construction,2022-10-30,
P51700016074,KANAK RESIDENCY,KRISKAN INFRAVENTURE LLP,421302,Thane,,,,under_construction,2023-03-30,
P51700015965,Nasam Darul Amaan Wing A and B,NEW INDIA CONSTRUCTION,400612,Thane,,,,under_construction,2024-06-30,
P51700016047,SANVEG HILLS,SANVEG HOMES,421503,Thane,,,,under_construction,2021-12-30,
P51700016123,Aadi Aarambh II,Nirman Construction,421501,Thane,,,,under_construction,2022-06-30,
P51700015956,SHREE BALLALESHWAR,M/S PATIL ASSOCIATES,400607,Thane,,,,under_construction,2022-12-30,
P51700015939,CONTINENTAL FUTURA,CONTINENTAL SIDHANT REALITY,421302,Thane,,,,under_construction,2024-03-30,
P51700016399,SAVITRI APARTMENT,SURESH  MORE,400706,Thane,,,,under_construction,2021-12-30,
P51700015954,Shreesandesh Heights,ADITYA ENTERPRISES,400606,Thane,,,,under_construction,2023-12-30,
P51700016720,SHREE SIDDHIVINAYAK PARK WING A1 AND A2,SATYASHIV DEVELOPERS,421401,Thane,,,,under_construction,2022-12-30,
P51700016180,Godavari Arcade,VIJAYPRAKASH RAMDEV YADAV,421503,Thane,,,,under_construction,2022-12-30,
P51700016651,SHABRI RESIDENCY,SHREE AYYAPPA CONSTRUCTIONS,421501,Thane,,,,under_construction,2022-12-30,
P51700015994,PARTH SKYONE,Parth  Parikh,421201,Thane,,,,under_construction,2023-12-30,
P51700016532,GAIKWAD HEIGHTS,SHARAD NAMDEO GAIKWAD,421503,Thane,,,,under_construction,2020-12-30,
P51700015923,SHANKHESHWAR LAKE VIEW,SHREE SHANKHESHWAR ENTERPRISES,421201,Thane,,,,under_construction,2022-12-30,
P51700016119,SAI LAVKIK HEIGHTS,SAILAVKIK REALTY PRIVATE LIMITED,400602,Thane,,,,under_construction,2021-12-30,
P51700016054,KALYAN NAGARI,HONEST DEVELOPERS,421302,Thane,,,,under_construction,2024-03-30,
P51700016012,"MAHAVIR PARADISE , PHASE - 1",MAHAVIR ENTERPRISES,421501,Thane,,,,under_construction,2022-12-30,
P51700016754,Tanisha heights,M/S. BALAJI DEVELOPERS,421202,Thane,,,,under_construction,2023-03-30,
P51700016225,PARIJAT CO OPERATIVE HOUSING SOCIETY LIMITED PHASE II,ROHRA CONSTRUCTIONS,421501,Thane,,,,under_construction,2018-12-31,
P51700016873,SHREE ASHTAVINAYAK VASTU PRAKALPA,BALKRISHNA KASHINATH BHOIR,421503,Thane,,,,under_construction,2021-03-30,
P51700016164,AVISAA,NIVASTI DEVELOPERS LLP,400705,Thane,,,,under_construction,2024-10-30,
P51700016423,LA ARIHANT ESTATE PHASE 1,LA ARIHANT ESTATE,421503,Thane,,,,under_construction,2024-12-30,
P51700016300,SHREEJI AVENUE,SHREEJI BUILDCON,421301,Thane,,,,under_construction,2022-12-30,
P51700016111,EASHAN DATTAPRASAD CO OP HSG SOCIETY LTD,Sripad Vallabh Ventures,400602,Thane,,,,under_construction,2024-03-29,
P51700016240,VISTA VALLEY,M/s IQRA REALTY,400612,Thane,,,,under_construction,2023-06-30,
P51700016033,ASHAR EDGE GALLERIA- PHASE I,Ms ASHAR VENTURES,400610,Thane,,,,under_construction,2023-10-30,
P51700016015,ASHAR EDGE WING A PHASE II,Ms ASHAR VENTURES,400610,Thane,,,,under_construction,2023-10-30,
P51700016016,ASHAR EDGE WING B PHASE III,Ms ASHAR VENTURES,400610,Thane,,,,under_construction,2023-10-30,
P51700016060,JD Park,JD Housing LLP,421601,Thane,,,,under_construction,2024-03-30,
P51700016190,BAMA KATHOD HEIGHTS,VASTU SAI BUILDERS & DEVELOPERS,421201,Thane,,,,under_construction,2024-03-30,
P51700016499,DEEP PARADISE,M/S D S REALTORS,421503,Thane,,,,under_construction,2024-03-29,
P51700016349,"VASTU SIDDHI , PHASE II",SIDDHIVINAYAK GROUP,421501,Thane,,,,under_construction,2023-03-30,
P51700016101,SHRUSHTI PRARAMBH,SHRUSHTI DEVELOPERS,421503,Thane,,,,under_construction,2022-12-30,
P51700016067,Moonstone,S K ENTERPRISE,410101,Thane,,,,under_construction,2022-12-30,
P51700016030,SILVER RESIDENCY,SILVER LINE BUILDING AND CONSTRUCTION LLP,400612,Thane,,,,under_construction,2023-10-30,
P51700016124,DAVAKHAR ELEGANCE,DAVAKHAR INFRASTRUCTURE PRIVATE LIMITED,421306,Thane,,,,under_construction,2023-12-30,
P51700016241,GLOBE PARADISE,GLOBE REALTORS,421203,Thane,,,,under_construction,2022-12-30,
P51700016707,SHUBHAM GALAXY - B WING,NAVKAR ASSOCIATES,421201,Thane,,,,under_construction,2024-03-31,
P51700016094,RADHA VASANT VIHAR WING - R1,SHIV SAGAR DEVELOPERS & BUILDERS,421501,Thane,,,,under_construction,2022-03-30,
P51700016121,PARADISE PARK - Phase 1,M/S VAKRATUND ENTERPRISES,421503,Thane,,,,under_construction,2025-03-30,
P51700016090,HUDA PARK,HUDA CONSTRUCTION,400612,Thane,,,,under_construction,2024-12-30,
P51700016187,GANRAJ HEIGHTS,VIKAS DEVELOPERS,421202,Thane,,,,under_construction,2025-03-30,
P51700017417,Tulsi Sharnam,Tulsi Infratech,421501,Thane,,,,under_construction,2022-10-31,
P51700016303,Sonadevi Heights,Rohit Balaram Choudhari,421302,Thane,,,,under_construction,2022-03-30,
P51700016173,KRISHNA DARSHAN,SHRI KRISHNA REALTORS,421503,Thane,,,,under_construction,2023-03-30,
P51700016355,SADGURU LANDMARK - WING A and E,SADGURU GROUP,421605,Thane,,,,under_construction,2023-12-31,
P51700016157,RAMCHANDRA RESIDENCY,JAGJEET BUILDER,400612,Thane,,,,under_construction,2024-08-31,
P51700016308,"Sector 5 - Wing D, E and F",Agile Real Estate Pvt. Ltd.,400607,Thane,,,,under_construction,2027-12-30,
P51700016386,SUNDARAM,M/S. PURAB ASSOCIATES,421503,Thane,,,,under_construction,2020-01-31,
P51700016156,Ramrajya - Neptune EKansh A,Neptune Developers Limited,421102,Thane,,,,under_construction,2023-03-30,
P51700017990,Kohinoor Luxuria,Shankar  Hotchandani,421301,Thane,,,,under_construction,2022-09-30,
P51700016245,"Upper Thane - Woodlands G,H,I",MACROTECH DEVELOPERS LIMITED,421302,Thane,,,,under_construction,2023-09-30,
P51700016243,"Upper Thane - Sereno A, B, B1",MACROTECH DEVELOPERS LIMITED,421302,Thane,,,,under_construction,2023-09-30,
P51700016437,Upper Thane - Tiara C,MACROTECH DEVELOPERS LIMITED,421302,Thane,,,,under_construction,2023-09-30,
P51700016371,SHREE GALAXY HEIGHTS,V3 Reality,421501,Thane,,,,under_construction,2023-06-30,
P51700016334,Aditya Vikas,PREMNARAYAN  SHUKLA,421503,Thane,,,,under_construction,2019-09-30,
P51700016451,PARADISE,SHREE YASH DEVELOPERS,400602,Thane,,,,under_construction,2022-03-30,
P51700017177,SHUBHGRIHA,I.B.CONSTRUCTION,421302,Thane,,,,under_construction,2023-11-30,
P51700016405,Mercury Paradise,Mercury Infra,421503,Thane,,,,under_construction,2021-12-30,
P51700016556,Ramrajya - Neptune Ekansh B,Neptune Developers Limited,421102,Thane,,,,under_construction,2023-09-30,
P51700016351,Ramrajya - Neptune Ekansh C,Neptune Developers Limited,421102,Thane,,,,under_construction,2023-09-30,
P51700016350,Ramrajya - Neptune Ekansh D,Neptune Developers Limited,421102,Thane,,,,under_construction,2023-12-30,
P51700016352,Ramrajya - Neptune Ekansh F,Neptune Developers Limited,421102,Thane,,,,under_construction,2023-12-30,
P51700016455,Dream Makers,Manoj Ramesh Chaudhari,421503,Thane,,,,under_construction,2024-04-30,
P51700016324,Shiv Samarth,Shiv Corporation,421503,Thane,,,,under_construction,2020-09-30,
P51700016592,Surashree,YASH DEVELOPERS,421503,Thane,,,,under_construction,2022-12-30,
P51700016666,Upper Thane - Ecopolis A,MACROTECH DEVELOPERS LIMITED,421302,Thane,,,,under_construction,2022-09-30,
P51700016332,SITA HEIGHTS,NAMDEV SAKHARAM PATIL,421201,Thane,,,,under_construction,2023-03-30,
P51700016400,jewel heights,Jewel Builders and Infraprojects Ltd,421503,Thane,,,,under_construction,2023-12-30,
P51700016428,YASHODARSHAN RESIDENCY,VIVAAN ENTERPRISES,421306,Thane,,,,under_construction,2022-12-30,
P51700016375,Lodha Splendora - River View,MACROTECH DEVELOPERS LIMITED,400607,Thane,,,,under_construction,2024-09-30,
P51700016363,WAMAN HEIGHTS A WING,R V ENTERPRISE,421202,Thane,,,,under_construction,2024-12-30,
P51700016378,Mahaavir Anmol,Mahaavir Impex,400701,Thane,,,,under_construction,2023-03-30,
P51700016394,SAMRIN HERITAGE,SAMRIN INFRA PRIVATE LIMITED,400602,Thane,,,,under_construction,2024-12-29,
P51700016588,SAI KANHUJIPOLICE SANKUL,HARSHAD BALU GAWADE,421301,Thane,,,,under_construction,2024-05-30,
P51700016534,Mohan Nano Estates III,MOHAN LIFESPACES LLP,421501,Thane,,,,under_construction,2021-12-30,
P51700016538,GOVINDAGRAJ GRUHA,THE SQUARE FEET DEVELOPERS,421503,Thane,,,,under_construction,2020-12-30,
P51700016410,SAI VYANKATESH,ANJANA SAHEBRAO CHAVAN,421301,Thane,,,,under_construction,2022-03-30,
P51700016412,NISARG GREENS - Commercial Phase-I,NND Ambernath LLP,421501,Thane,,,,under_construction,2019-12-31,
P51700016516,Ramrajya - Neptune Ekansh E,Neptune Developers Limited,421102,Thane,,,,under_construction,2023-12-30,
P51700017330,AADINATH RESIDENCY,Shree Mahavir Enterpises,421305,Thane,,,,under_construction,2023-12-30,
P51700016625,SHREE RAJ,rajententerprises,421503,Thane,,,,under_construction,2019-04-30,
P51700017119,GAMI VIVAAN,AMBALAL BHANJI GAMI,400709,Thane,,,,under_construction,2021-12-30,
P51700016623,ISHWAR ICON,ISHWAR ENTERPRISES,421501,Thane,,,,under_construction,2019-08-31,
P51700018466,RUBY ROOF MAKERS,RUBY ROOF MAKERS,400601,Thane,,,,under_construction,2022-05-17,
P51700016732,VITTHAL RUKMINI TOWER,BALARAM VITTHAL MALI,421302,Thane,,,,under_construction,2024-03-30,
P51700016603,Dipti Sky City PHASE 2,Dipti Home Makers Pvt Ltd,421501,Thane,,,,under_construction,2023-06-30,
P51700016741,Padmanabh,Yash Govinda Build Infra LLP,400602,Thane,,,,under_construction,2023-10-24,
P51700016477,MAHAVIR ARCADE,NAVIN KAMLAPRASAD SINGH,421301,Thane,,,,under_construction,2023-07-18,
P51700016533,RATAN ARCADE,SHREE ENTERPRISES,421503,Thane,,,,under_construction,2021-12-30,
P51700016810,SHREE MAHALAXMI HOMES,MAHALXMI FORTUNE,421501,Thane,,,,under_construction,2022-12-30,
P51700016837,VARUN VILLA,MAHARASHTRA DEVELOPERS,421503,Thane,,,,under_construction,2018-09-30,
P51700016764,TULIP EMPIRE,TARAL MANUBHAI NAKRANI,400706,Thane,,,,under_construction,2023-06-30,
P51700016488,SILVER CREAST B WING,SHRIKRISHNA ENTERPRISES,421503,Thane,,,,under_construction,2023-05-30,
P51700016687,SAI KRUPA CONSTRUCTIONS,SAI KRUPA CONSTRUCTIONS,400605,Thane,,,,under_construction,2024-12-30,
P51700016608,PAYAL PRIDE,MIT ENTERPRISES,400701,Thane,,,,under_construction,2022-03-30,
P51700016633,OZONE GALAXY,HALLMARK INFRA REALTY LLP,421302,Thane,,,,under_construction,2025-12-30,
P51700016698,BELLA MONTE,SANGHVI PREMISES PVT LTD,400605,Thane,,,,under_construction,2022-03-30,
P51700017179,OM TANISHQ RESIDENCY,M/S LAXMI REALTY,421301,Thane,,,,under_construction,2023-12-31,
P51700016519,FLOWERVALLEY,SIDDHIVINAYAK ENTERPRISES,421601,Thane,,,,under_construction,2024-12-31,
P51700017507,KIYAAN RESIDENCY,SHREE NARAYAN ENTERPRISES,400612,Thane,,,,under_construction,2023-12-30,
P51700016602,TRINITY OASIS PHASE II,ANIL thakurdas kursija,400610,Thane,,,,under_construction,2024-12-30,
P51700016569,NAYAN APARTMENT,NANDA SANTOSH BHOIR,421301,Thane,,,,under_construction,2023-01-20,
P51700017031,SIDDHI VINAYAK RESIDENCY,RAINBOW DEVELOPERS,421305,Thane,,,,under_construction,2023-06-30,
P51700016665,SHUBHVASTU,MANOJ SAMBHAJI SAWANT,400601,Thane,,,,under_construction,2018-12-31,
P51700016631,MOHANKHEDA GREENS,RAJESHKUMAR MOOLCHAND RUPAWAT,421301,Thane,,,,under_construction,2023-12-30,
P51700016624,SNEHAL PARADISE WING A,M/S KRISHNA DEVELOPERS,421503,Thane,,,,under_construction,2022-01-30,
P51700016621,SHISHODIA ARCADE PHASE II,JAGATVIRSINGH HARPALSINGH SHISHODIA,421301,Thane,,,,under_construction,2024-08-29,
P51700016961,"Lodha Amara - Tower 20, 21",MACROTECH DEVELOPERS LIMITED,400607,Thane,,,,under_construction,2023-09-30,
P51700017557,COSMOS HORIZON PHASE II,Concorde Developers,400606,Thane,,,,under_construction,2024-03-30,
P51700016927,Apollo Retail,MACROTECH DEVELOPERS LIMITED,400608,Thane,,,,under_construction,2020-09-30,
P51700016708,SHAFIQUE KHATIMITI TOWER,RAMEEZ SHAHNAWAZ MAJEED,421301,Thane,,,,under_construction,2021-12-30,
P51700016919,PATELS PRAYOSHA - PRAMUKH SADAN,SAHAJANAND DEVELOPERS,421501,Thane,,,,under_construction,2024-12-29,
P51700017012,BLISS AVENUE,PRAKASH  WADHAWA,421505,Thane,,,,under_construction,2024-03-29,
P51700016792,CHAMUNDA SERENE,CHAMUNDA INFRASTRUCTURE LTD,400706,Thane,,,,under_construction,2022-03-30,
P51700016716,ELEMENTS,UMA REALTY,421204,Thane,,,,under_construction,2023-12-30,
P51700017461,Amrut Siddhi,Jayshree Builders,421605,Thane,,,,under_construction,2023-12-30,
P51700017026,Atlantic Jewels,AtlanticRealtors,400601,Thane,,,,under_construction,2023-12-30,
P51700017071,BANJARA HILLS SECTOR 7,SEEMA DEVELOPERS,421601,Thane,,,,under_construction,2022-12-30,
P51700017214,OLIVIA PRIME,SKYLINE BUILDPRO,400602,Thane,,,,under_construction,2023-06-29,
P51700016878,Ramrajya - Neptune Udaan B,Neptune Developers Limited,421102,Thane,,,,under_construction,2023-12-30,
P51700016825,Ramrajya - Neptune Udaan C,Neptune Developers Limited,421102,Thane,,,,under_construction,2023-12-30,
P51700016870,SAISHIV COMPLEX,SAISHIV CONSTRUCTION,421503,Thane,,,,under_construction,2023-12-30,
P51700016882,Ramrajya - Neptune Udaan D,Neptune Developers Limited,421102,Thane,,,,under_construction,2023-12-30,
P51700016820,Constructing EWS and LIG Tenements under PMAY on S No 86 95 and 133 at Shirdhon Tal Kalyan DistThane,MAHARASHTRA HOUSING AND AREA DEVELOPMENT AUTHORITY,421204,Thane,,,,under_construction,2027-03-24,
P51700016818,Ramrajya - Neptune Udaan E,Neptune Developers Limited,421102,Thane,,,,under_construction,2023-12-30,
P51700016831,SURVEY NO 162 VILLAGE KHONI TAL KALYAN,MAHARASHTRA HOUSING AND AREA DEVELOPMENT AUTHORITY,421301,Thane,,,,under_construction,2028-01-07,
P51700016800,AUDUMBER SERENITY,SHRISAIBABA CONSTRUCTION CO,421503,Thane,,,,under_construction,2020-11-30,
P51700016785,SAI PALACE,PRAVIN NARASI MANANI,400709,Thane,,,,under_construction,2022-06-30,
P51700016819,SHIVAM HILLS,M.K.REALTORS,421503,Thane,,,,under_construction,2020-11-30,
P51700016947,Mangeshi City III,Mangesh Dashrath Gaikar,421301,Thane,,,,under_construction,2022-05-30,
P51700016875,Ramrajya - Neptune Jal Tarang C,Neptune Developers Limited,421102,Thane,,,,under_construction,2023-12-30,
P51700016920,Ramrajya - Neptune Jal Tarang D,Neptune Developers Limited,421102,Thane,,,,under_construction,2023-12-30,
P51700016823,Ramrajya - Neptune Jal Tarang E,Neptune Developers Limited,421102,Thane,,,,under_construction,2023-12-30,
P51700016879,JOE APARTMENT,SHUBHANGI DEVELOPER,400601,Thane,,,,under_construction,2022-06-30,
P51700016886,DHARITRI MOUNT VIEW BUILDING A,DHARITRI BUILDER PVT. LTD.,421601,Thane,,,,under_construction,2023-12-30,
P51700017821,SAI SHATABDI RESIDENCY,PRARTHANA ENTERPRISES,421605,Thane,,,,under_construction,2024-03-31,
P51700017086,HEVA APARTMENT,HUB REALTOR,421601,Thane,,,,under_construction,2022-06-30,
P51700017015,Shiv Shahi Complex Phase II,Shalini Shivaji Pawar,421401,Thane,,,,under_construction,2022-12-30,
P51700016747,Orchid A to L,Palava Dwellers Pvt Ltd,421204,Thane,,,,under_construction,2018-06-30,
P51700016836,REDEVELOPMENT OF MANAS CHS,ARVIJ BUILDERS AND DEVELOPERS PRIVATE LIMITED,400602,Thane,,,,under_construction,2023-10-31,
P51700017315,SHUBHAM HEIGHT,Gaurivinayak Builders and Developers Pvt Ltd,421306,Thane,,,,under_construction,2023-12-30,
P51700016929,VED RESIDENCY,OM CORPORATIN,421605,Thane,,,,under_construction,2021-12-30,
P51700016871,SIDDHESHWAR,SIDDHESHWAR GROUP,421201,Thane,,,,under_construction,2023-12-30,
P51700016861,ADICIO,MALI VENTURES PRIVATE LIMITED,421203,Thane,,,,under_construction,2021-12-30,
P51700016903,Mhatre Compound,Lodha Developers Limited,421202,Thane,,,,under_construction,2018-06-30,
P51700016866,GOVIND HEIGHTS,SHIVAM CONSTRUCTION,421201,Thane,,,,under_construction,2024-12-29,
P51700016918,Ramrajya - Neptune Anant,Neptune Developers Limited,421102,Thane,,,,under_construction,2023-12-30,
P51700016915,AASTHA RIVER VIEW,AASTHA BUILDCON,400703,Thane,,,,under_construction,2024-12-31,
P51700017002,TATHASTU,MAHARASHTRA DEVELOPERS,421503,Thane,,,,under_construction,2023-03-30,
P51700016941,Palava - Retail Shop no 15 to 33 - Car Park Building C1,Palava Dwellers Private Limited,421204,Thane,,,,under_construction,2018-09-30,
P51700017035,PATELS PRESTIGE,VRUDEE ASSOCIATES,421501,Thane,,,,under_construction,2024-06-30,
P51700016926,BHUMIRAJ HILLS,BHUMIRAJ BUILDERS PVT.LTD.,400614,Thane,,,,under_construction,2023-11-30,
P51700018165,DOSTI PLANET NORTH-PHASE 2- DOSTI JADE,CHALAMA INFRAPROPERTIES PRIVATE LIMITED,400612,Thane,,,,under_construction,2022-12-30,
P51700017022,VANDANAM,METRO BUILDCON,421503,Thane,,,,under_construction,2021-12-30,
P51700017019,Panvelkar Aangan Phase 1,CRYSTAL REALTORS,421604,Thane,,,,under_construction,2027-12-31,
P51700017081,SWANAND TARANG,M/S OMKAR REALTORS,421503,Thane,,,,under_construction,2021-12-30,
P51700017613,JAI SANTOSHI MATA HEIGHTS,RAJIV THAKUR & ASSOCIATES,421201,Thane,,,,under_construction,2018-09-30,
P51700017537,KRISHNA ICON,SHREE HARI REALTY,400701,Thane,,,,under_construction,2022-05-30,
P51700017034,BHUMIRAJ HILLS,BHUMIRAJ BUILDERS PVT. LTD.,400614,Thane,,,,under_construction,2023-11-30,
P51700019938,Guru Sakshat,SADGURU ENTERPRISES,421503,Thane,,,,under_construction,2025-12-30,
P51700017137,Sadguru Darshan,OM SADGURU REALTORS,421401,Thane,,,,under_construction,2025-05-30,
P51700017029,ANANTAM HEIGHTS,KANAK REALTY,421302,Thane,,,,under_construction,2024-06-30,
P51700017159,ISHWAR GRACIA,SHIVANAND SHANKAR KORE,400706,Thane,,,,under_construction,2023-04-20,
P51700017078,Lodha Panacea I,MACROTECH DEVELOPERS LIMITED,421204,Thane,,,,under_construction,2024-06-30,
P51700017060,Lodha Panacea II,MACROTECH DEVELOPERS LIMITED,421204,Thane,,,,under_construction,2024-09-29,
P51700017151,AMBAR KALASH,Rudra Enterprises,421503,Thane,,,,under_construction,2021-10-30,
P51700017788,SAI MARINA,MAHALAXMI INFRASTRUCTURE,421004,Thane,,,,under_construction,2023-06-30,
P51700017099,JHALAK LUXURIA PHASE I,JHALAK CONSTRUCTIONS,421503,Thane,,,,under_construction,2021-12-30,
P51700017080,BUILDING No 1 PADMAVATI,M/s. SAI BALAJI EMRALD REALTY,421201,Thane,,,,under_construction,2022-12-30,
P51700017127,BUILDING No 2 MAHALAKSHMI B WING,M/s. SAI BALAJI EMRALD REALTY,421201,Thane,,,,under_construction,2025-12-30,
P51700017089,BUILDING NO 2 MAHALAKSHMI A WING,M/s. SAI BALAJI EMRALD REALTY,421201,Thane,,,,under_construction,2025-12-30,
P51700017185,AMAKIN MOHAMMEDIYAH PHASE 3,AMAKIN MOHAMMEDIYAH PRIVATE LIMITED,421304,Thane,,,,under_construction,2024-12-30,
P51700018933,Om Sai Residency Nx,Om Sai Residency,421605,Thane,,,,under_construction,2022-12-30,
P51700017067,SADGURU NAKSHTRA PHASE I,SADGURU DEVELOPERS,421605,Thane,,,,under_construction,2023-12-30,
P51700017130,AMRUTA CHS,UTKARSHA CONSTRUCTION,421501,Thane,,,,under_construction,2022-06-03,
P51700017162,SAI LEELA,MURLI JAGANNATH MACHHA,421302,Thane,,,,under_construction,2021-12-30,
P51700017195,Anantam - Phase II,Oyster Living LLP,421302,Thane,,,,under_construction,2023-06-30,
P51700017123,Anantam - Phase I,Oyster Living LLP,421302,Thane,,,,under_construction,2024-08-31,
P51700017140,BHUMIRAJ HILLS,BHUMIRAJ BUILDERS PVT. LTD.,400614,Thane,,,,under_construction,2023-11-30,
P51700017308,Belpatra Apartment,Amol Padmakar Tarmale,421301,Thane,,,,under_construction,2022-07-31,
P51700017824,LAXMI KRUPA,OMKAR ENTERPRISES,400601,Thane,,,,under_construction,2023-03-30,
P51700017267,EAGLERIDGE WING B,ROMA BUILDERS PRIVATE LIMITED,400607,Thane,,,,under_construction,2025-07-30,
P51700017184,HITESH DEVESH PARADISE,JAI AMBE CONSTRUCTION,421503,Thane,,,,under_construction,2022-12-30,
P51700017255,RAI s VRUNDAVAN,RAI RESIDENCY Private Limited,421306,Thane,,,,under_construction,2023-12-30,
P51700017199,"Riverview Classic Building No 4, Phase IV",RUTU BUILDERS,421301,Thane,,,,under_construction,2022-12-30,
P51700017242,RAMESHWAR PARK - LILAC,RAMESHAWAR BUILDERS & DEVELOPERS,400612,Thane,,,,under_construction,2022-02-28,
P51700017206,VASTU ARCADE,SHREE VASTU BUILDERS,421503,Thane,,,,under_construction,2021-12-30,
P51700017332,Panvelkar Estate - Greenford,Panvelkar Infrastructures Private Limited,421503,Thane,,,,under_construction,2024-12-31,
P51700017148,SAI SHRUSHTI SAPPHIRE,SAI SHRUSHTI ENTERPRISES,400612,Thane,,,,under_construction,2021-12-30,
P51700017384,AKASH GANGA,Ashish Waman Gole,421503,Thane,,,,under_construction,2023-05-30,
P51700017389,Mavis Tower A wing From 5th floor to 7th Floor,M/s. Unit Arsen Developers (Joint Venture),400604,Thane,,,,under_construction,2019-12-31,
P51700017478,Atrinandan Heights,HERAMB CONSTRUCTION,421301,Thane,,,,under_construction,2022-12-30,
P51700017481,ARAMUS RESIDENCY,ARAMUS REALTY LLP,400218,Thane,,,,under_construction,2023-12-30,
P51700017342,SAJAN SHANTARAM HEIGHT,TIRUPATI DEVELOPERS,421202,Thane,,,,under_construction,2023-06-30,
P51700017669,"GIRIRAJ DREAMS, THE STATE BANK OF INDIA EMPLOYEES COOPERATIVE HOUSING SOCIETY LTD",PRIDEDREAM REALTORS PRIVATE LIMITED,400602,Thane,,,,under_construction,2023-12-30,
P51700017304,Q Residences R3,Aurum RealEstate Developers Limited,400710,Thane,,,,under_construction,2023-12-30,
P51700017401,INFINITE RESIDENCY,MISTRY CONSTRUCTION CO. PVT. LTD.,400706,Thane,,,,under_construction,2029-06-30,
P51700017488,RAUNAK CITY SECTOR IV - D9,RAUNAK CORPORATION,421301,Thane,,,,under_construction,2027-12-30,
P51700017305,Q Residences R2 U,Aurum RealEstate Developers Limited,400710,Thane,,,,under_construction,2022-12-30,
P51700017747,SHEVANTI PARK,M/S S P ASSOCIATES,421601,Thane,,,,under_construction,2026-12-30,
P51700017328,OM RAMCHANDRA,LAXMI DEVELOPERS,421605,Thane,,,,under_construction,2020-11-30,
P51700017423,TETRIS GREEN VALLEY,TETRIS GREEN VALLEY,421605,Thane,,,,under_construction,2022-12-30,
P51700017424,MOHAN MAHAL CO-OPERATIVE HOUSING SOCIETY LIMITED,RASHMI ASHOK JOSHI,400602,Thane,,,,under_construction,2022-05-30,
P51700017518,ASHAR ARIA,Ms ASHAR VENTURES,400605,Thane,,,,under_construction,2024-02-28,
P51700017736,KRISHNA EMPIRE,L K EARTH DEVELOPERS PRIVATE LIMITED,400701,Thane,,,,under_construction,2021-02-28,
P51700017450,MANSIPOOJA HEIGHT,S K INFRASTRUCTURE,421301,Thane,,,,under_construction,2023-03-30,
P51700017459,SEASONS PARK,SHREE BALAJI HOMES,421501,Thane,,,,under_construction,2022-12-30,
P51700017317,Himalaya,Bhagwat Baban Kamthe,400603,Thane,,,,under_construction,2023-01-30,
P51700018710,The Universe - Mercury,G.E.CONSTRUCTIONS,400612,Thane,,,,under_construction,2023-12-30,
P51700017531,V A BUSINESS CENTRE,Shradhha Saburi Associates,421501,Thane,,,,under_construction,2024-12-30,
P51700017593,RABIYA HEIGHT,LFKA BUILDERS AND DEVELOPERS,421301,Thane,,,,under_construction,2023-12-30,
P51700017434,MARYAM HEIGHT,LFKA BUILDERS AND DEVELOPERS,421301,Thane,,,,under_construction,2023-12-30,
P51700017366,Plot 1 Sector 10 GHANSOLI,CIDCO of Maharashtra Ltd.,400701,Thane,,,,under_construction,2022-09-30,
P51700017421,Plot 2 Sector Sector 10 GHANSOLI,CIDCO of Maharashtra Ltd.,400701,Thane,,,,under_construction,2022-09-30,
P51700017346,Ram Janaki,Shree Ganesh Enterprises,421201,Thane,,,,under_construction,2026-12-30,
P51700017364,RAJ REGALIA - PHASE I,AMRUT LAXMI DEVELOPERS,421501,Thane,,,,under_construction,2022-12-30,
P51700017969,CENTURY ONE,M/S CITY INFRA,400701,Thane,,,,under_construction,2023-03-30,
P51700017382,SAI VIHAR RESIDENCY,N M DEVELOPERS,421302,Thane,,,,under_construction,2022-08-28,
P51700017739,VISION SKY WORLD,M/S VISION SKY WORLD,421601,Thane,,,,under_construction,2022-12-20,
P51700017701,GREEN VALLEY,M S DEVELOPERS,421301,Thane,,,,under_construction,2024-12-29,
P51700017496,Purva,GNP DEVELOPERS,421503,Thane,,,,under_construction,2019-12-31,
P51700018663,SAI SIDDHI RESIDENCY,DEVENDRA DAMODAR PATIL,421204,Thane,,,,under_construction,2023-03-30,
P51700018087,Jeevan Lifestyles,JEEVAN ENTERPRISES,421503,Thane,,,,under_construction,2021-12-30,
P51700017501,Sky Avenue,Bhagwati Infrastructure,421301,Thane,,,,under_construction,2024-12-30,
P51700017487,Palava Florea - A to D,Palava Dwellers Private Limited,421204,Thane,,,,under_construction,2023-07-31,
P51700017506,Foresta & Fiora,Palava Dwellers Private Limited,421203,Thane,,,,under_construction,2023-08-28,
P51700017590,Palava Olivia C,Palava Dwellers Private Limited,421204,Thane,,,,under_construction,2023-08-28,
P51700017664,amber apartment,shaikh  nazir,421605,Thane,,,,under_construction,2022-07-21,
P51700017649,SHREEJI TANDLE ARCADE,SHREEJI BUILDCON,421301,Thane,,,,under_construction,2029-08-28,
P51700017751,Trident Tower,SHRI KRISHNA HOMES,421503,Thane,,,,under_construction,2022-12-30,
P51700018220,TROPICAL ELITE PHASE 2,SCHEMA ENTERPRISES PRIVATE LIMITED,400602,Thane,,,,under_construction,2022-11-30,
P51700017682,SKY VILLAS WING B1,VERTEX NEWTON PROJECTS PRIVATE LIMITED,421301,Thane,,,,under_construction,2029-05-30,
P51700017614,CHINTAMANI HABITAT ANGELICA TYPE K AND L,JASHNANI CONSTRUCTION PRIVATE LIMITED,421601,Thane,,,,under_construction,2024-12-30,
P51700017700,SAI SRUSHTI,SHAKTI REALTY,421301,Thane,,,,under_construction,2023-06-30,
P51700017680,SHREE GANESH PARADISE,PAWAR GROUP,421503,Thane,,,,under_construction,2021-02-15,
P51700017774,valencia enclave,siddhivinayak builders and developers,421401,Thane,,,,under_construction,2022-12-30,
P51700017892,PRIDE TOWER,SHREE GAJANAN BUILDERS & DEVELOPERS,421604,Thane,,,,under_construction,2023-12-30,
P51700017732,LAKE VIEW,SAI MAHIMA INFRADEVELOPERS LLP,400614,Thane,,,,under_construction,2023-12-29,
P51700017697,SAI-SRUSHTI PHASE-I,OM SAI REALTORS,421301,Thane,,,,under_construction,2023-06-30,
P51700020647,YASHASWI CHS LTD.,SARTH SHILP PVT. LTD.,400602,Thane,,,,under_construction,2022-09-30,
P51700017925,Mohan Areca II,MOHAN LIFESPACES LLP,421503,Thane,,,,under_construction,2022-12-30,
P51700017729,ASHAPURA PRIDE,RADHIKA ENTERPRISES,421202,Thane,,,,under_construction,2023-03-30,
P51700018679,KRUSHNAI HEIGHTS,Krushnai Builders & Developers,421204,Thane,,,,under_construction,2027-03-31,
P51700018209,ROYAL HEIGHTS,SHREE GANESH ENTERPRISES,421605,Thane,,,,under_construction,2024-02-01,
P51700017752,ADARSH TOWER,CITY DEVELOPERS,421302,Thane,,,,under_construction,2023-12-15,
P51700017758,WING C-5 GAJMUKH,M K PATIL DEVELOPERS,421503,Thane,,,,under_construction,2022-12-30,
P51700017964,URBAN GRAND,Mahaveer reality,410206,Thane,,,,under_construction,2022-03-30,
P51700017863,Aura,The Pacific,421201,Thane,,,,under_construction,2023-03-31,
P51700018242,VISHWAJEET CITY PLAZA,ABHIJEET BUILDCON,421002,Thane,,,,under_construction,2024-04-30,
P51700017958,NARAYANI DHAM BUILDING NO 2A AND 2B,MAYA DEVELOPER,421302,Thane,,,,under_construction,2024-12-31,
P51700017889,NARAYANI DHAM BUILDING NO 1 B,MAYA DEVELOPER,421302,Thane,,,,under_construction,2026-12-31,
P51700017834,PRITI HEIGHTS,AARTI HOME MAKERS PRIVATE LIMITED,401404,Thane,,,,under_construction,2021-02-28,
P51700017923,BELLA VISTA PHASE 8B,INDO ASIAN BUILDCON PVT LTD,421301,Thane,,,,under_construction,2021-12-30,
P51700017817,NARAYANI DHAM BUILDING NO 1A,MAYA DEVELOPER,421302,Thane,,,,under_construction,2026-12-31,
P51700017959,CITY PRIDE,CITY PRIDE INCORPORATION,421503,Thane,,,,under_construction,2021-12-30,
P51700018623,KESHAV HEIGHT BUILDING C,NANDKUMAR BALKRISHNA SALVI,400605,Thane,,,,under_construction,2024-06-30,
P51700017904,PALM BEACH GALLERIA,VEE SQUARE HITECH INFRA PVT LTD,400705,Thane,,,,under_construction,2021-01-31,
P51700018006,DIVIANA PARK,Audumbar Realtors,421402,Thane,,,,under_construction,2039-10-30,
P51700017874,Regency Anantam Phase I,REGENCY NIRMAN LTD,421201,Thane,,,,under_construction,2022-03-30,
P51700017984,Suraj Co.Op.HSG.SOC.Ltd,ASD ENTERPRISES,421503,Thane,,,,under_construction,2024-05-30,
P51700017947,KUKREJA CLASSIC,STK CORPORATION,400705,Thane,,,,under_construction,2028-04-30,
P51700017982,AARAMBHA HEIGHTS,AARAMBHA VISION HOMES PRIVATE LIMITED,421202,Thane,,,,under_construction,2022-03-30,
P51700018122,PANVELKAR SRUSHTI,KASHIKAR INFRASTRUCTURES PRIVATE LIMITED,421601,Thane,,,,under_construction,2022-12-30,
P51700017924,Lodha Global Park,MACROTECH DEVELOPERS LIMITED,421204,Thane,,,,under_construction,2022-12-30,
P51700018014,KRISHNA LILAC,AMBIKA ENTERPRISES,400701,Thane,,,,under_construction,2020-09-30,
P51700018001,SIMONE RESIDENCY,M R M DEVELOPERS,421204,Thane,,,,under_construction,2025-12-31,
P51700019353,VILLAS DELPHIN PHASE I - TYPE II,LIFESPACE REALTY,421501,Thane,,,,under_construction,2023-03-30,
P51700018132,Kuber Aarambha Building No.2 Phase 2,Royal Group,400612,Thane,,,,under_construction,2024-12-30,
P51700019289,VILLAS DELPHIN PHASE II - TYPE I,LIFESPACE REALTY,421501,Thane,,,,under_construction,2022-12-30,
P51700019577,ROYALE SHAGUN D,VALSHET CORPORATION,421601,Thane,,,,under_construction,2023-09-30,
P51700018171,SHREEJI LANDMARK,VINAYAK DEVELOPERS,421301,Thane,,,,under_construction,2029-12-30,
P51700018036,Om Shriram Apartment / Tower,Milind Martand Kulkarni HUF,421301,Thane,,,,under_construction,2022-12-30,
P51700018154,AASTHA EVERSHINE BUILDING NO. 2 - C WING,M/S. AASTHA REALTORS,421605,Thane,,,,under_construction,2022-12-30,
P51700018159,HARMONY RESIDENCY,MILESTONE CONSTRUCTION,421501,Thane,,,,under_construction,2022-12-25,
P51700018062,SHUBH AARAMBH,SOHAM CREATORS,421503,Thane,,,,under_construction,2024-06-30,
P51700018145,VIRAJ HEIGHTS,V-RAJ BUILDCON,400603,Thane,,,,under_construction,2026-12-30,
P51700018097,VISHNU TOWER,SEEMA VISHNU PATIL,421102,Thane,,,,under_construction,2025-12-31,
P51700018035,UPPER THANE - Tiara I,MACROTECH DEVELOPERS LIMITED,421302,Thane,,,,under_construction,2024-03-30,
P51700018107,UPPER THANE - Woodlands E and F,MACROTECH DEVELOPERS LIMITED,421302,Thane,,,,under_construction,2024-03-30,
P51700018080,Green Park Residency,Green Park Residency,421302,Thane,,,,under_construction,2028-12-31,
P51700018175,CHANDRAPRABHA HEIGHTS,PRAGALBHA CONSTRUCTION,421102,Thane,,,,under_construction,2023-03-30,
P51700019020,BARKU BHOOMI,SHREE DATTA DEVELOPERS,421306,Thane,,,,under_construction,2024-12-30,
P51700018249,PLATINUM PALM WOODS,PALACIO VENTURES,400706,Thane,,,,under_construction,2023-12-29,
P51700018186,HYDE PARK RESIDENCY F4 BUILDING PHASE,NEXUS BUILDERS AND DEVELOPERS PVT LTD,400610,Thane,,,,under_construction,2021-12-30,
P51700018212,Quality Annex,Quality Annex,400612,Thane,,,,under_construction,2026-09-30,
P51700018185,HYDE PARK RESIDENCY F6 BUILDING PHASE,NEXUS BUILDERS AND DEVELOPERS PVT LTD,400610,Thane,,,,under_construction,2021-12-30,
P51700018167,AUROUS,ASAYA BUILDERS AND DEVELOPERS LLP,400703,Thane,,,,under_construction,2024-10-30,
P51700018336,Shivam IT Park,Shivam Builders and Developers,400604,Thane,,,,under_construction,2022-09-30,
P51700018561,SANGAM CHS LTD,J S S BUILDERS AND DEVELOPERS,421505,Thane,,,,under_construction,2022-03-30,
P51700018247,SAI SHRUSHTI HERITAGE,SAI SHRUSHTI ENTERPRISES,400612,Thane,,,,under_construction,2024-12-01,
P51700018294,GOVARDHANI DARSHAN,BHARATI CONSTRUCTION CO,400614,Thane,,,,under_construction,2024-11-29,
P51700018447,Green Park,SATISH KASHINATH GUJARATHI,421601,Thane,,,,under_construction,2022-12-30,
P51700018492,Primus Business Park,HEMANT  KASHIKAR,400604,Thane,,,,under_construction,2022-10-30,
P51700018232,THE WHITE VILLAS KASARA,St. Angelo's VNCT Ventures Pvt. Ltd.,421602,Thane,,,,under_construction,2023-12-31,
P51700019655,BHUMIRAJ HILLS,BHUMIRAJ BUILDERS PVT. LTD.,400614,Thane,,,,under_construction,2027-12-31,
P51700019890,Neeraj Co. op Housing Society LTD.,PAURAVI ENTERPRISES,421501,Thane,,,,under_construction,2023-12-30,
P51700018470,DEEPALI RESIDENCY,PAREKH INFRAPROJECTS,421503,Thane,,,,under_construction,2022-12-30,
P51800018633,MARINA,VIRANI CONSTRUCTION COMPANY,400612,Thane,,,,under_construction,2026-04-01,
P51700018376,VRINDAVAN BHAVANA,SAI PROPERTIES,421503,Thane,,,,under_construction,2020-09-30,
P51700021389,Shantaram Pride Fhase II,Maulikrupadevelopers,421102,Thane,,,,under_construction,2024-12-30,
P51700018300,REDEVELOPMENT OF TRIMURTI CO OPERATIVE HOUSING LTD WING A WING B WING C PHASE 1,GEETAI INVESTMENT,421503,Thane,,,,under_construction,2022-03-30,
P51700018995,KARISHMA TOWER,LALITA SANTOSH THORAT,400601,Thane,,,,under_construction,2023-12-30,
P51700018621,Rustomjee Azziano Wing L,Kapstone Constructions Private Limited,400601,Thane,,,,under_construction,2025-03-30,
P51700018459,PRACHI RESIDENCY,PRACHI DEVELOPERS,421503,Thane,,,,under_construction,2024-12-30,
P51700019544,Rustomjee Azziano Wing D,Kapstone Constructions Private Limited,400601,Thane,,,,under_construction,2025-03-30,
P51700020484,SWAMI SAMARTH APARTMENT,MHATRE DEVELOPERS,421302,Thane,,,,under_construction,2024-03-29,
P51700018408,Magnus Prime,Magnus Builders,421503,Thane,,,,under_construction,2022-03-30,
P51700018463,GOODWILL UNITY,GOODWILL CONSTRUCTIONS,400705,Thane,,,,under_construction,2022-06-30,
P51700018742,SWANAND BLISS,M/S NITYANAND REALTORS,421501,Thane,,,,under_construction,2022-12-30,
P51700019249,Gaondevi Vihar,Balaji Builders & Developers,421503,Thane,,,,under_construction,2021-03-30,
P51700018305,Swaminarayan City Phase I,Swaminarayan Life Space LLP,421202,Thane,,,,under_construction,2027-12-30,
P51700018370,The Icon Phase 1,Leading Frontier Private Limited,400608,Thane,,,,under_construction,2024-06-30,
P51700018384,GAURI SANKALP,PATIL SONS,421503,Thane,,,,under_construction,2022-12-30,
P51700018389,RANGAI APARTMENTS,A V CONSTRUCTION,421210,Thane,,,,under_construction,2020-10-30,
P51700018374,WING B4 LAMBODAR,M K PATIL DEVELOPERS,421503,Thane,,,,under_construction,2022-06-29,
P51700018665,OMKAR APARTMENTS PHASE II,PINNACLE LIFESPACES,421503,Thane,,,,under_construction,2021-10-30,
P51700018485,TAKAVANE HEIGHTS,SHIVSAI REALTY,421301,Thane,,,,under_construction,2024-03-31,
P51700018388,SARVODAY SQUARE PHASE 2 BLDG NO 2,SHREE SQUAREFEET ENTERPRISES LLP,421505,Thane,,,,under_construction,2025-12-30,
P51700019675,SADGURU RESIDENCY,RAM LAXMAN DEVELOPERS,421204,Thane,,,,under_construction,2019-12-15,
P51700018400,SHREE SIDDHGANESH TAPOVAN,SHREE SIDDHGANESH ENTERPRISES,400612,Thane,,,,under_construction,2025-07-01,
P51700018669,SHREE VIRAJ RESIDENCY WING C PHASE -II,SHREE VIRAJ ENTERPRISES,421503,Thane,,,,under_construction,2022-12-30,
P51700018433,Sai Suman Tower,M/S. RBG Constructions & Developers Pvt. Ltd.,421306,Thane,,,,under_construction,2024-09-30,
P51700020898,Sarvodaya Classic,Ekta Builders,421301,Thane,,,,under_construction,2026-03-30,
P51700018549,Uma Ashish A Wing,Uma Housing,421503,Thane,,,,under_construction,2019-12-31,
P51700018393,LODHA AMARA - TOWER 38 and 39,MACROTECH DEVELOPERS LIMITED,400607,Thane,,,,under_construction,2024-07-31,
P51700018718,KASHIKAR RESIDENCY,LAUKIK BUILDCON,421302,Thane,,,,under_construction,2022-09-30,
P51700018695,Ashtavinayak,CISB & KUSHWAH INFRASTRUCTURE PRIVATE LIMITED,421301,Thane,,,,under_construction,2021-12-30,
P51700018639,SHREE HARI RESIDENCY,SHREE HARI ENTERPRISE,410206,Thane,,,,under_construction,2021-10-30,
P51700018451,JAGANNATH GALAXY,MAYUR GROUP,421503,Thane,,,,under_construction,2024-12-30,
P51700018705,DEEP ARCADE,SWAYAMDEEP REALITY,421605,Thane,,,,under_construction,2022-12-30,
P51700018601,MAKARAND-BANK OF BARODA EMPLOYEES CO-OPERATIVE HOUSING SOCIETY LIMITED,PRIME REALTORS,421201,Thane,,,,under_construction,2022-12-31,
P51700018517,Balaji Siddhivinayak Complex Building No. 1 A Wing,M/s Onkareshwar Developers,421202,Thane,,,,under_construction,2024-12-30,
P51700018430,Balaji Siddhivinayak Complex Building No. 1 B Wing,M/s Onkareshwar Developers,421202,Thane,,,,under_construction,2025-12-30,
P51700021190,THE ONE PEARL,Vibha Realtors,421201,Thane,,,,under_construction,2024-05-31,
P51700018476,MANGALMURTI RESIDENCY,SHREE SAI PRASAD ENTERPRISES,421202,Thane,,,,under_construction,2021-12-30,
P51700018806,RATTAN GALAXY WING E. F AND G,RATTAN PROPERTIES AND PROJECTS PRIVATE LIMITED,421503,Thane,,,,under_construction,2019-12-31,
P51700018593,Lodha Amara - Tower 45,MACROTECH DEVELOPERS LIMITED,400607,Thane,,,,under_construction,2024-07-31,
P51700018579,Lodha Amara - Tower 46,MACROTECH DEVELOPERS LIMITED,400607,Thane,,,,under_construction,2024-07-31,
P51700018908,Ornate Kallisto Phase II,Ornate Buildcon Developers,421302,Thane,,,,under_construction,2024-12-30,
P51700018640,MAATR SIGNATURE,MAATR DEVELOPERS,421301,Thane,,,,under_construction,2021-12-30,
P51700019391,SAI CRYSTAL-B WING,Shraddha Corporation,421501,Thane,,,,under_construction,2020-11-30,
P51700019173,Unique Heights,FAZAL MEHMOOD SHAIKH,400083,Thane,,,,under_construction,2023-04-01,
P51700018740,PARSHURAM PLAZA,GANADHISH ENTERPRISES,421503,Thane,,,,under_construction,2024-12-30,
P51700018798,SUNSET HEIGHTS 2,ALFA CONSTRUCTIONS,421503,Thane,,,,under_construction,2023-06-30,
P51700018589,ADITYA APARTMENTS BUILDING C,NAVIN NARANJI JAIN,421103,Thane,,,,under_construction,2024-03-31,
P51700018612,SHREE KRUPA SAGAR,OM SAI DEVELOPERS,421503,Thane,,,,under_construction,2021-12-30,
P51700018644,SUYOJIT CO-OPERATIVE HOUSING SOCIETY LTD. THANE,JOSHI ENTERPRISES,400602,Thane,,,,under_construction,2022-03-30,
P51700018688,AQUA ABODE,JAINAM DEVELOPERS,421503,Thane,,,,under_construction,2024-12-30,
P51700018630,POONAM HILLS,M/s. Ashapura Developer,421302,Thane,,,,under_construction,2023-12-30,
P51700018618,JSK PARK,SHIV SAI DEVELOPERS,421601,Thane,,,,under_construction,2022-12-30,
P51700019542,GLENDALE,ROMA BUILDERS PRIVATE LIMITED,400607,Thane,,,,under_construction,2025-12-30,
P51700019547,GLENWOOD,ROMA BUILDERS PRIVATE LIMITED,400607,Thane,,,,under_construction,2025-12-30,
P51700019550,GLENRIDGE,ROMA BUILDERS PRIVATE LIMITED,400607,Thane,,,,under_construction,2025-12-30,
P51700019790,RAUNAK CITY SECTOR IV - D3,RAUNAK CORPORATION,421301,Thane,,,,under_construction,2025-12-30,
P51700019962,RAUNAK CITY SECTOR IV - D4,RAUNAK CORPORATION,421301,Thane,,,,under_construction,2025-06-30,
P51700018938,AMAR VAISHALI CO-OPERATIVE HOUSING SOCIETY LTD.,JOSHI ENTERPRISES,400602,Thane,,,,under_construction,2023-05-30,
P51700018693,SHIV SAI RESIDENCY,SHIV SAI BUILDERS AND DEVELOPERS,421501,Thane,,,,under_construction,2023-12-30,
P51700019024,VEDANT RESIDENCY,VEDANT INFRASTRUCTURES,421503,Thane,,,,under_construction,2021-12-30,
P51700018799,GOVIND COMPLEX,GURUDATT ENTERPRISES,421306,Thane,,,,under_construction,2023-12-30,
P51700019317,BABA AND SEAGREEN DEVELOPERS LLP,BABA & SEAGREEN DEVELOPERS LLP,421004,Thane,,,,under_construction,2025-12-30,
P51700018730,MAHANT CHAMBERS,MAHANT CONSTRUCTION LLP,400604,Thane,,,,under_construction,2023-12-30,
P51700018689,VEDANT MILLENIA HAPPINESS PHASE II WING A,MOHAN HARDASMAL THARWANI,421605,Thane,,,,under_construction,2023-02-28,
P51700018725,PARTH LAKEFRONT,PARTH WORLD LLP,400605,Thane,,,,under_construction,2024-12-30,
P51700018999,TANSA CITY ONE PHASE 1 B,KAVYA BUILDCON PVT. LTD.,421301,Thane,,,,under_construction,2022-12-30,
P51700019112,GAJANAN SMRUTI,JAIDEEP CONSTRUCTION,421501,Thane,,,,under_construction,2019-12-25,
P51700019139,VASANT VIHAR,JAIDEEP CONSTRUCTION,421501,Thane,,,,under_construction,2019-12-25,
P51700018761,VARDHMAN GARDEN PHASE II,DIWALI CONSTRUCTION COMPANY,400608,Thane,,,,under_construction,2024-12-30,
P51700018987,RUCHA VATIKA TULIP C WING,MILAN HOUSING COMPLEX PVT. LTD.,421605,Thane,,,,under_construction,2021-12-30,
P51700022304,SHEETAL ARCADE,SHIVRAM CONSTRUCTION,421503,Thane,,,,under_construction,2022-04-30,
P51700018895,VIHANG APARTMENT,SWASTIK ENTERPRISES,421308,Thane,,,,under_construction,2022-12-30,
P51700018837,THE SIGNATURE,IMPRESSIONS BUILDCON,421201,Thane,,,,under_construction,2024-02-29,
P51700018847,SUDARSHAN GARDEN PHASE II,Sudarshan Nirman Co,421605,Thane,,,,under_construction,2026-12-31,
P51700018858,SEONA,RED BRICKS DEVELOPERS,421201,Thane,,,,under_construction,2024-03-31,
P51700018820,SHUBHAMKAROTI CHS,Dream Realtors,400602,Thane,,,,under_construction,2023-12-30,
P51700018832,SAFA COMPLEX,SAFA ENTERPRISES,400612,Thane,,,,under_construction,2025-12-30,
P51700019343,RAJ RESIDENCY,PARAGON BUILDCON,421603,Thane,,,,under_construction,2021-12-30,
P51700019412,AL-TAIBA,NAJEEB SULEMAN MULLA,400601,Thane,,,,under_construction,2023-12-30,
P51700019157,OMKAR RESIDENCY,PINNACLE LIFESPACES,421503,Thane,,,,under_construction,2022-06-30,
P51700019194,AMBAR VAASTU,BALAJI HOMES,421503,Thane,,,,under_construction,2023-03-30,
P51700020802,QUEENS BLISS,P S INFRASTRUCTURE,400706,Thane,,,,under_construction,2023-12-28,
P51700018944,SHIVANG PARADISE,SIDDHIVINAYAK ENTERPRISES,421605,Thane,,,,under_construction,2023-12-30,
P51700018929,Panvelkar Estate - Oxford - Phase 1,Panvelkar Infrastructures Private Limited,421503,Thane,,,,under_construction,2024-12-31,
P51700018966,MANOHAR SHREEJI NIRVANA PHASE 5,DEEPLAXMI DEVELOPERS,421503,Thane,,,,under_construction,2023-12-30,
P51700018904,SHREEJI NISARG PHASE 2,SHREEJI DEVELOPERS,421503,Thane,,,,under_construction,2023-12-30,
P51700018960,GALAXY RESIDENCY,CORNATION ASSOCIATES,400703,Thane,,,,under_construction,2023-08-23,
P51700019007,OM SAI SANKUL C,OM SAI UNITED,421605,Thane,,,,under_construction,2023-01-30,
P51700018917,AARTI PLAZA,ADITYA CONSTRUCTION,421601,Thane,,,,under_construction,2023-12-15,
P51700018991,Shree Ganesh Darshan,Mahesh Shankar Mate,400701,Thane,,,,under_construction,2024-12-30,
P51700019016,PALAVA AZZURRA A TO D,PALAVA DWELLERS PVT LTD,421201,Thane,,,,under_construction,2024-03-30,
P51700018963,PALAVA ALLURA C and D,PALAVA DWELLERS PVT LTD,421201,Thane,,,,under_construction,2024-03-30,
P51700019085,MY CITY- PHASE II -CLUSTER 05 - PART I,HORIZON PROJECTS PVT LTD,421201,Thane,,,,under_construction,2025-03-30,
P51700018969,Infinity Tower,Koperkhairane - The Address CO Operative Housing Society Limited,400706,Thane,,,,under_construction,2024-12-30,
P51700019187,White Rose,M/s Eeshan Enterprises,400604,Thane,,,,under_construction,2024-12-31,
P51700019003,FATIMA ENCLAVE- A & B,RAIS  QURESHI,400612,Thane,,,,under_construction,2024-12-29,
P51700019154,RIDDHI SIDDHI COMPLEX,KDV ENTERPRISE,400601,Thane,,,,under_construction,2024-12-30,
P51700018983,THE WHITE VILLAS KASARA PHASE 2,St. Angelo's VNCT Ventures Pvt. Ltd.,421602,Thane,,,,under_construction,2024-12-17,
P51700024089,Mohan Willows Commercial,MOHAN LIFESPACES LLP,421503,Thane,,,,under_construction,2022-03-30,
P51700019211,Regency Sarvam Phase 11,REGENCY NIRMAN LTD,421605,Thane,,,,under_construction,2022-05-30,
P51700019188,SHREE KRUPA RESIDENCY,SAI MAULI ENTERPRISES,421306,Thane,,,,under_construction,2024-12-25,
P51700019653,ORACLE BUSINESS HUB,EKTA DEVELOPERS,400604,Thane,,,,under_construction,2025-12-30,
P51700019092,AMEYA GARDEN PHASE-I,AMEYA ENTERPRISES,421306,Thane,,,,under_construction,2024-08-29,
P51700019097,OM SHAKTI,SHREE JASRAJ DEVELOPERS,421202,Thane,,,,under_construction,2022-02-28,
P51700019120,SAI VRINDAVAN,K T REALTY,400706,Thane,,,,under_construction,2023-10-05,
P51700019527,SIDDHIVINAYAK VILLAS,VIJAY VASDEV BATHIJA,421601,Thane,,,,under_construction,2024-12-30,
P51700019178,Birla Vanya - Phase 1,Century Textiles & Industries Ltd,421103,Thane,,,,under_construction,2025-06-30,
P51700019283,ISHWAR PARADISE,ISHWAR ENTERPRISES,421501,Thane,,,,under_construction,2019-12-31,
P51700019210,KRISHNA VILLA,Royal Builders & Developers,421203,Thane,,,,under_construction,2023-12-01,
P51700019121,UPPER THANE - TIARA D,MACROTECH DEVELOPERS LIMITED,421302,Thane,,,,under_construction,2024-03-30,
P51700019386,MAHAVEER RIVER VALLEY TOWER PHASE I,MAHAVEER INFRASTRUCTURE,421301,Thane,,,,under_construction,2026-03-30,
P51700019146,AND ROSE,ANANTNATH DEVELOPERS,400612,Thane,,,,under_construction,2024-06-30,
P51700019124,ANAND HOMES WING C,Shrinath Developers,421301,Thane,,,,under_construction,2022-05-30,
P51700019737,TULIP N1 N2 N3 O1,ROYALE URBANSPACE,421601,Thane,,,,under_construction,2025-12-30,
P51700019245,SIDDHIVINAYAK SAPPHIRE,Shrikant Dhondu Hindalkar,410206,Thane,,,,under_construction,2022-12-30,
P51700019181,Tesla - Building No.2,Raheja Universal (Pvt.) Ltd.,400705,Thane,,,,under_construction,2025-12-30,
P51700019159,PANVELKAR DAFFODIL,AMEYA DEVELOPERS,421501,Thane,,,,under_construction,2019-04-30,
P51700019266,RAYANSH BLOSSOM,VEENA DEVELOPERS,400605,Thane,,,,under_construction,2022-06-30,
P51700019155,KANTAI HEIGHTS,ANANNYA BUILDERS,421201,Thane,,,,under_construction,2022-12-31,
P51700019272,KESARI PARK,VIJAYA CONSTRUCTION,421601,Thane,,,,under_construction,2025-01-15,
P51700019510,Krishna Vihar Co-operative Housing Society Limited,BAL GANAPATI LAABH DEVELOPERS,400602,Thane,,,,under_construction,2021-12-30,
P51700019222,The Domus,ARAMUS REALTY LLP,400706,Thane,,,,under_construction,2024-12-30,
P51700019163,TRANQUIL PARADISE,MIRZA HOMES PRIVATE LIMITED,400701,Thane,,,,under_construction,2022-03-30,
P51700019164,SHREE SAI PARADISE,SHREE JARI MARI BUILDERS AND DEVELOPERS,421502,Thane,,,,under_construction,2022-12-30,
P51700020645,Indrayani,M/s Vedant Chetana Enterprises NX,400605,Thane,,,,under_construction,2023-12-30,
P51700019400,CHESTERTON,ROMA BUILDERS PRIVATE LIMITED,400607,Thane,,,,under_construction,2023-03-30,
P51700019923,EAGLERIDGE WING A,ROMA BUILDERS PRIVATE LIMITED,400607,Thane,,,,under_construction,2025-07-30,
P51700019480,YOGI RESIDENCY,GURUKRUPA CONSTRUCTION,421302,Thane,,,,under_construction,2023-03-30,
P51700019265,TEN X HABITAT Raymond Realty | Tower A & B,Raymond Limited,400606,Thane,,,,under_construction,2025-03-30,
P51700019351,N C ASSOCIATES,N C ASSOCIATES,421202,Thane,,,,under_construction,2021-12-30,
P51700019841,SHIVSHAKTI MANOHAR RESIDENCY,SHIVSHAKTI DEVELOPERS,421503,Thane,,,,under_construction,2026-12-30,
P51700019646,SHAKTI AURA,SHAKTI DEVELOPERS,400701,Thane,,,,under_construction,2023-06-30,
P51700019556,ATLANTIC INFINITY,ATLANTIC,400705,Thane,,,,under_construction,2024-12-30,
P51700019784,Sai Heights,OM SHARDARAM ENTERPRISES,421501,Thane,,,,under_construction,2022-09-30,
P51700019303,SHUBH VASTU,SHUBH HOMES,421503,Thane,,,,under_construction,2022-12-30,
P51700021861,REGAL SQUARE PHASE III BLDG NO 7,SQUAREFEET INFRASTRUCTURE LLP,421302,Thane,,,,under_construction,2024-03-30,
P51700019326,Swaminarayan City Phase 1A,Swaminarayan Life Space LLP,421202,Thane,,,,under_construction,2029-12-30,
P51700019429,PANVELKAR PRESTIGE PHASE 2,ESHAN DEVELOPERS,421503,Thane,,,,under_construction,2023-05-30,
P51700019360,AVIGHNA KARAN WING B,AVIGHNA KARAN,421306,Thane,,,,under_construction,2023-03-30,
P51700020400,Flower Valley,Shree Sai Vastu Hills,421605,Thane,,,,under_construction,2022-06-30,
P51700019505,Iris Shopping,HIRANANDANI PROPERTIES PRIVATE LIMITED,400610,Thane,,,,under_construction,2024-03-29,
P51700019332,MORIVALI AMBERNATH BRONDESBURY CO-OP HSG. SOCIETY LIMITED.,MORIVALI AMBERNATH BRONDESBUSRY CO-OP HSG.SOCIETYLIMITED,421501,Thane,,,,under_construction,2022-03-30,
P51700019597,CHINTAMANI PLAZA,JASHNANI CONSTRUCTION PRIVATE LIMITED,421601,Thane,,,,under_construction,2024-12-30,
P51700019647,ARHAM RESIDENCY,SIDDHIVINAYAK ENTERPRISES,421503,Thane,,,,under_construction,2023-12-30,
P51700019533,Akshar Business Park - Phase II,Akshar Developers,400703,Thane,,,,under_construction,2019-01-31,
P51700019589,PRECIOUS HERITAGE,NEEL CONSTRUCTION,421503,Thane,,,,under_construction,2022-12-30,
P51700019466,AMRUT TOWERS,SAI SHRADHA DEVELOPERS,421503,Thane,,,,under_construction,2025-01-30,
P51700019456,BALAJI EXOTICA,VARSHA INFRASTRUCTURE,400709,Thane,,,,under_construction,2024-12-30,
P51700019906,PRISM PARK,SATGURU ENTERPRISES,421003,Thane,,,,under_construction,2025-12-30,
P51700019714,SHIV PRIYA APARTMENT,SHREENEEL BUILDER,421503,Thane,,,,under_construction,2025-12-30,
P51700019674,DREAM HOME,UNITY BUILDERS AND DEVELOPERS,421203,Thane,,,,under_construction,2025-12-30,
P51700019519,Lodha Majiwada - Tower 5,MACROTECH DEVELOPERS LIMITED,400601,Thane,,,,under_construction,2022-11-28,
P51700019651,OM RESIDENCY,PGN BUILDERS AND DEVELOPERS,421306,Thane,,,,under_construction,2026-03-30,
P51700019942,Chirag Infotech,Aarsh Construction,400604,Thane,,,,under_construction,2022-05-16,
P51700020301,SHREE SADGURU SADAN,PRASHANT KASHINATH DONGRE,400703,Thane,,,,under_construction,2022-03-30,
P51700019656,RAGHU NANDAN SANKUL,JAI MATA DI BUILDERS & DEVELOPERS,421601,Thane,,,,under_construction,2023-12-30,
P51700019521,SAI DARSHAN,SHREE SAI ENTERPRISES,421503,Thane,,,,under_construction,2022-12-30,
P51700019572,PUSHPAK CHS,Dream Realtors,400602,Thane,,,,under_construction,2023-12-30,
P51700019847,CELOSIA AVENUE,PRATIMA CONSTRUCTION,400203,Thane,,,,under_construction,2025-09-30,
P51700020275,L AND T SEAWOODS RESIDENCES PHASE I,L&T SEAWOODS LIMITED,400706,Thane,,,,under_construction,2024-12-30,
P51700019697,BALARAM RESIDENCY,TULSI REALTY,421301,Thane,,,,under_construction,2022-03-30,
P51700019554,IMPERIAL TOWER A1,UNIQUE BUILDCORN BUILDERS & DEVELOPERS,400612,Thane,,,,under_construction,2024-12-30,
P51700019689,UMA COMPLEX - BLDG 3,SHREE RAJ DEVELOPERS,421203,Thane,,,,under_construction,2024-03-30,
P51700019657,OM AAGMAN,OMCON AADHAR INFRA PROJECTS,400702,Thane,,,,under_construction,2023-12-30,
P51700019517,OMKAR SHIVTHIRTHA,SHREE SADGURU CONSTRUCTION,421503,Thane,,,,under_construction,2019-12-31,
P51700019548,Devdatta Co-op. Hsg. Soc. Ltd.,Shree Swami Krupa Builders and Developers,400602,Thane,,,,under_construction,2023-12-30,
P51700019814,YASHANAND CHSL OJASS CONSTRUCTIONS,OJASS CONSTRUCTIONS,400601,Thane,,,,under_construction,2022-03-30,
P51700019939,SADGURU HARMONY PH-2 WING B,SADGURU ASSOCIATE,421503,Thane,,,,under_construction,2023-12-30,
P51700019571,IMPERIAL TOWER A2,UNIQUE BUILDCORN BUILDERS & DEVELOPERS,400612,Thane,,,,under_construction,2023-12-30,
P51700019573,DIVINE HEIGHTS,PATIL DEVELOPERS,400612,Thane,,,,under_construction,2024-12-30,
P51700019672,AURA APARTMENT,RIEL INFRASTRUCTURE PVT LTD,421601,Thane,,,,under_construction,2022-12-30,
P51700020065,AMBER TARA,AMBERCORPORATION,421201,Thane,,,,under_construction,2025-12-30,
P51700019766,LAXMI GALAXY,LAXMI BUILDCON BUILDERS & DEVELOPERS,400612,Thane,,,,under_construction,2023-12-30,
P51700019641,Shankar Heights Galaxy Wing,Laxmi Kamal Associates,421501,Thane,,,,under_construction,2019-12-31,
P51700019818,Milestone,Pacific Creations,421201,Thane,,,,under_construction,2022-03-30,
P51700019634,AMAR GALAXY PHASE - I,AMAR REALTY,421202,Thane,,,,under_construction,2024-02-29,
P51700019699,CHARMS CITY,Charms Developers,421605,Thane,,,,under_construction,2023-07-31,
P51700019695,SILICON TOWER,SHREE RADHAKRISHNA DEVELOPER,421503,Thane,,,,under_construction,2022-02-21,
P51700020529,PAVANPUTRA APARTMENTS,PAVANPUTRA APARTMENTS,421302,Thane,,,,under_construction,2024-03-30,
P51700020212,BALKRUSHNA ARCADE,SHIVAJI PARSHURAM KATHORE,421503,Thane,,,,under_construction,2022-06-30,
P51700019826,VIRAT OZONE,DEIV ENTERPRISES,421201,Thane,,,,under_construction,2021-12-30,
P51700019748,Dharmavihar C Wing,MKY Infrastructure,421302,Thane,,,,under_construction,2025-12-30,
P51700019809,Orchid M N O,Palava Dwellers Pvt Ltd,421204,Thane,,,,under_construction,2020-12-30,
P51700019813,THE CLASSIQUE,DREAMZ DEVELOPERS,421201,Thane,,,,under_construction,2023-12-30,
P51700019929,Royal Empire,SAI POOJA CONSTRUCTIONS,421503,Thane,,,,under_construction,2024-12-30,
P51700019993,PRAMILA HEIGHTS,PRIME DEVELOPERS,400601,Thane,,,,under_construction,2023-12-10,
P51700020058,HARI SHRUSHTI,SHIV SHAKTI DEVELOPERS,421503,Thane,,,,under_construction,2022-12-30,
P51700019868,Kohinoor Majestic,Sonu Anilkumar Hotchandani,421301,Thane,,,,under_construction,2023-12-30,
P51700020000,MAHALAXMI ASHISH D WING,SWASTIK ENTERPRISES,421201,Thane,,,,under_construction,2023-12-30,
P51700019864,Orion - Northern Lights,Jaykali Developers Private Limited,400610,Thane,,,,under_construction,2025-03-30,
P51700020424,DIVYA RESIDENCY,GURUKRUPA CONSTRUCTION,421302,Thane,,,,under_construction,2024-03-30,
P51700019865,Omega - Northern Lights,Jaykali Developers Private Limited,400610,Thane,,,,under_construction,2025-03-30,
P51700030130,Deep Royal Residency,M/s. Deepali Infracon LLP,421503,Thane,,,,under_construction,2023-12-31,
P51700019996,GURUPRABHA SANKUL,VINAY  KOLI,421311,Thane,,,,under_construction,2023-12-31,
P51700020366,Deep Homes,PAREKH INFRAPROJECTS,421503,Thane,,,,under_construction,2024-06-29,
P51700020008,jewel palms phase 1,Jewel Builders and Infraprojects Ltd,421503,Thane,,,,under_construction,2023-12-29,
P51700019911,OM SAI HOME,M/S. INFINI DEVELOPERS,421302,Thane,,,,under_construction,2024-06-30,
P51700020032,PODDAR WONDERCITY PHASE - I,Poddar Housing and Development Limited,421503,Thane,,,,under_construction,2023-09-30,
P51700020164,Lodha Amara -Tower 42 and 43,MACROTECH DEVELOPERS LIMITED,400607,Thane,,,,under_construction,2027-12-31,
P51700020449,SAI ICON,SAI SHRADDHA DEVELOPERS,421102,Thane,,,,under_construction,2023-12-30,
P51700020155,PALAVA SERENITY A,Palava Dwellers Private Limited,421204,Thane,,,,under_construction,2025-11-28,
P51700020159,Palava Serenity C,Palava Dwellers Private Limited,421204,Thane,,,,under_construction,2025-03-30,
P51700020253,PALAVA SERENITY B,Palava Dwellers Private Limited,421204,Thane,,,,under_construction,2025-07-31,
P51700020162,DOSTI PLANET NORTH - PHASE 3 -DOSTI ONYX,CHALAMA INFRAPROPERTIES PRIVATE LIMITED,400612,Thane,,,,under_construction,2024-06-30,
P51700020151,Lodha Amara Tower 47 and 48,MACROTECH DEVELOPERS LIMITED,400607,Thane,,,,under_construction,2029-06-30,
P51700020131,Palava Magnolia,Palava Dwellers Private Limited,421204,Thane,,,,under_construction,2026-05-30,
P51700020214,PALAVA OLIVIA A,Palava Dwellers Private Limited,421204,Thane,,,,under_construction,2025-11-28,
P51700020267,Palava Verde A - E,PALAVA DWELLERS PVT LTD,421204,Thane,,,,under_construction,2025-05-30,
P51700020150,Palava Verdana A to D,PALAVA DWELLERS PVT LTD,421204,Thane,,,,under_construction,2025-11-28,
P51700020165,Palava Fresca E to H,PALAVA DWELLERS PVT LTD,421204,Thane,,,,under_construction,2026-05-30,
P51700020139,Palava Fresca I to L,PALAVA DWELLERS PVT LTD,421204,Thane,,,,under_construction,2025-11-28,
P51700020160,Palava Fresca A and B,PALAVA DWELLERS PVT LTD,421204,Thane,,,,under_construction,2026-05-30,
P51700020166,Palava Fresca C and D,PALAVA DWELLERS PVT LTD,421204,Thane,,,,under_construction,2026-05-30,
P51700020240,RAUNAK CITY SECTOR IV - D5,RAUNAK CORPORATION,421301,Thane,,,,under_construction,2026-06-30,
P51700020123,Lodha Amara Tower 44,MACROTECH DEVELOPERS LIMITED,400607,Thane,,,,under_construction,2028-06-30,
P51700020191,UPPER THANE -SERENO A1,MACROTECH DEVELOPERS LIMITED,421302,Thane,,,,under_construction,2024-07-31,
P51700020261,RAUNAK CITY SECTOR IV - D6,RAUNAK CORPORATION,421301,Thane,,,,under_construction,2027-12-30,
P51700020154,Upper Thane - Tiara H,MACROTECH DEVELOPERS LIMITED,421302,Thane,,,,under_construction,2025-11-28,
P51700020141,"Upper Thane - Tiara E, F",MACROTECH DEVELOPERS LIMITED,421302,Thane,,,,under_construction,2025-06-30,
P51700020104,"UPPER THANE - WOODLANDS A, B AND J",MACROTECH DEVELOPERS LIMITED,421302,Thane,,,,under_construction,2025-10-29,
P51700020158,Lodha Sterling - Tower G,MACROTECH DEVELOPERS LIMITED,400607,Thane,,,,under_construction,2025-09-30,
P51700020225,UPPER THANE - WOODLANDS C AND D,MACROTECH DEVELOPERS LIMITED,421302,Thane,,,,under_construction,2025-06-30,
P51700020170,"Upper Thane - Meadows E, F, G",MACROTECH DEVELOPERS LIMITED,421302,Thane,,,,under_construction,2025-10-30,
P51700020241,RAUNAK CITY SECTOR IV - D7,RAUNAK CORPORATION,421301,Thane,,,,under_construction,2026-06-30,
P51700020217,"Upper Thane - Sereno A1, C & C1",MACROTECH DEVELOPERS LIMITED,421302,Thane,,,,under_construction,2026-05-30,
P51700020182,RAUNAK CITY SECTOR IV - D8,RAUNAK CORPORATION,421301,Thane,,,,under_construction,2025-12-30,
P51700020157,Lodha Amara Tower 49 and 50,MACROTECH DEVELOPERS LIMITED,400607,Thane,,,,under_construction,2028-12-31,
P51700020266,Upper Thane - Meadows A,MACROTECH DEVELOPERS LIMITED,421302,Thane,,,,under_construction,2025-09-30,
P51700020215,ASMEETA TEXPA - II,MAGUS INFRATECH PRIVATE LIMITED,421311,Thane,,,,under_construction,2030-12-30,
P51700020494,PAWAN,RAJAI DEVELOPERS,421503,Thane,,,,under_construction,2022-03-23,
P51700020161,PALAVA AURELIA A,Palava Dwellers Private Limited,421204,Thane,,,,under_construction,2024-08-29,
P51700020189,Lodha Sterling - Tower H,MACROTECH DEVELOPERS LIMITED,400607,Thane,,,,under_construction,2024-05-30,
P51700020436,MOTI MAHAL,MAJESTIC CONSTRUCTION,421302,Thane,,,,under_construction,2022-06-30,
P51700020268,Casa Selva A to C,MACROTECH DEVELOPERS LIMITED,421202,Thane,,,,under_construction,2025-03-31,
P51700020291,Maneesha,PADMANABH DEVELOPERS,400602,Thane,,,,under_construction,2022-05-30,
P51700020197,Magnolia A B and C,MACROTECH DEVELOPERS LIMITED,421302,Thane,,,,under_construction,2024-11-27,
P51700020413,BLUEBELLS,NOORI GROUP OF COMPANIES,400612,Thane,,,,under_construction,2023-04-10,
P51700020381,"Jasmine A, B, C, G, H and I",Palava Dwellers Pvt Ltd,421204,Thane,,,,under_construction,2023-03-30,
P51700020354,"Jasmine D, E and F",Palava Dwellers Pvt Ltd,421204,Thane,,,,under_construction,2023-03-30,
P51700021145,Sunrise Parkview Phase I,Sukham Corporation Proprietor Sunrise Lifespaces LLP,421201,Thane,,,,under_construction,2025-12-30,
P51700020667,Trinity Paradise Phase 1,Trinity Builders,400612,Thane,,,,under_construction,2025-03-30,
P51700020186,Regency Anantam Phase II,REGENCY NIRMAN LTD,421306,Thane,,,,under_construction,2022-08-28,
P51700020256,TEN X HABITAT Raymond Realty Tower C,Raymond Limited,400606,Thane,,,,under_construction,2025-03-30,
P51700020194,Regency Anantam Phase III,REGENCY NIRMAN LTD,421306,Thane,,,,under_construction,2024-03-30,
P51700019999,GIRIRAJ JEWEL,GRANDEUR DEVELOPERS LLP,400601,Thane,,,,under_construction,2023-12-30,
P51700020078,RUNWAL DREAMS,VIJAY GURUNATH PATIL,421302,Thane,,,,under_construction,2023-03-30,
P51700020028,PODDAR WONDERCITY PHASE - II,Poddar Housing and Development Limited,421503,Thane,,,,under_construction,2024-12-30,
P51700020038,PODDAR WONDERCITY PHASE - III,Poddar Housing and Development Limited,421503,Thane,,,,under_construction,2024-09-30,
P51700020041,PODDAR WONDERCITY PHASE - IV,Poddar Housing and Development Limited,421503,Thane,,,,under_construction,2023-07-31,
P51700020067,PODDAR WONDERCITY PHASE - V,Poddar Housing and Development Limited,421503,Thane,,,,under_construction,2024-06-30,
P51700020027,PODDAR WONDERCITY PHASE - VI,Poddar Housing and Development Limited,421503,Thane,,,,under_construction,2024-06-30,
P51700019980,ZEENAT RESIDENCY,AL ARAAF INFRA PRIVATE LIMITED,421302,Thane,,,,under_construction,2022-06-30,
P51700021259,MANORAMA NAGAR,ARC ASSOCIATES,421503,Thane,,,,under_construction,2022-03-30,
P51700019920,SAMAYEE,M S BUILDCON,421503,Thane,,,,under_construction,2022-05-30,
P51700020014,SAI KUTIR,K T REALTY,400709,Thane,,,,under_construction,2023-09-18,
P51700020772,38 BUTTERCUP,GUL GIANCHAND VATIANI,421605,Thane,,,,under_construction,2022-10-30,
P51700020076,CENTRAL HEIGHTS,KDC ENTERPRISES,400612,Thane,,,,under_construction,2025-04-01,
P51700020319,VIJUSHREE ELITE,MANOJ SHREEPAT GAIKWAD,421306,Thane,,,,under_construction,2024-03-29,
P51700020888,SHIVOM GALAXY,SHIVOM ENTERPRISES,421306,Thane,,,,under_construction,2023-12-31,
P51700020108,PRATIK GREENS - 1,SHIRVAWALA ESTATE DEVELOPERS LLP,421204,Thane,,,,under_construction,2025-03-30,
P51700020478,AKSHAR EVANNA,M/S AKSHAR OM CONSTRUCTION,400702,Thane,,,,under_construction,2024-02-28,
P51700019973,Panvelkar Homes - Phase II,OM SAI CONSTRUCTIONS,421501,Thane,,,,under_construction,2023-12-30,
P51700019995,SKY AVENUE WING - A AND B,SEVENHILL GROUP,421503,Thane,,,,under_construction,2024-09-30,
P51700020263,RAJ HEIGHT A WING,Bhavani Enterprises,421503,Thane,,,,under_construction,2019-12-31,
P51700020153,Nav Shramdham,Pafilia Realtors LLP,400602,Thane,,,,under_construction,2023-03-30,
P51700020286,KARNIKA GALAXY,PATIL DEVELOPERS,400612,Thane,,,,under_construction,2023-12-30,
P51700020561,Kailash Homes,Shree Laxmi Enterprises,421301,Thane,,,,under_construction,2024-05-21,
P51700019987,THE HERITAGE,KRICON GROUP,410206,Thane,,,,under_construction,2021-02-28,
P51700020481,Rassaz Green Tower B and B1,RASSAZ INFRASTRUCTURE PRIVATE LIMITED,400107,Thane,,,,under_construction,2026-12-30,
P51700021381,SWASTIK RIVERVIEW,M/S LUCKY HOMES,421601,Thane,,,,under_construction,2023-12-31,
P51700020080,SAI GALAXY,SANCHI CONSTRUCTION,421306,Thane,,,,under_construction,2023-03-30,
P51700020044,GOLDEN CORNER,A PLUS CREATION,421503,Thane,,,,under_construction,2023-12-30,
P51700020130,Vishnu Vatika Wing C Phase II,VISHNU VATIKA,421503,Thane,,,,under_construction,2024-05-29,
P51700020312,GAJANAN SAMRUDDHI PHASE II C WING,SHREE GAJANAN DEVELOPERS,421306,Thane,,,,under_construction,2024-12-29,
P51700020221,PATEL HILLS,PRIDE INFRASTRUCTURE,421501,Thane,,,,under_construction,2024-03-29,
P51700020575,KRUPA SINDHU,Ashish Waman Gole,421503,Thane,,,,under_construction,2021-11-28,
P51700020173,PATELS SIGNATURE TYPE B,SERENE INFRATECH CO,421501,Thane,,,,under_construction,2023-03-30,
P51700020093,LODHA AMARA - TOWER 23,MACROTECH DEVELOPERS LIMITED,400607,Thane,,,,under_construction,2023-12-29,
P51700021297,Datta Prasad,Anantnath Enterprises,400602,Thane,,,,under_construction,2023-03-30,
P51700020098,BHALCHANDRA HEIGHTS,ARCJ REALTY LLP,400606,Thane,,,,under_construction,2023-12-30,
P51700020201,Sector 5 - Wing A,Agile Real Estate Pvt. Ltd.,400607,Thane,,,,under_construction,2027-12-30,
P51700020237,Sector 5 - Wing B,Agile Real Estate Pvt. Ltd.,400607,Thane,,,,under_construction,2027-12-30,
P51700020196,Sector 5 - Wing C,Agile Real Estate Pvt. Ltd.,400607,Thane,,,,under_construction,2027-12-30,
P51700020175,Sector 5 - Wing G and H,Agile Real Estate Pvt. Ltd.,400607,Thane,,,,under_construction,2027-12-30,
P51700020264,Sector 5 - Wing J and K,Agile Real Estate Pvt. Ltd.,400607,Thane,,,,under_construction,2027-12-30,
P51700020382,SAI FLORA,SAI RAJ DEVELOPERS,421102,Thane,,,,under_construction,2023-12-30,
P51700020124,PALAVA SERENITY D,Palava Dwellers Private Limited,421204,Thane,,,,under_construction,2024-04-30,
P51700020088,Lodha Amara - Wing 40 and 41,MACROTECH DEVELOPERS LIMITED,400607,Thane,,,,under_construction,2025-11-28,
P51700020128,Lodha Amara Tower 24 and 25,MACROTECH DEVELOPERS LIMITED,400607,Thane,,,,under_construction,2028-03-31,
P51700020333,MUKTA GHARONDA,SKYLARK INFRASTRUCTURES,400612,Thane,,,,under_construction,2024-12-30,
P51700020227,TYCOONS ORBIS,M/s. Tycoons Developers,421301,Thane,,,,under_construction,2026-12-31,
P51700020305,Oyster - Shapoorji Pallonji Northern Lights,Jaykali Developers Private Limited,400610,Thane,,,,under_construction,2025-09-30,
P51700020414,ASHAPURA GAURI TOWER,SANJAYKUMAR MAKANJI KOTAK THAKKAR,421201,Thane,,,,under_construction,2022-12-30,
P51700020310,Mohan Nano Estates IIIB,MOHAN LIFESPACES LLP,421501,Thane,,,,under_construction,2021-12-30,
P51700020293,Ashtavinayak Developers - AAI Ashapura Tower,SANJAYKUMAR MAKANJI KOTAK THAKKAR,421202,Thane,,,,under_construction,2022-12-30,
P51700020448,J K KASTURI,J.K.INFRA,421501,Thane,,,,under_construction,2024-12-30,
P51700020429,MASTER BUILDCON,MASTER BUILDCON,421501,Thane,,,,under_construction,2022-03-30,
P51700020338,GLOBE BUSINESS SQUARE,GLOBE REALTY,421203,Thane,,,,under_construction,2026-04-30,
P51700020405,Pratik Sahaniwas,M/s Ekdant Housing,400602,Thane,,,,under_construction,2022-11-28,
P51700020373,Jasmine T,Palava Dwellers Pvt Ltd,421204,Thane,,,,under_construction,2023-03-30,
P51700020637,MAULI MADHUSUDHAN,RAMESHWAR YASHWANT PATIL,421605,Thane,,,,under_construction,2023-03-30,
P51700020600,SHREE SAI POOJA APARTMENT,OM SAI REALTY,421503,Thane,,,,under_construction,2019-09-30,
P51700020430,SAI TIRTH PHASE I,PINNACLE CORPORATION,421503,Thane,,,,under_construction,2023-12-30,
P51700020451,SAI PURAB,WESTERN ARCH DEVELOPERS,421301,Thane,,,,under_construction,2023-09-30,
P51700020374,TRISHUL GOLDEN VEDA,A PLUS LIFE SPACE,421503,Thane,,,,under_construction,2023-08-31,
P51700021026,SATYAM ORCHID,GIRIJA INFRASTRUCTURE,400701,Thane,,,,under_construction,2021-12-30,
P51700021504,SAI SARASWATI APARTMENT,SAI SHRADDHA CONSTRUCTIONS,421503,Thane,,,,under_construction,2023-03-30,
P51700020522,LOTUS PARK,REAL ENTERPRISE,421601,Thane,,,,under_construction,2022-12-30,
P51700020644,SEASONS SAHARA,SAMARTH SAI BUILDERS & DEVELOPERS,421306,Thane,,,,under_construction,2023-12-30,
P51700020586,YASHOGHAR CHS,Bhalchandra  Wadnerkar,421201,Thane,,,,under_construction,2021-12-30,
P51700020525,Dashmesh Crystal,Dashmesh Infrastructure,421503,Thane,,,,under_construction,2023-12-30,
P51700023481,IMPERIAL GREENS,SHREE DHANLAXMI PROPERTIES AND DEVELOPERS,421202,Thane,,,,under_construction,2025-04-30,
P51700020508,MANNAT,WELKIN DEVELOPERS,400701,Thane,,,,under_construction,2025-04-10,
P51700020467,GREEN VALLEY PHASE I,GREEN DEVELOPERS,400612,Thane,,,,under_construction,2025-04-01,
P51700020599,REGENCY PARK III BUILDING NO 2,JOHAR HASAN ZOJWALLA,421306,Thane,,,,under_construction,2024-04-30,
P51700020559,RAVIRAJ APARTMENT,RAJENDRA  GHORPADE,421503,Thane,,,,under_construction,2023-06-30,
P51700020548,LANDSCAPE HERITAGE BUILDING NO 2,LANDSCAPE INFRASTRUCTURE,421501,Thane,,,,under_construction,2023-06-30,
P51700020587,VISHWAJEET PRECIOUS PHASE I,ABHIJEET PRIDE,421301,Thane,,,,under_construction,2025-03-02,
P51700020758,PRAKRUTI SPARSH,AVISHKAR BUILDCON,421501,Thane,,,,under_construction,2022-12-30,
P51700020581,ARVIND GALAXY,SANCHIT ENTERPRISES,400602,Thane,,,,under_construction,2023-12-30,
P51700023570,VRINDAVAN ANANTAM,M/S SAI PROPERTIES,421503,Thane,,,,under_construction,2022-06-30,
P51700020576,INDRAPRASTHA CO-OPERATIVE HOUSING SOCIETY LIMITED,AGILE ENTERPRISES,400602,Thane,,,,under_construction,2023-12-30,
P51700020614,Anuradha,Aboli Estates,421201,Thane,,,,under_construction,2024-12-30,
P51700020673,LAXMI NARAYAN,GAVDEVI INFRA,421503,Thane,,,,under_construction,2024-12-30,
P51700020958,SHREE NANDAN PARK B WING,LAXMI CONSTRUCTION,421605,Thane,,,,under_construction,2024-12-31,
P51700020807,PARISPARSHS 23 AVENUE,PARISPARSH,421201,Thane,,,,under_construction,2026-03-30,
P51700021065,SHIV AMRUT,SHIVA AMRUT ENTERPRISES,400612,Thane,,,,under_construction,2021-12-30,
P51700020874,KRISHNA GALAXY,KRISHNA BUILDERS & DEVELOPERS,421301,Thane,,,,under_construction,2024-06-29,
P51700020677,RATTAN AVENUE,RATTAN PROPERTIES AND PROJECTS PRIVATED LIMITED,421503,Thane,,,,under_construction,2020-09-30,
P51700020767,SATYAM HARMONY,ARHAM DEVELOPERS,400709,Thane,,,,under_construction,2023-10-10,
P51700020706,SAI HERITAGE,MITRA HOMES,421503,Thane,,,,under_construction,2023-03-30,
P51700020680,NAVARE PLAZA,OM DEVELOPERS,421301,Thane,,,,under_construction,2023-08-28,
P51700020715,SHREE GIRIJATMAK CO OP HOU SOC LTD,SHREE SARASWATI DEVELOPERS,421503,Thane,,,,under_construction,2021-12-30,
P51700020725,"GURU ATMAN A,B ,H",GURU ASHISH CORPORATION,421301,Thane,,,,under_construction,2023-12-30,
P51700028429,ARIHANT CITY PHASE-II - K BUILDING,ARIHANT ENTERPRISES,421302,Thane,,,,under_construction,2026-06-30,
P51700020741,No. O 58,T Bhimjyani Realty Pvt.Ltd.,400610,Thane,,,,under_construction,2023-12-30,
P51700020756,METRO AANGAN PHASE - I,METRO CREATORS,421503,Thane,,,,under_construction,2028-12-30,
P51700021165,YASHREE,LGS DEVELOPERS,400607,Thane,,,,under_construction,2024-03-29,
P51700020827,SHASHIKALA ENCLAVE,SHREE RAMJI DEVELOPERS,421306,Thane,,,,under_construction,2024-03-30,
P51700020811,VEDANT KALASH,SHIVALIK DEVELOPERS,421503,Thane,,,,under_construction,2022-03-30,
P51700020907,NM HEIGHTS,N.M.Enterprises,400706,Thane,,,,under_construction,2023-12-30,
P51700020810,ONE AKSHAR,AKSHAR REALTORS,400705,Thane,,,,under_construction,2026-12-30,
P51700020733,TIARA,Sagar Enterprise,400607,Thane,,,,under_construction,2025-03-30,
P51700020837,DEV DRASHTI EMPIRE PHASE 1,SHRI HARI REALTY,421302,Thane,,,,under_construction,2024-04-30,
P51700021160,HIGHLAND SPRINGS B4 D WING,SIDDHI REAL ESTATE DEVELOPERS,400608,Thane,,,,under_construction,2026-12-30,
P51700020763,BHUMIRAJ HILLS,BHUMIRAJ BUILDERS PRIVATE LIMITED,400614,Thane,,,,under_construction,2025-03-30,
P51700020918,VASTU VATIKA,SHREEJI ENTERPRISES,421503,Thane,,,,under_construction,2025-03-29,
P51700028441,ARIHANT CITY PHASE-II - L BUILDING,ARIHANT ENTERPRISES,421302,Thane,,,,under_construction,2026-06-30,
P51700028430,ARIHANT CITY PHASE-II - M BUILDING,ARIHANT ENTERPRISES,421302,Thane,,,,under_construction,2026-06-30,
P51700027862,ARIHANT CITY PHASE-II - N BUILDING,ARIHANT ENTERPRISES,421302,Thane,,,,under_construction,2026-06-30,
P51700020846,JAGJEET ENCLAVE,JAGJEET SHRUSTI REALTORS,400612,Thane,,,,under_construction,2024-05-04,
P51700021030,SAI LAKE ATULYAM,Matoshree Construction,421301,Thane,,,,under_construction,2025-12-30,
P51700020863,315 Avenue,M/S PUSHPAK DEVELOPERS,400602,Thane,,,,under_construction,2025-12-30,
P51700020869,Mahalaxmi Heights Phase 2,Mahalaxmi Builders & Developers,421201,Thane,,,,under_construction,2025-06-30,
P51700022768,PARSHVA RESIDENCY WING D,PARSHVA REALTORS,421503,Thane,,,,under_construction,2022-03-30,
P51700020829,Shreeram Residency,Raghunath Kedari Phadtare,415506,Thane,,,,under_construction,2025-12-30,
P51700022599,No. M - 67,T Bhimjyani Realty Pvt.Ltd.,400610,Thane,,,,under_construction,2021-11-28,
P51700021015,NANA PATIL RESIDENCY,QUALITY BUILDERS & DEVELOPERS,421501,Thane,,,,under_construction,2021-01-31,
P51700020942,THE HEAVENS PALACE,GAYASUDDIN RIYAZUDDIN KHAN,421204,Thane,,,,under_construction,2025-06-30,
P51700020844,SHREE NEEL,RAJAI DEVELOPERS,421503,Thane,,,,under_construction,2021-12-30,
P51700022100,HERITAGE,SHREE SAI DEVELOPERS,421202,Thane,,,,under_construction,2024-05-30,
P51700020890,Virat Mansion,Neelyog Developers,421201,Thane,,,,under_construction,2022-12-30,
P51700020881,TEN X HABITAT Raymond Realty Tower D,Raymond Limited,400606,Thane,,,,under_construction,2025-09-30,
P51700021033,Rangrekha Heights,Neelpadma Associates,421201,Thane,,,,under_construction,2022-12-30,
P51700020951,BHAIRAAV MILESTONE PHASE II,Sharpmind Consultancy Services Private Limited,400604,Thane,,,,under_construction,2024-12-30,
P51700020876,VILLA SMARAN,OM VILLA BUILDTECH LLP,400614,Thane,,,,under_construction,2024-03-30,
P51700020950,DIVINE IMPERIAL,Arpit Sushil Agarwal,410206,Thane,,,,under_construction,2021-12-30,
P51700020946,VRINDAVAN,SHIVRAJ DEVELOPERS,421203,Thane,,,,under_construction,2024-07-31,
P51700020930,SANKALP RESIDENCY BUILDING NO A-1,VIGHANHARTHA ENTERPRISES,400612,Thane,,,,under_construction,2023-03-30,
P51700021050,SHUBH,TUSHIRAJ REALTECH PRIVATE LIMITED,421301,Thane,,,,under_construction,2023-12-31,
P51700021074,SAI ENCLAVE,VIGHNAHARTA DEVELOPERS,421501,Thane,,,,under_construction,2024-12-29,
P51700021362,SAGAR HOMES,M/S SAGAR DEVELOPERS,421302,Thane,,,,under_construction,2024-12-29,
P51700020976,SHIVNATH HABITAT,SHIVNATH DEVELOPER,421204,Thane,,,,under_construction,2024-05-30,
P51700021011,Shiv Aangan Residency,DHANANJAY DEVELOPERS,421503,Thane,,,,under_construction,2025-03-30,
P51700021092,Anusaya CHS,Ganesh Chandrakant Malvankar,400603,Thane,,,,under_construction,2023-07-31,
P51700021189,MARATHON NEXTOWN RUBY,MARATHON ENER-GEN,421201,Thane,,,,under_construction,2026-12-31,
P51700021003,OM DARSHAN HEIGHTS,PRAGATI CONSTRUCTIONS,421306,Thane,,,,under_construction,2023-10-22,
P51700021310,NAV ANURADHA DARSHAN CHS LTD,AMEYA ENTERPRISES,421201,Thane,,,,under_construction,2024-12-30,
P51700021029,Ganaraya Krupa,Samarth Construction,421503,Thane,,,,under_construction,2023-03-30,
P51700021244,TRIDENT TOWER TYPE C,SHRI KRISHNA HOMES,421503,Thane,,,,under_construction,2022-12-30,
P51700021285,CHINTAMANI COOPERATIVE HOUSING SOCIETY LTD,UTKARSHA CONSTRUCTION,421501,Thane,,,,under_construction,2022-04-25,
P51700021320,MADINA SQUARE BUILDING NUMBER A1 AND A2,ACHIVERS CONSTRUCTION COMPANY,400612,Thane,,,,under_construction,2024-12-30,
P51700021714,K K RENUKA RESIDENCY A AND B WING,MADHU KACHHARAM ACHHRA HUF,421501,Thane,,,,under_construction,2022-12-30,
P51700021365,MADINA SQUARE BUILDING NO. A3,ACHIVERS CONSTRUCTION COMPANY,400612,Thane,,,,under_construction,2024-12-30,
P51700021197,THE PARK,NAYANTARA,421201,Thane,,,,under_construction,2024-12-31,
P51700023483,Regency Plaza,SHREE SAI VENTURES,421503,Thane,,,,under_construction,2024-03-30,
P51700021153,KRISHNA EMPIRE,SHREE SAI BALAJI ASSOCIATES,421301,Thane,,,,under_construction,2024-12-29,
P51700021149,MADHU MILIND RESIDENCY,MUKUND SHRIDHAR SHRIKHANDE,400601,Thane,,,,under_construction,2023-05-30,
P51700021246,TRIMURTY HEIGHTS,TRIMURTY INFRATECH,421501,Thane,,,,under_construction,2023-03-30,
P51700022446,TRIVENI SANGAM,SAPTSHRUNGI CONSTRUCTION CO,421506,Thane,,,,under_construction,2022-10-31,
P51700021486,BLOSSOM,APNA GHAR BUILDERS AND DEVELOPERS,421605,Thane,,,,under_construction,2023-12-30,
P51700021173,SHIV JIVDANI SADAN,SHUBHAM BUILDERS & DEVELOPERS,421202,Thane,,,,under_construction,2023-08-31,
P51700021200,UMA LAMBODAR HEIGHTS,SHREE RAJ PROPERTIES DEVELOPERS,421201,Thane,,,,under_construction,2026-12-30,
P51700021215,ASHOKA HEIGHTS,M/ SAI BHAKTI BUILDERS,421605,Thane,,,,under_construction,2022-12-30,
P51700021238,THE WOODS,ANUP SHYAM KARNANI,421302,Thane,,,,under_construction,2022-03-30,
P51700021187,Hemant Arcade,M/s VISHAL CONSTRUCTION,400602,Thane,,,,under_construction,2022-12-30,
P51700021185,CHAKRAPANI COMPLEX PHASE 2,DAYANAND TULASHIRAM KIRATKAR,421201,Thane,,,,under_construction,2024-06-30,
P51700022360,SHREE RESIDENCY,SHREE DEVELOPERS,421503,Thane,,,,under_construction,2019-12-31,
P51700021437,VISHNU VATIKA NX PHASE II D & H WING,M/S. VISHNU GROUP,421503,Thane,,,,under_construction,2025-10-30,
P51700022649,GAIKAR RESIDENCY,H P DEVELOPERS,421501,Thane,,,,under_construction,2023-12-31,
P51700021474,Paramount D,Kalpataru Homes Private Limited,400608,Thane,,,,under_construction,2025-06-30,
P51700021333,MAHAVIR PARADISE PHASE III WING A,MAHAVIR ENTERPRISES,421501,Thane,,,,under_construction,2024-03-30,
P51700021264,ORIENT LEGACY,JEWEL ORIENT,421503,Thane,,,,under_construction,2024-12-30,
P51700021364,MAHAVIR PARADISE PHASE IV WING A,MAHAVIR ENTERPRISES,421501,Thane,,,,under_construction,2022-03-30,
P51700021794,YASHVI RESIDENCY,PATEL & CO.,421103,Thane,,,,under_construction,2024-06-30,
P51700021647,SAI SHRADDHA,Dhulchand Shankar Naik,410206,Thane,,,,under_construction,2023-12-01,
P51700021328,DIAMOND PALACE,GULAMSHAH AZGAR ALI,421302,Thane,,,,under_construction,2025-12-31,
P51700021315,Empire Industrial Centrum - Phase II,EMPIRE INDUSTRIES LIMITED,421505,Thane,,,,under_construction,2022-12-30,
P51700021321,PANVELKAR NISARG PHASE - II,Panvelkar Realty Private Limited,421503,Thane,,,,under_construction,2025-12-31,
P51700021594,SHRI GURUPRASAD APARTMENT,MANGALYA DEVELOPER,421503,Thane,,,,under_construction,2022-06-30,
P51700021284,KRISHNA SUDAMA RESIDENCY,SAI HOMES,421503,Thane,,,,under_construction,2024-09-30,
P51700021955,M/S SEACITY REALTY PEARL,SEACITY REALITY,400707,Thane,,,,under_construction,2022-06-30,
P51700021978,PRANNAV DEVELOPERS PROJECT SARODARSHAN,PRANNAV DEVELOPERS,400602,Thane,,,,under_construction,2024-06-29,
P51700021305,SHREEJI DESTINY,TECHNO PACK SOFTWARE SERVICES PRIVATE LIMITED,400706,Thane,,,,under_construction,2024-12-30,
P51700021273,SEAGREEN SAPPHIRE,SIDDHIVINAYAK HOMES,421004,Thane,,,,under_construction,2023-03-31,
P51700021397,BHAGWATI BELMONT,BHAGWATI VENTURES LLP,400607,Thane,,,,under_construction,2025-06-30,
P51700021395,Mohan Suburbia III,MOHAN LIFESPACES LLP,421501,Thane,,,,under_construction,2023-06-30,
P51700021967,SEASONS ORCHID,SEASONS SAI DEVELOPERS,421301,Thane,,,,under_construction,2023-10-30,
P51700021480,SAI PAVITRA RESIDENCY,SAILAVKIK REALTY PRIVATE LIMITED,400601,Thane,,,,under_construction,2023-06-30,
P51700021530,UMIYA NAKSHATRA HEIGHTS - WING A,M/s. JIGAR ENTERPRISE,421503,Thane,,,,under_construction,2024-12-30,
P51700021343,Paramount,Metro Dream Homes,421204,Thane,,,,under_construction,2026-12-30,
P51700021425,SWAMINI,SHIV ENTERPRISES,421503,Thane,,,,under_construction,2022-06-30,
P51700021429,DEV HARMONY,DEV CONSTRUCTION,421503,Thane,,,,under_construction,2023-06-30,
P51700021561,TRINITY GALAXY R5,Trinity Developers,421503,Thane,,,,under_construction,2022-03-30,
P51700021439,Arya Sapphire,VAASTUDEAL DEVELOPERS PVT. LTD.,421201,Thane,,,,under_construction,2023-12-30,
P51700021387,SHREE MANDAR CHSL,V. V. ENTERPRISES,421201,Thane,,,,under_construction,2025-12-31,
P51700021688,ADVANCE LEGACY,RAMESH DUNGARSHI SHAH,421204,Thane,,,,under_construction,2024-06-30,
P51700021704,KHATRI SPARSH,KHATRI REALTY,421501,Thane,,,,under_construction,2027-12-30,
P51700021402,SHREE UJWALA GALAXY,SHREE SHIV OM DEVELOPERS,421503,Thane,,,,under_construction,2024-03-30,
P51700022743,ARIHANTCITY PHASE-I - D3 - BUILDING,ARIHANT ENTERPRISES,421302,Thane,,,,under_construction,2025-12-30,
P51700021555,LANDMAARK LOTUS,KASHIBAI NARAYAN PATIL,400614,Thane,,,,under_construction,2023-06-30,
P51700022416,MADHUR MAA CO-OPERATIVE,MORAYA DEVELOPERS,421503,Thane,,,,under_construction,2024-03-30,
P51700021441,Panvelkar Daffodil 24-25-27,AMEYA DEVELOPERS,421501,Thane,,,,under_construction,2023-12-31,
P51700021518,Gayatri Sankul,Gayatri Builders,421301,Thane,,,,under_construction,2023-12-30,
P51700021541,VARDHAMAN VATIKA PHASE iii BUILD NO 3,VARDHAMAN VENTURE,421601,Thane,,,,under_construction,2023-06-30,
P51700021521,SHELAR HEIGHTS,GANESH DEVELOPERS,421306,Thane,,,,under_construction,2023-12-30,
P51700021919,ADVAITA PRESTIGE,Advaita Developers,401404,Thane,,,,under_construction,2022-06-30,
P51700021579,CENTRAL PLAZA,OM ENTERPRISES,421302,Thane,,,,under_construction,2024-12-30,
P51700021915,SAI HEIGHTS,APNA GROUP,421301,Thane,,,,under_construction,2023-12-30,
P51700021598,N G GRAND PLAZA PHASE II,OM NAMAH SHIVAY DEVELOPERS PRIVATE LIMITED,400701,Thane,,,,under_construction,2019-09-30,
P51700022724,RAMA COMPLEX,RAMA CONSTRUCTION AND DEVELOPERS,421204,Thane,,,,under_construction,2023-01-31,
P51700021634,DIYA WOODS,KRISHA ENTERPRISES,421605,Thane,,,,under_construction,2024-06-30,
P51700021897,TRIVENI MAJESTA B WING,TRIVENI LIFESTYLE DEVELOPERS LLP,421301,Thane,,,,under_construction,2023-06-30,
P51700024290,SAI VALLABH A-WING,AVADHUT ENTERPRISES,421605,Thane,,,,under_construction,2023-12-30,
P51700023093,PATELS RESIDENCY - E WING,PARAM BUILDERS AND DEVELOPERS,421501,Thane,,,,under_construction,2023-12-30,
P51700021862,Xrbia Thane Ph 1,XRBIA WARAI DEVELOPERS PRIVATE LIMITED,421302,Thane,,,,under_construction,2028-12-30,
P51700021596,Xrbia Thane Ph 2,XRBIA WARAI DEVELOPERS PRIVATE LIMITED,421302,Thane,,,,under_construction,2028-12-30,
P51700021558,Xrbia Thane Ph 3,XRBIA WARAI DEVELOPERS PRIVATE LIMITED,421302,Thane,,,,under_construction,2028-12-30,
P51700021909,Xrbia Thane Ph 4,XRBIA WARAI DEVELOPERS PRIVATE LIMITED,421302,Thane,,,,under_construction,2028-12-30,
P51700023083,Moosa Residency,M S Developers,421506,Thane,,,,under_construction,2024-05-31,
P51700021576,DOSTI PLANET NORTH- PHASE 4 - DOSTI OPAL,CHALAMA INFRAPROPERTIES PRIVATE LIMITED,400612,Thane,,,,under_construction,2024-06-30,
P51700024317,FLOWER VALLEY,JAGANI DEVELOPERS,421311,Thane,,,,under_construction,2024-11-08,
P51700021625,SWAROOP,Pruthviraj Balkrishna Mhatre,410206,Thane,,,,under_construction,2022-11-16,
P51700021799,PRAPTI,PRAPTI ENTERPRISES,421503,Thane,,,,under_construction,2022-06-27,
P51700021662,PALM GARDENS,ECO REALTIES PVT LTD,421401,Thane,,,,under_construction,2022-12-30,
P51700021620,TULSI PARK,BUILT CHARMS CORPORATION,421301,Thane,,,,under_construction,2025-12-30,
P51700021884,BHAKTI PALACE,SHIVKRUPA ENTERPRISES,400701,Thane,,,,under_construction,2021-12-30,
P51700021675,MEERA PARK ROYALE PHASE II,SARASWATI BUILDCON,421501,Thane,,,,under_construction,2021-12-30,
P51700021630,Sai Vishwa B Wing,Sai Vishwa Developers,421503,Thane,,,,under_construction,2025-12-30,
P51700021677,RIDDHI SIDDHI RESIDENCY,YASH ENTERPRISES,421503,Thane,,,,under_construction,2023-05-30,
P51700022052,OM SHREE VIGHNESH,M/S TRIMURTI HOMES,421605,Thane,,,,under_construction,2023-12-30,
P51700021673,RAMESHWAR PARK - DAFFODIL B,RAMESHAWAR BUILDERS & DEVELOPERS,400612,Thane,,,,under_construction,2025-03-30,
P51700021657,N G GRAND PLAZA PHASE III,OM NAMAH SHIVAY DEVELOPERS PRIVATE LIMITED,400701,Thane,,,,under_construction,2022-12-30,
P51700021785,SBM SKY,SBM DEVELOPERS PVT LTD,400606,Thane,,,,under_construction,2027-12-31,
P51700023684,UMA SHANKAR,RAJAI DEVELOPERS,421503,Thane,,,,under_construction,2026-03-31,
P51700021661,PATEL GALAXY,NEELKANTH HI-TECH INFRA,410206,Thane,,,,under_construction,2022-12-30,
P51700021880,GOVIND DHAM,YASH VIKRANT RAIKAR,400708,Thane,,,,under_construction,2022-08-28,
P51700021742,SAI SHRUSHTI SAPPHIRE PLOT A-1,SAI SHRUSHTI ENTERPRISES,400612,Thane,,,,under_construction,2022-12-30,
P51700021698,INFINITY TOWERS,T Bhimjyani Realty Pvt.Ltd.,400610,Thane,,,,under_construction,2026-12-28,
P51700021771,ALLIANCE ONE,ALLIANCE INFRA,400701,Thane,,,,under_construction,2024-07-31,
P51700021914,SHREE ANANDI HERITAGE,JAI MALHAR BUILDERS & DEVELOPERS,421306,Thane,,,,under_construction,2024-05-29,
P51700021733,OM SAI HEIGHTS,D A CONSTRUCTION,421501,Thane,,,,under_construction,2024-05-30,
P51700021729,LALBAUG DARSHAN,VISHAL R GROUP & ENTERPRISES,421311,Thane,,,,under_construction,2022-12-30,
P51700021802,SACHINAM CHS,Dream Realtors,400602,Thane,,,,under_construction,2022-06-27,
P51700021734,PARSHAVA PARK PHASE 1,VARDHAMAN ENTERPRISES,421601,Thane,,,,under_construction,2025-12-31,
P51700021828,PARSHAVA PARK PHASE 2,VARDHAMAN ENTERPRISES,421601,Thane,,,,under_construction,2031-12-30,
P51700022075,M M CITY,FINE CONSTRUCTION COMPANY,400612,Thane,,,,under_construction,2026-03-30,
P51700021769,SAI MERE GALAXY,SAI MERE ENTERPRISES,421003,Thane,,,,under_construction,2022-03-30,
P51700023497,SHUBHAM ATLANTIS,MUNISUVRAT ENTERPRISES,421302,Thane,,,,under_construction,2024-03-30,
P51700022578,THAKARE COMPLEX,SHREEJI DEVELOPERS,421311,Thane,,,,under_construction,2023-12-30,
P51700021760,HARIOM NXT,HARIOM ENTERPRISE,421202,Thane,,,,under_construction,2024-05-30,
P51700021895,K.B.HEIGHTS,JAI GANESH GRUHNIRMAN PRIVATE LIMITED,400708,Thane,,,,under_construction,2024-01-31,
P51700024425,Qualcon Business Park,Sharp Textile Mills Pvt Ltd,421203,Thane,,,,under_construction,2026-12-31,
P51700022261,VASANT VATIKA,OM CONSTRUCTIONS,421306,Thane,,,,under_construction,2025-10-30,
P51700021829,ASHOKA HEIGHTS,ShrI Mangalmurti Enterprises,400604,Thane,,,,under_construction,2023-07-31,
P51700021852,Fine Lotus,Rohini  Rao,400714,Thane,,,,under_construction,2022-12-30,
P51700021870,VARUN HERITAGE,WAMAN BARKU MHATRE,421503,Thane,,,,under_construction,2025-12-30,
P51700021856,BHAWANI SHANKAR RESIDENCY,BHAWANI SHANKAR RESIDENCY,421503,Thane,,,,under_construction,2026-12-30,
P51700024592,SHREE GANRAJ COMMERCE PLAZA,SHREE GANRAJ COMMERCE PLAZA,421204,Thane,,,,under_construction,2024-12-30,
P51700021977,SBM CLASSIQUE,"SBM DEVELOPERS PVT LTD.,",400602,Thane,,,,under_construction,2025-07-31,
P51700021917,Palange Plaza,ASK Developers,400602,Thane,,,,under_construction,2023-08-28,
P51700021845,SKYLAND TOWER,SKYLAND CONSTRUCTION COMPANY,421301,Thane,,,,under_construction,2025-12-30,
P51700021983,CHARMS GLOBAL CITY - TYPE A1 - LIBERTY,CHARMS GLOBAL,421501,Thane,,,,under_construction,2024-12-29,
P51700021881,Neelkanth Alpine,Neelkanth Infracon,400701,Thane,,,,under_construction,2024-07-31,
P51700022192,Shivkrupa,Shivkrupa Developers,421501,Thane,,,,under_construction,2023-12-30,
P51700022013,MOHAN PARK,SUNIL PURSHOTTAM DESHMUKH,421301,Thane,,,,under_construction,2027-03-30,
P51700023918,KRISHNA SANKUL B WING,M/S KRISHNA ENTERPRISES,421503,Thane,,,,under_construction,2025-12-30,
P51700022285,SAGAR ARADHNA,SAGAR BUILTCON,421503,Thane,,,,under_construction,2024-06-30,
P51700022222,BUILDING NO 5 VARDHAMAN VATIKA PAHSE II,VARDHAMAN INFRASTRUCTURE,421601,Thane,,,,under_construction,2024-12-29,
P51700021991,GLOBE PINNACLE,ART SALES AND TRADING PVT. LTD.,421203,Thane,,,,under_construction,2026-12-09,
P51700022652,MARATHE TOWER,SAIJI DEVELOPERS,421605,Thane,,,,under_construction,2026-03-30,
P51700022431,SHREE DATTA ASHIRWAD,SHREE DATTA DEVELOPERS,421503,Thane,,,,under_construction,2022-12-01,
P51700025480,PARSHURAM TOWER,MORESHWAR CONSTRUCTIONS,421301,Thane,,,,under_construction,2025-09-30,
P51700021900,NEELSIDHI ANEXO,NEELSIDHI ASSOCIATES LLP,400701,Thane,,,,under_construction,2025-08-28,
P51700022148,GODREJ NIRVAAN,PRAKHHYAT DWELLINGS LLP,421302,Thane,,,,under_construction,2024-12-30,
P51700021992,ROYAL CASTLE PHASE 2,SHREENATH DEVELOPERS,421501,Thane,,,,under_construction,2024-12-28,
P51700022076,ORCHID SQUARE PHASE 4,M/S SQUAREFEET ECO HOUSING LLP,421505,Thane,,,,under_construction,2025-12-30,
P51700026390,SHREE PRAST,M/S SHREE PRAST,421501,Thane,,,,under_construction,2023-02-28,
P51700022917,VISHAL HEIGHT A WING,VISHAL CORPORATION,421102,Thane,,,,under_construction,2022-12-30,
P51700022023,RADHE KRISHNA RESIDENCY,MANGALAM INFRA,400612,Thane,,,,under_construction,2024-12-30,
P51700021997,SHELTER STAR,MUSSADIQUE HAJINIJAMUDDIN MAJEED,421301,Thane,,,,under_construction,2021-12-30,
P51700022008,PANNASH,TECHNICON,421201,Thane,,,,under_construction,2023-12-30,
P51700022010,BAPU NAGAR,ANNAPURNA CORPORATION,421201,Thane,,,,under_construction,2025-07-31,
P51700024240,MM VALLEY A-1,ALFA ENTERPRISES,400612,Thane,,,,under_construction,2025-12-30,
P51700022122,AMAIRA,PACIFIC EXCELLENCE,421201,Thane,,,,under_construction,2023-07-31,
P51700022647,SHUBHAM MONOLITH,Gaurivinayak Builders and Developers Pvt Ltd,421306,Thane,,,,under_construction,2024-05-30,
P51700022393,GALAXY ASTER,GALAXY ASTER,421306,Thane,,,,under_construction,2023-12-30,
P51700022414,INNOVATIVE SAPPHIRE,PINNACLE CONSTRUCTION,400614,Thane,,,,under_construction,2025-12-30,
P51700022628,SAI HEIGHTS,AARADHANA CONSTRUCTION,421306,Thane,,,,under_construction,2026-08-01,
P51700022305,Shapoorji Pallonji The Impulse,Jaykali Developers Private Limited,400610,Thane,,,,under_construction,2023-12-30,
P51700022158,MAHADEV RESIDENCY,RAJKUMAR TULJARAM ASWANI,421601,Thane,,,,under_construction,2022-08-28,
P51700022377,Asha Harmony,Vir Enterprises,400701,Thane,,,,under_construction,2022-12-30,
P51700022344,Roshan Residency,Abbas Constructions,400601,Thane,,,,under_construction,2024-08-11,
P51700023163,KONARK SOLITAIRE - PHASE II,KONARK REALTIES J.V.,421102,Thane,,,,under_construction,2023-09-30,
P51700022306,Harmony,Trimity Constructions,400602,Thane,,,,under_construction,2024-03-29,
P51700022346,Jashraj Classic,Shripatii Realtors Pvt Ltd,400702,Thane,,,,under_construction,2023-09-30,
P51700022224,SHUBH SRUSHTI PHASE II,VINAYAK ENTERPRISES,421503,Thane,,,,under_construction,2023-12-25,
P51700022357,GRACE SQUARE TYPE D3,SHREE SUMATINATH ENTERPRISES LLP,400612,Thane,,,,under_construction,2026-12-30,
P51700023162,Vedant Apartments,Vedant Builders and Developers,421501,Thane,,,,under_construction,2022-06-30,
P51700022359,NEW GLOBAL BUILDERS AND DEVELOPERS F BUILDING,NEW GLOBAL BUILDERS AND DEVELOPERS,421302,Thane,,,,under_construction,2023-12-30,
P51700022250,Lodha Quality Home Tower 1,MACROTECH DEVELOPERS LIMITED,400601,Thane,,,,under_construction,2024-07-31,
P51700022251,Lodha Quality Home Tower 2,MACROTECH DEVELOPERS LIMITED,400601,Thane,,,,under_construction,2024-07-31,
P51700024133,Saayam Visava,Shrikrishna Ramchandra Marathe,421201,Thane,,,,under_construction,2024-03-31,
P51700022580,ELEMENTS,UMA REALTY,421204,Thane,,,,under_construction,2025-12-30,
P51700022964,TYPE-B REDWOOD,RDC VENTURES,400607,Thane,,,,under_construction,2022-12-30,
P51700022374,M K ARCADE,EARTH DEVELOPERS,421302,Thane,,,,under_construction,2025-03-30,
P51700022565,TULIP APARTMENTS,SPACE EDGE PROJECTS PVT LTD,421306,Thane,,,,under_construction,2024-12-30,
P51700022542,GAJANAN ICON,GAJANAN PROPERTIES,421306,Thane,,,,under_construction,2024-07-30,
P51700022999,Prakash Pratima,Anant Developers,421202,Thane,,,,under_construction,2023-12-30,
P51700022796,PREM NARAYAN RESIDENCY,AADINATH BUILDERS AND DEVELOPERS,421603,Thane,,,,under_construction,2026-12-30,
P51700022442,CYBER CODE,GREENSCAPE REALTY,400706,Thane,,,,under_construction,2025-06-30,
P51700022422,INFINI LANDMARK GYAN GANGA APARTMENTS,INFINI LANDMARK,421302,Thane,,,,under_construction,2024-09-30,
P51700022517,WALEKAR HOMES,WALEKAR & SON'S DEVELOPERS,421501,Thane,,,,under_construction,2026-08-28,
P51700022637,SHREE SHAGUN,SHREE DATTA ASSOCIATES,421503,Thane,,,,under_construction,2022-12-01,
P51700022785,NEPTUNE,SAHYADRI GRIH NIRMAN,400612,Thane,,,,under_construction,2023-12-30,
P51700022515,VISAVA CO OP HSG SOCIETY PRAPOSED,SPLENDOR SHELTERS,421202,Thane,,,,under_construction,2024-12-30,
P51700024260,"67 Tenements, 9 shops at survey no.209,H.no.8,12 near building no.18,22 vartaknagar,Thane",VIVEK  BARVE,400606,Thane,,,,under_construction,2022-03-30,
P51700024883,ATLANTA EDENWORLD PHASE III,SAI BALAJI DEVELOPER,421302,Thane,,,,under_construction,2026-12-30,
P51700023241,RAMASHANKAR CHS LTD,SAI PRASAD BUILDERS AND DEVELOPERS,400601,Thane,,,,under_construction,2023-06-30,
P51700022529,OMKAR SWARUPA,LAXMI DEVELOPERS,421605,Thane,,,,under_construction,2024-06-30,
P51700022870,AURUM,Shree GHP Housing,400601,Thane,,,,under_construction,2025-09-15,
P51700022681,NEELKAMAL RESIDENCY AND BUSINESS PARK,NEELKAMAL BUILDCO,421204,Thane,,,,under_construction,2025-12-30,
P51700022700,Metropolis - RIVERA,ANANT SQUARE,400607,Thane,,,,under_construction,2025-03-30,
P51700022752,AB COMPLEX,EKDANT ENTERPRISES,421601,Thane,,,,under_construction,2023-09-30,
P51700022663,CYBER WORKS,GREENSCAPE VENTURES,400703,Thane,,,,under_construction,2025-06-30,
P51700022593,PANVELKAR UTSAV - PHASE 2,Sai Swarg Enterprises,421503,Thane,,,,under_construction,2025-12-31,
P51700022533,Lodha Quality Home Tower 3,MACROTECH DEVELOPERS LIMITED,400601,Thane,,,,under_construction,2024-09-30,
P51700022685,UMA COMPLEX,SHREE RAJ DEVELOPERS,421203,Thane,,,,under_construction,2023-03-30,
P51700022601,BHARAT RESIDENCY A WING,SHIVSAI BUILDERS AND DEVELOPERS,421301,Thane,,,,under_construction,2022-06-30,
P51700022786,NISARG GREENS - Phase - 2 B,NND Ambernath LLP,421501,Thane,,,,under_construction,2024-10-30,
P51700022981,Mahindra Happinest Kalyan Project A,MAHINDRA HAPPINEST DEVELOPERS LIMITED(Formerly known as Mahindra Happinest Developers Pvt. LTD),421311,Thane,,,,under_construction,2024-12-30,
P51700022586,NISARG GREENS - Phase - 2 C,NND Ambernath LLP,421501,Thane,,,,under_construction,2024-10-30,
P51700022665,KRISHNAKALP,SHIVAM ENTERPRISES,421503,Thane,,,,under_construction,2023-12-30,
P51700022961,Metropolis - Aquaris Phase 1,ANANT SQUARE,400607,Thane,,,,under_construction,2024-09-30,
P51700022959,Metropolis - Aquaris Phase 2,ANANT SQUARE,400607,Thane,,,,under_construction,2025-09-30,
P51700023415,Deep Shama,N. A Developers,400602,Thane,,,,under_construction,2020-12-30,
P51700022651,BALAJI EXOTICA PHASE-II,BALAJI WORLD,421301,Thane,,,,under_construction,2023-03-30,
P51700022689,SANVEG RESIDENCY - PHASE II,OM VASTU HOMES,421503,Thane,,,,under_construction,2023-12-30,
P51700023486,SHREE SAI DARSHAN BULDING 2,SHREE SIDDHIVINAYAK BUILDERS & DEVELOPERS,421202,Thane,,,,under_construction,2024-05-30,
P51700022699,Runwal Gardens Phase I,Runwal Residency Private Limited,421204,Thane,,,,under_construction,2024-06-30,
P51700022695,ISHWAR PARADISE NX,ISHWAR ENTERPRISES,421501,Thane,,,,under_construction,2021-12-30,
P51700022688,SHREE SHRIPAT VILLA,SHREE SHRIPAT BUILDERS & DEVELOPERS,421204,Thane,,,,under_construction,2023-09-30,
P51700023018,BALAJI DARSHAN,BALAJI BUILDERS AND DEVELOPERS,421201,Thane,,,,under_construction,2023-03-30,
P51700023860,NEW SHIV MAHIMA CHS LTD,SHIV MAHIMA DEVELOPERS,421501,Thane,,,,under_construction,2025-03-30,
P51700022773,OPULUS S1 S2 R1 R2 and R3,PEER REALTY PRIVATE LIMITED,400610,Thane,,,,under_construction,2025-10-30,
P51700023104,STANBERTH ANNEX,Shivam Developers,400601,Thane,,,,under_construction,2023-11-28,
P51700022740,EMPIRE STATE,MAHARASHTRA ENTERPRISES REAL ESTATE PROMOTERS AND DEVELOPERS,421204,Thane,,,,under_construction,2024-02-28,
P51700024511,MANGESHI DAZZLE II,KALYAN DEVELOPMENT CORPORATION,421201,Thane,,,,under_construction,2028-12-30,
P51700023171,PRAGATI SKYLINE,PRAGATI ENTERPRISES,421202,Thane,,,,under_construction,2024-06-30,
P51700022822,Gurukrupa,Shree Swami Samartha Associates,400602,Thane,,,,under_construction,2023-03-30,
P51700023025,CHAMUNDA DAFFODILS,CHAMUNDA INFRASTRUCTURE LTD,400701,Thane,,,,under_construction,2023-12-30,
P51700023930,MANNAT RESIDENCY,RANAS CONSTRUCTION,421004,Thane,,,,under_construction,2021-12-30,
P51700022779,TEN X HABITAT Raymond Realty Tower E,Raymond Limited,400606,Thane,,,,under_construction,2025-09-30,
P51700022894,DVARAKA MALLHAR,ASHAPURA DEVLOPERS,421201,Thane,,,,under_construction,2023-09-29,
P51700026248,SAI AASHIYANA - II,Sai Sakshi Developers,421306,Thane,,,,under_construction,2026-06-30,
P51700022844,Mahadev Bhuvan,Chaturthi Developers,400602,Thane,,,,under_construction,2024-12-01,
P51700022847,MARATHON NEXWORLD AURA-3,MATRIX ENCLAVES PROJECTS DEV. PVT. LTD,400612,Thane,,,,under_construction,2024-12-30,
P51700022825,"VIOLET E, F & J",PALAVA DWELLERS PVT LTD,421204,Thane,,,,under_construction,2024-07-31,
P51700022900,Violet A to C,PALAVA DWELLERS PVT LTD,421204,Thane,,,,under_construction,2024-07-31,
P51700022990,BHAKTI PLAZA,LAXMI CONSTRUCTION,421503,Thane,,,,under_construction,2022-09-30,
P51700022950,SHREE HIMGIRI CHS,TELANGE BUILDERS & DEVELOPERS PRIVATE LIMITED,421501,Thane,,,,under_construction,2023-10-15,
P51700024382,RACHANA GREEN,RACHANA INFRASTRUCTURE,421601,Thane,,,,under_construction,2025-12-30,
P51700023303,KRISHNA LEELA,SHREE KRISHNA CONSTRUCTION,421301,Thane,,,,under_construction,2024-12-29,
P51700022984,RUMEE CORNER,SHABBIR MOHIDDIN SHEIKH,400607,Thane,,,,under_construction,2023-12-30,
P51700023490,GANRAJ ARCADE,G G DEVELOPERS,421503,Thane,,,,under_construction,2022-03-30,
P51700022994,Mahavir Spring - Tulip - Phase 1,Vinayak Developers,400610,Thane,,,,under_construction,2025-12-30,
P51700023841,THARWANI MAJESTIC TOWERS PHASE I,ANIL HARDASMAL THARWANI,421301,Thane,,,,under_construction,2025-12-30,
P51700023872,THARWANI MAJESTIC TOWERS PHASE II,ANIL HARDASMAL THARWANI,421301,Thane,,,,under_construction,2026-12-30,
P51700023974,THARWANI MILLENNIUM CITY PHASE I,THARWANI REALTORS,421503,Thane,,,,under_construction,2023-07-31,
P51700023782,THARWANI MILLENNIUM CITY PHASE II,THARWANI REALTORS,421503,Thane,,,,under_construction,2024-12-30,
P51700023784,THARWANI MILLENNIUM CITY PHASE III,THARWANI REALTORS,421503,Thane,,,,under_construction,2026-12-30,
P51700022980,AMBER AVIGHNA,AMBER BUILDERS & DEVELOPERS,421503,Thane,,,,under_construction,2022-12-30,
P51700023128,KENDALE EMERALDS,KENDALE DEVELOPERS,421503,Thane,,,,under_construction,2024-10-30,
P51700022926,ISHWAR PRIDE,ISHWAR ENTERPRISES,421501,Thane,,,,under_construction,2022-05-30,
P51700022995,Mahavir Spring - Daffodils - Phase 2,Vinayak developers,400610,Thane,,,,under_construction,2025-12-30,
P51700023217,KENDALE EMERALDS,Kendale Developers,421503,Thane,,,,under_construction,2025-10-30,
P51700023252,SAKHA MAULI HEIGHTS,SAKHARAM JANARDAN BHOIR,421301,Thane,,,,under_construction,2023-06-30,
P51700022940,TEN X HABITAT Raymond Realty Tower K,Raymond Limited,400606,Thane,,,,under_construction,2025-09-30,
P51700023076,KAILASH PARVAT C H S LTD,SHREE SAI INFRA,421501,Thane,,,,under_construction,2024-12-30,
P51700023404,THANSIT CENTRAL DAFFODIL SECTOR A,MITTAL PAINTERIOR REALTY LLP,421603,Thane,,,,under_construction,2024-12-30,
P51700023246,THANSIT CENTRAL DAFFODIL SECTOR B,MITTAL PAINTERIOR REALTY LLP,421603,Thane,,,,under_construction,2024-12-30,
P51700023256,THANSIT CENTRAL DAFFODIL SECTOR C,MITTAL PAINTERIOR REALTY LLP,421603,Thane,,,,under_construction,2024-12-30,
P51700023739,JAYRAM MALI COMPLEX,M/S EKVEERA CONSTRUCTIONS,421306,Thane,,,,under_construction,2025-05-30,
P51700023009,SHASHWAT AANGAN Building / Wing A and C,Samarth Construction,421503,Thane,,,,under_construction,2024-07-30,
P51700024178,Shashwat Aangan Building / Wing B,Samarth Construction,421503,Thane,,,,under_construction,2027-12-30,
P51700023874,Pranjali Heights,Neelpadma Associates,421201,Thane,,,,under_construction,2022-12-31,
P51700023316,Shree Datta Krupa Apartment,SANJAY KISHAN BHOIR,421601,Thane,,,,under_construction,2025-12-30,
P51700023047,SHETH CNERGY PH 1 - UPTO 11TH FLOOR,Sheth Developers Private Limited,400601,Thane,,,,under_construction,2023-12-30,
P51700023331,DWARKANATH HEIGHTS,M/S. SAI SHRADDHA DEVELOPERS,421605,Thane,,,,under_construction,2024-03-30,
P51700023234,PALMVISTA A1 & A2,GLORY TOWNSHIP LLP,421204,Thane,,,,under_construction,2024-03-30,
P51700023466,MAHAVIR KRUPA,B K SATRA HUF,400601,Thane,,,,under_construction,2023-12-30,
P51700023113,GAJANAN CHANGO APARTMENT,SAI GANESH BUILDERS AND DEVELOPERS,421306,Thane,,,,under_construction,2025-12-30,
P51700023348,SHIVAM RESIDENCY-PHASE 1,SHIVAM DEVELOPERS,421302,Thane,,,,under_construction,2024-12-15,
P51700023310,PERIWINKLE VILLA (DURGADHAM),SURESH SHALIK MHATRE,400602,Thane,,,,under_construction,2023-11-27,
P51700023115,VASTU DEVELOPER,VASTU DEVELOPERS,421201,Thane,,,,under_construction,2021-02-28,
P51700023599,SARVODAY ONYX,SARVODAY COMBINE,421301,Thane,,,,under_construction,2024-03-30,
P51700023629,VENUS HEIGHTS,VENUS INFRA,421605,Thane,,,,under_construction,2024-12-30,
P51700023823,NARMAD VISHRAM CHS PRAPOSED,SPLENDOR SHELTERS PVT LTD,421202,Thane,,,,under_construction,2024-12-30,
P51700023082,SHREE NARAYAN PARK A-1,SHREE NARAYAN CONSTRUCTION,421306,Thane,,,,under_construction,2024-04-30,
P51700024877,DREAMM PARADISE,MUKESH CHHABILDAS SHAH,421601,Thane,,,,under_construction,2023-12-30,
P51700023096,Sai Shrushti Sapphire B-1,SAI SHRUSHTI ENTERPRISES,400612,Thane,,,,under_construction,2021-12-30,
P51700023176,RAJ NIRVANA,M/S. RAJ HOMES & INFRACON,421501,Thane,,,,under_construction,2022-06-30,
P51700023125,Plan M Business PArk,Nagesh Buildtech LLP,400706,Thane,,,,under_construction,2025-11-01,
P51700023383,PATELS ZION,TITANIUM REALTY,421501,Thane,,,,under_construction,2025-12-30,
P51700028392,GURUNATH GALAXY,MUKTA DEVELOPERS,421605,Thane,,,,under_construction,2027-09-30,
P51700023675,PRIYA CO OP HOUSING SOCIETY LTD,JV REALITIES,400601,Thane,,,,under_construction,2026-12-30,
P51700023557,Anmol Oasis,M/s Ekdant Housing,400602,Thane,,,,under_construction,2024-07-31,
P51700023364,POKHRIYAL PARADISE,POKHRIYAL AND ASSOCIATES,421503,Thane,,,,under_construction,2022-10-30,
P51700023261,SHRI VENKATESH KRUPA,MODI DEVELOPERS,421503,Thane,,,,under_construction,2023-12-30,
P51700023432,VARDHAMAN MARUTI,GANDHI AND SAMANI ENTERPRISES,421302,Thane,,,,under_construction,2024-11-07,
P51700024041,METRO HIGHLAND - PHASE II,METRO DEVELOPERS,421501,Thane,,,,under_construction,2026-06-30,
P51700028738,Kashish Park Tower C-1,Kashish Park Realtors,400604,Thane,,,,under_construction,2030-06-30,
P51700026552,KHUSHI APARTMENT,PAVAN HASTIMAL JAIN,400702,Thane,,,,under_construction,2023-05-22,
P51700023181,PODDAR RIVIERA PHASE - II,Poddar Housing and Development Limited,421301,Thane,,,,under_construction,2026-12-30,
P51700025355,TEN X HABITAT Raymond Realty Tower J,Raymond Limited,400606,Thane,,,,under_construction,2025-06-30,
P51700023746,SHUBH NIRMAN PHASE II,GURU DEVELOPERS,421503,Thane,,,,under_construction,2023-05-30,
P51700023193,LJTANNA PANORAMA C WING,LJTANNA REALTY LLP,421203,Thane,,,,under_construction,2021-12-30,
P51700024398,CHARMS GLOBAL CITY - TYPE- B1-MERLION,CHARMS GLOBAL,421501,Thane,,,,under_construction,2024-06-30,
P51700023319,CHIKHLAI RESIDENCY,VISHWAMAHAL CONSTRUCTION CO,400603,Thane,,,,under_construction,2023-03-12,
P51700023212,VIVIAN,RED BRICKS DEVELOPERS,421202,Thane,,,,under_construction,2023-12-30,
P51700023692,OM SRUSHTI DARSHAN,VINAYAK DEVELOPERS,400602,Thane,,,,under_construction,2024-12-30,
P51700024060,Lodha Bellavista - Wing B2,MACROTECH DEVELOPERS LIMITED,400607,Thane,,,,under_construction,2027-07-31,
P51700024394,TULIP PHASE III,ROYALE URBANSPACE,421601,Thane,,,,under_construction,2028-12-30,
P51700023695,ATHENA,IMPRESSIONS NXT,421201,Thane,,,,under_construction,2024-12-30,
P51700023372,SILVIA,IMPRESSIONS NXT,421202,Thane,,,,under_construction,2023-12-30,
P51700023209,Mahindra Happinest Kalyan Project B,MAHINDRA HAPPINEST DEVELOPERS LIMITED(Formerly known as Mahindra Happinest Developers Pvt. LTD),421311,Thane,,,,under_construction,2025-06-30,
P51700023671,SHREE SIDDHIVINAYAK APARTMENTS,MILIND VASANT VANI,421301,Thane,,,,under_construction,2022-12-27,
P51700023720,Morya Garden,Sumit Developers,421401,Thane,,,,under_construction,2024-04-30,
P51700023446,VAIBHAVI CITY B-2,VAIBHAVI DEVELOPERS,421301,Thane,,,,under_construction,2024-12-30,
P51700023585,SARVODAY PRIT,OM SAI DEVELOPERS,421202,Thane,,,,under_construction,2023-12-30,
P51700023565,GOPIKA ENCLAVE,RAI RESIDENCY Private Limited,421306,Thane,,,,under_construction,2019-12-31,
P51700023376,NICE GARDEN 2,ABHA BUILDERS,400612,Thane,,,,under_construction,2025-12-30,
P51700023694,THE GOLDEN NEST,KRISHNA DEVELOPERS,421202,Thane,,,,under_construction,2024-06-30,
P51700023614,Tycoons Square Avenue I Tower D,Tycoons Avanti Projects LLP,421301,Thane,,,,under_construction,2025-10-30,
P51700023371,Anand Bhavan Co op Hsg.,SHREE SWAMI SAMARTH DEVELOPERS,400602,Thane,,,,under_construction,2024-12-30,
P51700025262,SHREE GANESHA ENTERPRISES,SHREE GANESHA ENTERPRISES,421202,Thane,,,,under_construction,2022-12-30,
P51700023296,PODDAR RIVIERA PHASE - III,Poddar Housing and Development Limited,421301,Thane,,,,under_construction,2026-12-31,
P51700023590,MANORAMA HEIGHTS,SAROJ SURYAKUMAR PARIHAR,421306,Thane,,,,under_construction,2024-12-29,
P51700023548,AL TAJ,SHAD MANSOOR DHANGE,421302,Thane,,,,under_construction,2024-12-30,
P51700023429,Tycoons Square Avenue I Tower E-F,Tycoons Avanti Projects LLP,421301,Thane,,,,under_construction,2025-10-30,
P51700023391,VARDHAMAN VATIKA,VARDHAMAN ENTERPRISES,421302,Thane,,,,under_construction,2024-12-15,
P51700023603,MARUTI SHUBH ANANTAM,SHUBH BUILDERS,421503,Thane,,,,under_construction,2023-12-30,
P51700023508,PODDAR RIVIERA PHASE - I,Poddar Housing and Development Limited,421301,Thane,,,,under_construction,2025-09-30,
P51700023568,TRUSHNA CHS LTD,Mahesh Shriram Borkar,400602,Thane,,,,under_construction,2024-06-30,
P51700023535,Padamavati Royal Phase 1,Sujeet Kumar  Singh,421605,Thane,,,,under_construction,2025-11-28,
P51700023536,Padamavati Royal Phase 2,Sujeet Kumar  Singh,421605,Thane,,,,under_construction,2025-11-28,
P51700023898,ROYAL ORCHID,S S ENTERPRISES,421503,Thane,,,,under_construction,2023-12-30,
P51700023538,RANGVEL PARK,RANGVEL ENTERPRISES,400701,Thane,,,,under_construction,2022-12-30,
P51700023605,JEEVAN CHS LTD,SHARDA VASTU NIRMITEE PVT. LTD.,400602,Thane,,,,under_construction,2023-10-30,
P51700023545,RADHA KRISHNA PARK,SPACE DEVELOPERS,400605,Thane,,,,under_construction,2024-03-30,
P51700024371,MAYUR CHS LTD,Mahesh Shriram Borkar,400602,Thane,,,,under_construction,2023-12-30,
P51700023550,LJTANNA PANORAMA B WING,LJTANNA REALTY LLP,421203,Thane,,,,under_construction,2024-12-29,
P51700023944,SADGURU KRUPA II PHASE,CHIRAG ENTERPRISES,421103,Thane,,,,under_construction,2024-05-30,
P51700024183,SHRI SHIVANAND CHS,Trimity Constructions,400602,Thane,,,,under_construction,2024-06-29,
P51700024278,ANIURDDHA CORNER,ANIRUDDHA DEVELOPERS,410206,Thane,,,,under_construction,2022-12-30,
P51700024324,SHREE SAMARTH CHHAYA,SHREE SAMARTH BUILDERS,421204,Thane,,,,under_construction,2022-06-30,
P51700023653,SHYAM HEIGHTS,VISHNU SHYAMLAL SACHDEV,421004,Thane,,,,under_construction,2023-06-10,
P51700023656,VAIBHAV,GAVDEVI SHELTER,421503,Thane,,,,under_construction,2023-12-30,
P51700023664,SWAMI RESIDENCY,SATISH BAPU GIRI,421601,Thane,,,,under_construction,2020-11-21,
P51700023775,Q Islands R4,Aurum RealEstate Developers Limited,400710,Thane,,,,under_construction,2024-12-30,
P51700023911,Q Islands R5,Aurum RealEstate Developers Limited,400710,Thane,,,,under_construction,2025-12-30,
P51700024735,PRITI APARTMENT,MAHESH MAHADU TARE,421306,Thane,,,,under_construction,2022-12-30,
P51700023854,REGENCY ANTILIA PHASE IV,REGENCY NIRMAN LTD,421001,Thane,,,,under_construction,2023-06-30,
P51700023851,THE ADDRESS PH - II,SADGURU ASSOCIATE,421503,Thane,,,,under_construction,2023-12-30,
P51700023999,PAULOMI CHSL,OJASS GOVIND INFRA LLP,400602,Thane,,,,under_construction,2022-12-30,
P51700025743,udaynagar chs,Sameer Mukund Natu,400602,Thane,,,,under_construction,2025-06-30,
P51700024237,MEET IT PARK,MEET INFRA,400604,Thane,,,,under_construction,2024-12-29,
P51700023796,MEERA PARK,M/S. SARASWATI HOMES,421501,Thane,,,,under_construction,2023-10-30,
P51700023820,NISARG ANAND RESIDENCY,PADMA CONSTRUCTIONS,421301,Thane,,,,under_construction,2023-12-30,
P51700024107,SHREE GAJANAN HEIGHTS,R K CONSTRUCTION,421605,Thane,,,,under_construction,2026-12-30,
P51700023797,HIRA SADAN,ADITI BUILDERS,421503,Thane,,,,under_construction,2022-03-30,
P51700023900,SAI SHRUSHTI VALLEY - PHASE 1/RAMCHANDRA COMPLEX,SAI SHRUSHTI ENTERPRISES,400612,Thane,,,,under_construction,2023-12-30,
P51700024182,Anthony Annex,Magnum Enterprises,400602,Thane,,,,under_construction,2024-08-21,
P51700023800,Nutan Co-Operative Housing Society Ltd.,JOSHI ENTERPRISES,400602,Thane,,,,under_construction,2023-12-30,
P51700023975,RAMA PRIDE,PARIJAT CONSTRUCTION,421501,Thane,,,,under_construction,2021-02-28,
P51700025980,Superio Grand Central,Fortune Infracreators Private Limited,400606,Thane,,,,under_construction,2030-09-01,
P51700024349,Shree Kakasheth Telavane Sadan,MAULI CONSTRUCTION,421401,Thane,,,,under_construction,2023-12-30,
P51700023882,VAISHNAVI HEIGHTS,VAISHNAVI DEVELOPERS,421306,Thane,,,,under_construction,2024-01-01,
P51700027824,SAI DATTA KRIPA,Bhalchandra  Wadnerkar,421202,Thane,,,,under_construction,2023-06-30,
P51700024094,POOJA ANGAN,SAIRAJ PROJECTS,400705,Thane,,,,under_construction,2022-12-30,
P51700024330,Moryasportscity Phase 1,Morya Sportscity Infraconstruct Private Limited,421302,Thane,,,,under_construction,2023-12-30,
P51700023956,KRISHNA ENCLAVE C WING,OM SAI DEVELOPERS,421102,Thane,,,,under_construction,2024-12-30,
P51700024023,Vaikunth Cluster 3 T1,Piramal Estate Private Limited,400607,Thane,,,,under_construction,2026-06-30,
P51700035033,MADHUSUDAN BUILDING,MADHUSUDAN BUILDCON,421501,Thane,,,,under_construction,2023-12-31,
P51700024403,"1771 EWS and 88 LIG tenements at Survey no.13, Bhandarli, Tal. Dist. Thane PMAY project",VIVEK  BARVE,421204,Thane,,,,under_construction,2024-03-29,
P51700024095,Anand Homes Wing D,SHRINATH DEVELOPERS,421301,Thane,,,,under_construction,2023-12-30,
P51700024331,SWARAJ ORCHID,SANDESH ENTERPRISES,421503,Thane,,,,under_construction,2022-03-30,
P51700023966,SHIVAALIK PARK,SUN REALTORS,421302,Thane,,,,under_construction,2024-12-20,
P51700024100,HASTI NAVJEEVAN DEEP.,RIDDHI SIDDHI INFRAPROJECTS,421201,Thane,,,,under_construction,2023-01-30,
P51700024353,LAKSHMI ELEGANCE,M/S. MAHALAXMI SHELTERS,421501,Thane,,,,under_construction,2023-12-31,
P51700023963,VINAYAK CONSTRUCTION,VINAYAK CONSTRUCTION,421201,Thane,,,,under_construction,2023-08-28,
P51700025897,MAHAVIR BUSINESS PARK,MAHAVIRDARSHAN,400602,Thane,,,,under_construction,2024-06-30,
P51700024171,ASHTIVINAYAK APARTMENT,HARE KRISHNA ENTERPRISES,421004,Thane,,,,under_construction,2022-06-30,
P51700024062,SAI-ENCLAVE,SAIRAJ BUILDERS,421301,Thane,,,,under_construction,2023-05-30,
P51700024084,AMEYYA CO OP HSG SOC LTD,SHREE BALAJI DEVELOPERS,421503,Thane,,,,under_construction,2021-12-30,
P51700024174,YASHRAJ PARADISE,YASH INFRA,421306,Thane,,,,under_construction,2027-12-30,
P51700025537,AAHIL PALACE,ABDUL GULAMPEER SHAIKH,421501,Thane,,,,under_construction,2024-06-25,
P51700024190,Snehashree,SHREE SAMARTH DEVELOPERS,421503,Thane,,,,under_construction,2021-12-30,
P51700024141,Jasmine L and M,Palava Dwellers Pvt Ltd,421204,Thane,,,,under_construction,2023-09-30,
P51700024082,AMRUT NIWAS,PRATIK CONSTRUCTIONS,421501,Thane,,,,under_construction,2024-05-30,
P51700024195,ATMIYA RESIDENCY,AKSHAR INFRA,421503,Thane,,,,under_construction,2025-12-30,
P51700024117,SHOBHANA CO-OPERATIVE HOUSING SOCIETY LTD,PADMANABH DEVELOPERS,400602,Thane,,,,under_construction,2022-12-30,
P51700027519,FBKA Jewels,FBKA Developers LLP,400612,Thane,,,,under_construction,2031-06-27,
P51700024154,Runwal Gardens Phase 2 Bldg no 18-23,Runwal Residency Private Limited,421204,Thane,,,,under_construction,2024-12-30,
P51700024487,DREAMLAND PARK BUILDING NO.1,KULSWAMINI BUILDERS AND DEVELOPERS,421601,Thane,,,,under_construction,2026-12-30,
P51700028805,MANGAL VILLA C.H.S,SHREE SAI ENTERPRISES,421503,Thane,,,,under_construction,2024-09-01,
P51700024228,SHANKHESHWAR CRYSTAL PHASE 2,SHANKHESHWAR KREATERS,421605,Thane,,,,under_construction,2024-12-30,
P51700026236,MANGALMURTI SAPPHIRE,SHREE MANGALMURTI COMBINES,421201,Thane,,,,under_construction,2024-12-30,
P51700027069,DEEP HEIGHTS,SAI DEVELOPERS,421202,Thane,,,,under_construction,2022-12-30,
P51700024245,VIRAT GRANDEUR,DEIV ENTERPRISES,421201,Thane,,,,under_construction,2025-12-30,
P51700024291,Satyajit Co-Op Housing Society Ltd.,Aditya Associates,400602,Thane,,,,under_construction,2023-12-30,
P51700032766,LEENA PARK,VASUDHA DEVELOPERS,421502,Thane,,,,under_construction,2024-06-30,
P51700024299,RAM SOLITAIRE,SURESH JETHANAND VALECHA,421005,Thane,,,,under_construction,2023-03-30,
P51700024306,Ekdant Apartment,AMOL PADMAKAR TARMALE,421604,Thane,,,,under_construction,2024-01-30,
P51700024517,Mangeshi Jupiter,Mangesh Dashrath Gaikar,421301,Thane,,,,under_construction,2024-12-30,
P51700025307,Aditya Nishant,PREMNARAYAN  SHUKLA,421501,Thane,,,,under_construction,2023-01-29,
P51700024350,JVMS CORNER STONE,MAHARASHTRA DEVELOPERS,400602,Thane,,,,under_construction,2025-05-29,
P51700024337,SKY CITY,SUNRISE REALTORS,421305,Thane,,,,under_construction,2026-12-30,
P51700024879,VALENCIA,IMPRESSIONS,421202,Thane,,,,under_construction,2024-06-30,
P51700024978,Akshar Business Park- Phase III,Akshar Developers,400703,Thane,,,,under_construction,2023-07-31,
P51700026770,JAGDALE AASTHA,JAGDALE INFRASTRUCTURE PVT. LTD.,400606,Thane,,,,under_construction,2024-12-30,
P51700024580,Vaikunth Cluster 3 Tower 2,Piramal Estate Private Limited,400608,Thane,,,,under_construction,2026-06-30,
P51700024581,NEW SUYOG CHS,SUMIT ENTERPRISES,421503,Thane,,,,under_construction,2022-03-30,
P51700024947,SHREE EMPIRE,SHREE GURUKRUPA DEVELOPERS,421201,Thane,,,,under_construction,2024-12-31,
P51700024773,Amber Galaxy C Wing,PANDHARINATH SITARAM PATIL,400605,Thane,,,,under_construction,2024-01-30,
P51700024448,Vama,SUPARSHVA INCORPORATION,421503,Thane,,,,under_construction,2024-12-30,
P51700024496,Godrej Exquisite,Godrej Macbricks Private Limited,400607,Thane,,,,under_construction,2026-09-30,
P51700025161,Mahavir Sarvoday Plaza,VIRA THEATRES PVT LTD,421202,Thane,,,,under_construction,2026-03-30,
P51700024621,PRECIOUS AVENUE,METRO SHIVSHAKTI DEVELOPERS,421503,Thane,,,,under_construction,2025-12-30,
P51700024463,ARZOO GREENS,SKYBOUND HEIGHTS INDIA PRIVATE LIMITED,421302,Thane,,,,under_construction,2025-11-14,
P51700024758,YESU ANAND HEIGHTS,YESU ANAND ENTERPRISES,421204,Thane,,,,under_construction,2022-05-30,
P51700024791,OM SAI DEVELOPERS,OM SAI DEVELOPERS,421201,Thane,,,,under_construction,2022-08-28,
P51700024882,Silver Creast Wing -A Phase - II,SHRIKRISHNA ENTERPRISES,421503,Thane,,,,under_construction,2026-03-30,
P51700025521,HUBS INFRASTRUCTURE,HUB'S INFRASTRUCTURE,421301,Thane,,,,under_construction,2024-06-30,
P51700024653,"SHREE SIDDHIVINAYAK PARK C1,C2,C3",SATYASHIV DEVELOPERS,421401,Thane,,,,under_construction,2026-12-30,
P51700024552,GANRAJ HEIGHTS,SHREE KRISHNA CONSTRUCTION,421302,Thane,,,,under_construction,2024-12-30,
P51700024797,SAKET WORLD,Anand Associates,421306,Thane,,,,under_construction,2026-06-30,
P51700025055,19 EAST,MORESHWAR DEVELOPERS,400706,Thane,,,,under_construction,2025-12-30,
P51700024717,BABA DEVELOPERS,BABA DEVELOPER,421201,Thane,,,,under_construction,2022-12-30,
P51700025993,BROADEWAYONE,Broadway,400602,Thane,,,,under_construction,2023-06-30,
P51700024549,SHREERAM CO OP SOCIETY,RAHUL ENTERPRISES,400170,Thane,,,,under_construction,2023-12-30,
P51700024611,ABDULLAH ARCADE,SHAHNAWAZ FAROOQUE AHMED MOMIN,421302,Thane,,,,under_construction,2021-12-30,
P51700025125,BALAJI ANNEX,M/S OM SWAYAMBHU SIDDHIVINAYAK BUILDERS AND DEVELOPERS,421201,Thane,,,,under_construction,2026-12-30,
P51700030083,SUNDAR RESIDENCY F WING,NAVADITYA DEVELOPERS,421301,Thane,,,,under_construction,2024-12-31,
P51700024548,Pranav Enclave,Samir Shrinivas Kale,400602,Thane,,,,under_construction,2024-03-30,
P51700024748,RAJ REGALIA PHASE-1A,AMRUT LAXMI DEVELOPERS,421501,Thane,,,,under_construction,2024-06-29,
P51700024590,SANGHAMITRA PALACE,YUVRAJ NATHU PAGARE,421004,Thane,,,,under_construction,2023-12-30,
P51700025622,SAI DARSHAN - F,SHREE SAI ASSOCIATES,421503,Thane,,,,under_construction,2022-06-30,
P51700025000,Nilgiri Residency,Sai Vaishnavi Enterprises,421605,Thane,,,,under_construction,2023-09-30,
P51700026950,Bhagyashree Building,L. K. Realtors,400602,Thane,,,,under_construction,2023-07-31,
P51700025265,PINNACLE ROYAL,PINNACLE INFRA,421503,Thane,,,,under_construction,2023-03-30,
P51700025088,SIDDHIVINAYAK GARDENS,A1 BUILDCON,421302,Thane,,,,under_construction,2024-12-30,
P51700024815,Lodha Bellavista - Wing B1,MACROTECH DEVELOPERS LIMITED,400607,Thane,,,,under_construction,2027-07-31,
P51700025165,ARYA ARIANA,ASHAPURA CORPORATION,421201,Thane,,,,under_construction,2024-03-30,
P51700025010,SURYA COMPLEX,M/S. JAI SANTOSHI MAA ENTERPRISES,421202,Thane,,,,under_construction,2023-06-30,
P51700029570,OM ADITYA,SURESH KESHAVRAO YASHVANTRAO,421503,Thane,,,,under_construction,2023-05-31,
P51700024709,GURUPRERNA,AMARSINGH NARAYANSINGH THAKUR,400602,Thane,,,,under_construction,2024-10-30,
P51700024889,CHINTAMANI MEADOWS,JASHNANI CONSTRUCTION PRIVATE LIMITED,421601,Thane,,,,under_construction,2026-12-30,
P51700024721,BHAKTI PARK,SHIVKRUPA ENTERPRISES,400701,Thane,,,,under_construction,2023-03-30,
P51700024777,Lodha Quality Home Tower 4,MACROTECH DEVELOPERS LIMITED,400601,Thane,,,,under_construction,2024-09-30,
P51700024884,ARJUN VILLA,MANOHAR SAHEBRAO KADAM,410206,Thane,,,,under_construction,2022-09-30,
P51700025471,Elite 1 Shop,Palava Dwellers Private Limited,421202,Thane,,,,under_construction,2020-07-31,
P51700025474,Regalia Shops,Palava Dwellers Private Limited,421202,Thane,,,,under_construction,2020-07-31,
P51700025470,Elite 2 Shops,Palava Dwellers Private Limited,421202,Thane,,,,under_construction,2020-07-31,
P51700025522,Lakeside 1 Shops,Palava Dwellers Private Limited,421202,Thane,,,,under_construction,2020-07-31,
P51700025535,Lakeside 2 Shops,Palava Dwellers Private Limited,421202,Thane,,,,under_construction,2020-07-31,
P51700025674,North MLCP Shop,Palava Dwellers Private Limited,421204,Thane,,,,under_construction,2020-07-31,
P51700025475,Urbano 2 Shops,Palava Dwellers Private Limited,421202,Thane,,,,under_construction,2020-07-31,
P51700024701,MAHAVIR SQUARE,THANE SQUAREFEET LIFESTYLES LLP,400607,Thane,,,,under_construction,2027-12-30,
P51700026268,AASHRAY AANAND PHASE-II,DREAM CORPRATION,421501,Thane,,,,under_construction,2022-11-30,
P51700026368,MOTIRAM HEIGHTS,DHAIRYA PROPERTIES,421501,Thane,,,,under_construction,2024-09-30,
P51700026993,MANGALMURTI IMPERIAL,SAI LEELA CONSTRUCTION,421202,Thane,,,,under_construction,2022-09-30,
P51700024784,DEEP LAXMI HEIGHT,DEEPLAXMI HEIGHTS,421302,Thane,,,,under_construction,2024-12-30,
P51700024832,NEW APARNA SHAILESH,DINANATH KASHINATH THANEKAR,400603,Thane,,,,under_construction,2024-12-30,
P51700025359,NANA PATIL ROYAL,M/S. J. R. Y. ENTERPRISES,421501,Thane,,,,under_construction,2022-09-30,
P51700024853,AMAR VIJAY CHS LTD,J.V. ENTERPRISES,400601,Thane,,,,under_construction,2024-09-30,
P51700024785,VISHWAJEET PINK CITY,GULABRAO BABURAO KARANJULE PATIL,421501,Thane,,,,under_construction,2025-05-30,
P51700024808,SPM Lake City Phase II Part 1,KOTHARI & DESHMUKH LANDMARK LLP,421503,Thane,,,,under_construction,2026-01-30,
P51700024828,SPM lake City Phase II Part 2,KOTHARI & DESHMUKH LANDMARK LLP,421503,Thane,,,,under_construction,2026-02-28,
P51700025525,SAI VAIBHAV PARADISE,SHREE SAI DEVELOPERS,421202,Thane,,,,under_construction,2022-06-30,
P51700025385,KALANTRI PLAZA,SHREE DEVELOPERS,421302,Thane,,,,under_construction,2023-09-30,
P51700025082,Fennelia Commercial,Acme Housing India Private Limited,400607,Thane,,,,under_construction,2027-07-31,
P51700024942,MANOHAR VIKAS SHREEJI PARAISO PHASE - 2,DEEPLAXMI DEVELOPERS,421503,Thane,,,,under_construction,2029-03-30,
P51700024873,SHREEMAN RESIDENCY B AND C WING,OM ENTERPRISES,421605,Thane,,,,under_construction,2029-12-30,
P51700025002,SAI WORLD LEGEND,Paradise Lifestyles Private Limited,421001,Thane,,,,under_construction,2026-05-01,
P51700025006,SWARAJ ORCHID,M/S CRYSTAL HOMES,421503,Thane,,,,under_construction,2022-12-30,
P51700024923,DOSTI GREATER THANE - PHASE 1,ADRIKA DEVELOPERS PRIVATE LIMITED,421302,Thane,,,,under_construction,2026-04-01,
P51700025464,THE COUNT,ZEPHYR ASSOCIATES,421203,Thane,,,,under_construction,2025-09-30,
P51700025661,PRINCE AVENUE,SHAKTI DEVELOPERS,421302,Thane,,,,under_construction,2024-08-31,
P51700025122,Motiram Darshan Nx - 1,SHREE HERAMB BUILDERS,421501,Thane,,,,under_construction,2024-09-30,
P51700025116,Tulsi Aahan - B Wing,RAJ GROUP,421503,Thane,,,,under_construction,2022-12-30,
P51700025110,TRIMURTI GARDEN,SAI NARAYAN DEVELOPERS,421306,Thane,,,,under_construction,2025-12-30,
P51700024939,SHREE SAISHRADDHA APARTMENT BUILDING A,SHREE SAISHRADDHA ENTERPRISES,421311,Thane,,,,under_construction,2023-03-30,
P51700027947,L M TOWER,L M REALTY,421302,Thane,,,,under_construction,2023-08-28,
P51700025738,Sharada Deep,NYP DEVELOPERS,421506,Thane,,,,under_construction,2022-06-30,
P51700025651,CENTRUM BUSINESS SQUARE PHASE 1,SQUAREFEET CONSTRUCTION,400604,Thane,,,,under_construction,2027-06-30,
P51700025074,RELIANCE GOLD,GOLDEN ENTERPRISES,421501,Thane,,,,under_construction,2028-02-28,
P51700025816,TAJ GLACIER,MOHD SHAKEEL ABDUL RAUF ANSARI,421302,Thane,,,,under_construction,2023-12-30,
P51700025100,SHREE SHALINI,JAY SERVICE AND CONSULTANT,421601,Thane,,,,under_construction,2023-09-30,
P51700026481,SHYAM VRINDAVAN,Satnam Sakhi const LLP,421004,Thane,,,,under_construction,2023-09-06,
P51700025155,SUN CITY PHASE I,SUNRISE DEVELOPERS,421501,Thane,,,,under_construction,2026-03-15,
P51700025139,NASHEMAN-E-ZOHRA,M M BUILDERS & DEVELOPERS,421302,Thane,,,,under_construction,2026-03-01,
P51700025150,24 HIGH,DREAM APEX REALTIES,400706,Thane,,,,under_construction,2026-04-05,
P51700025109,SHREE GANESH SYMPHONY,PAWAR GROUP,421503,Thane,,,,under_construction,2025-12-01,
P51700025175,GAJANAN,GK BUILDCON,410206,Thane,,,,under_construction,2023-06-30,
P51700025487,Olive - Phase III - Pranjee Garden City,Pranjee Properties Pvt. Ltd,421503,Thane,,,,under_construction,2024-06-30,
P51700025102,M Square IT Park,Paper Flutings,400604,Thane,,,,under_construction,2024-03-30,
P51700025177,SHUBH ARCADE,SHUBH ASSOCIATES,421503,Thane,,,,under_construction,2022-03-30,
P51700025164,Kamdhenu23-west,Accura Developers LLP,400710,Thane,,,,under_construction,2025-05-30,
P51700026058,NICE GARDEN 1,ABHA CONSTRUCTIONS,400612,Thane,,,,under_construction,2026-06-30,
P51700025153,CHANDRANGAN RESIDENCY PHASE - II,EKVEERA ENTERPRISES,400612,Thane,,,,under_construction,2023-12-30,
P51700027627,"Shrushti Aarambh - Wing A1, B and B1 of Phase - III",SHRUSHTI DEVELOPERS,421503,Thane,,,,under_construction,2024-10-29,
P51700025220,RAJESHWARI RESIDENCY PHASE II,SHREE SIDDHI CONSTRUCTION,421301,Thane,,,,under_construction,2025-03-30,
P51700025218,SEASONS SAHARA BUILDING NO 2,SAMARTH SAI BUILDERS & DEVELOPERS,421306,Thane,,,,under_construction,2024-12-30,
P51700025192,Empire Industrial Centrum Phase-III,Empire Industries Limited,421505,Thane,,,,under_construction,2026-03-30,
P51700025202,Empire Industrial Centrum Phase-IV,Empire Industries Limited,421505,Thane,,,,under_construction,2025-03-30,
P51700025397,Rhythm,Aradhana Lifespace LLP,400602,Thane,,,,under_construction,2026-06-30,
P51700025311,GAMI ASTERS A WING,THALIA AND GAMI ENTERPRISES,400701,Thane,,,,under_construction,2026-12-31,
P51700025271,PADMADISHA PARADISE - BUILDING 2,PADMADISHA PARADISE,421302,Thane,,,,under_construction,2026-12-30,
P51700025270,KOHINOOR AASHIYANA,KGI REALTY PRIVATE LIMITED,421306,Thane,,,,under_construction,2024-10-30,
P51700026530,ANAND DHAM,VHS Developers,421201,Thane,,,,under_construction,2023-09-30,
P51700025277,PLATINUM SQUARE B 1,RADMIN DEVELOPERS & CONSULTANTS PRIVATE LIMITED,421301,Thane,,,,under_construction,2025-05-30,
P51700025616,PUSHKAR CO OP HSG SOCIETY PRAPOSED,AMEYA DEVELOPERS,421201,Thane,,,,under_construction,2024-02-12,
P51700025606,PLUTONIUM BUSINESS PARK,PLUTONIUM BUSINESS SOLLUTION PRIVATE LIMITED,400703,Thane,,,,under_construction,2026-06-30,
P51700027019,BALAJI HEIGHTS,M/s Tirupati Developers,421201,Thane,,,,under_construction,2025-06-30,
P51700025391,SHREENEIL NISARG,SHREENEIL DEVELOPERS,421503,Thane,,,,under_construction,2024-04-30,
P51700030327,AVIGHNA KARAN WING C,AVIGHNA KARAN,421306,Thane,,,,under_construction,2024-12-31,
P51700025478,NEW SHIV-SHAKTI CHS,SHREE LAXMI DEVELOPERS,421501,Thane,,,,under_construction,2024-03-29,
P51700025612,Chandraprabha Heights,Adwait constructions,421201,Thane,,,,under_construction,2022-06-30,
P51700028347,VISHWAM SAHANIVAS,RAJESH SITARAM DHUMAL,421601,Thane,,,,under_construction,2023-06-30,
P51700025495,Clara Shops,Palava Dwellers Private Limited,421202,Thane,,,,under_construction,2020-07-31,
P51700025841,Provident Palmvista B1,Provident Housing Limited,421204,Thane,,,,under_construction,2028-06-30,
P51700025504,EMERALD,APR REALTY,421203,Thane,,,,under_construction,2024-11-30,
P51700025696,MORYA AARAMBH,Morya Developers,421302,Thane,,,,under_construction,2023-12-01,
P51700025839,Provident Palmvista B2,Provident Housing Limited,421204,Thane,,,,under_construction,2028-06-30,
P51700025840,Provident Palmvista C1,Provident Housing Limited,421204,Thane,,,,under_construction,2028-06-30,
P51700025864,Provident Palmvista C2,Provident Housing Limited,421204,Thane,,,,under_construction,2028-06-30,
P51700025844,Provident Palmvista D1,Provident Housing Limited,421204,Thane,,,,under_construction,2028-06-30,
P51700025854,Provident Palmvista D2,Provident Housing Limited,421204,Thane,,,,under_construction,2028-06-30,
P51700025849,Provident Palmvista D3,Provident Housing Limited,421204,Thane,,,,under_construction,2028-06-30,
P51700025842,Provident Palmvista D4,Provident Housing Limited,421204,Thane,,,,under_construction,2028-06-30,
P51700025683,Prapti Heritage,Tridev Enterprises,421503,Thane,,,,under_construction,2025-06-30,
P51700025644,Deep Jyot,Deep Realtors,421503,Thane,,,,under_construction,2023-06-30,
P51700025768,SUDAM RESIDENCY,SAIKRUPA DEVELOPERS,421202,Thane,,,,under_construction,2024-06-30,
P51700025554,PRITAM SOLITAIRE,JAYESH PRAMODBHAI THAKKAR,421301,Thane,,,,under_construction,2025-12-30,
P51700025601,SHREE GANESH BUILDERS AND DEVELOPER,SHREE GANESH BUILDERS AND DEVELOPER,421201,Thane,,,,under_construction,2024-02-29,
P51700025627,Lodha iThink B,Macrotech Developers Limited,421204,Thane,,,,under_construction,2022-02-28,
P51700025692,BUILDING A1-SHREE KRUPA HEIGHTS,SHREE KRUPA BUILDERS AND DEVELOPERS,421306,Thane,,,,under_construction,2024-06-30,
P51700025810,JAGANNATH CO-OPERATIVE HOUSING SOCIETY LTD,M/s. Shrusti Buildcom,400601,Thane,,,,under_construction,2023-06-30,
P51700026370,KHUSHI PARADISE,BHANUPRATAP BHARAT SINGH,421601,Thane,,,,under_construction,2026-06-30,
P51700025677,Runwal Gardens Phase 2 Bldg no 13-17,Runwal Residency Private Limited,421204,Thane,,,,under_construction,2025-06-30,
P51700025673,Savitri Smruti,Adwait constructions,421201,Thane,,,,under_construction,2023-05-31,
P51700025694,VIRAT BUILDERS AND DEVELOPERS,VIRAT BUILDERS AND DEVELOPER THROGH PROP PRASAD SHIVAJI DHUMAL,421503,Thane,,,,under_construction,2024-02-29,
P51700025704,SUMUKH DEVELOPERAS,SUMUKH DEVELOPERS,421201,Thane,,,,under_construction,2021-11-30,
P51700025732,SHRUTI APARTMENT,VIKRANT V RAIKAR HUF - -,400701,Thane,,,,under_construction,2023-11-30,
P51700025834,DOSTI WEST COUNTY - PHASE 4- DOSTI PINE,DOSTI ENTERPRISES,400607,Thane,,,,under_construction,2027-12-30,
P51700025863,ARIZONA,PARAS DEVELOPERS,400603,Thane,,,,under_construction,2022-06-30,
P51700025932,Lodha Quality Home Tower 6,MACROTECH DEVELOPERS LIMITED,400601,Thane,,,,under_construction,2025-09-30,
P51700026454,Lodha Quality Home Tower 7,MACROTECH DEVELOPERS LIMITED,400601,Thane,,,,under_construction,2026-03-30,
P51700028028,NANDANVAN HOMES-BUILDING B,SHREE KRUPA BUILDERS,400605,Thane,,,,under_construction,2026-02-27,
P51700025896,MAHAVIR SAPPHIRE,VIPUL BHIMSHI SATRA,400701,Thane,,,,under_construction,2024-06-30,
P51700025892,Lodha Amara MLCP Retail,MACROTECH DEVELOPERS LIMITED,400607,Thane,,,,under_construction,2022-07-31,
P51700026349,Bhagwat and Jay Vyankatesh,Chaturthi Vastu Developers,421202,Thane,,,,under_construction,2027-06-30,
P51700026008,RAMESHWAR,ASHAPURA COMBINES,421301,Thane,,,,under_construction,2023-03-31,
P51700025953,SARVODAY RAM,SARVODAY REALTORS,421301,Thane,,,,under_construction,2025-06-30,
P51700026026,SARVODAY APEX,GURUDUTT DEVELOPER,421301,Thane,,,,under_construction,2026-06-30,
P51700026067,MALI PINNACLE,MALI INFRA,421306,Thane,,,,under_construction,2025-01-31,
P51700026561,MOHAN DEEP,SUNIL PURUSHOTTAM DESHMUKH,421301,Thane,,,,under_construction,2026-09-30,
P51700025968,PRINCE GALAXY,ASHTAVINAYAK CONSTRUCTION BUILDERS AND DEVELOPERS,421306,Thane,,,,under_construction,2024-06-30,
P51700032157,MY CITY PHASE II CLUSTER 5 PART II,HORIZON PROJECTS PVT LTD,421201,Thane,,,,under_construction,2027-12-31,
P51700026609,Mitasha Avish Agrawal,Mitasha Avish Agrawal,421601,Thane,,,,under_construction,2020-10-12,
P51700026352,KAIRALI PARK,RAI RESIDENCY Private Limited,421306,Thane,,,,under_construction,2024-06-30,
P51700026075,TIRUPATI HEIGHTS,TIRUPATI ENTERPRISES,400709,Thane,,,,under_construction,2024-06-30,
P51700026129,RUTIKA APARTMENT,PRAKASH DNYANDEO WANKHEDE,421501,Thane,,,,under_construction,2022-11-30,
P51700026198,REDEVLOPMENT OF PANVELKAR EMPIRE WING A WING A-1 WING B,Om Sai Shraddha Developers,421501,Thane,,,,under_construction,2024-03-30,
P51700026174,MANDAR ARCADE,SUBH CONSTRUCTION,421201,Thane,,,,under_construction,2025-06-30,
P51700026435,ADITI CROWN,M/S Tanvi Enterprises,421503,Thane,,,,under_construction,2023-09-30,
P51700027171,MY CITY PHASE II CLUSTER 5 PART III,HORIZON PROJECTS PVT LTD,421201,Thane,,,,under_construction,2027-06-30,
P51700026228,Runwal Gardens Phase 3 Bldg no 24-26,Runwal Residency Private Limited,421204,Thane,,,,under_construction,2025-06-30,
P51700026438,Runwal Shopping Arcade,Runwal Residency Private Limited,421204,Thane,,,,under_construction,2024-04-30,
P51700026340,JP REGENCY PHASE 2,JP DEVELOPERS,421501,Thane,,,,under_construction,2023-02-28,
P51700026303,ELITE RESIDENCY,E. R. CONSTRUCTIONS,400601,Thane,,,,under_construction,2024-06-30,
P51700026563,SAI PANDURANG HEIGHT,OM SAI CONSTRUCTION,421306,Thane,,,,under_construction,2026-02-28,
P51700026262,JIVAN SAFALYA CHS LTD,J B CONSTRUCTIONS,421201,Thane,,,,under_construction,2023-05-30,
P51700026500,M/S OM SHAKTI SWASTIK Co-Op Hsg Soc Ltd,M/S SPARSH INFRA,421501,Thane,,,,under_construction,2022-06-30,
P51700026608,Paramount E,Kalpataru Homes Private Limited,400608,Thane,,,,under_construction,2025-06-30,
P51700026644,SHREE PLAZA,VISHAL LAXMAN PATIL,421102,Thane,,,,under_construction,2023-06-30,
P51700026313,Maatr Waters,Maatr Enterprises,421301,Thane,,,,under_construction,2023-09-30,
P51700026503,Codename One and Only,MACROTECH DEVELOPERS LIMITED,421302,Thane,,,,under_construction,2026-06-30,
P51700026748,RUDRAKSH TOWER,SHIVSHAKTI BUILDERS AND DEVELOPERS,421202,Thane,,,,under_construction,2024-06-30,
P51700026365,REDEVELOPMENT OF GURUCHARAN CHS,SAIRAJ DEVELOPERS,421506,Thane,,,,under_construction,2023-03-30,
P51700026395,Balaji Gopal,Sai Balaji Enterprises,421201,Thane,,,,under_construction,2026-06-30,
P51700026599,BHANUMATI TOWER wing A,POOJA BUILDCON,421306,Thane,,,,under_construction,2022-06-30,
P51700026412,BHOOMI ICON,FORNAX REALTY,400709,Thane,,,,under_construction,2024-06-30,
P51700026674,BALAJI EXOTICA BUILDING TYPE D PHASE III,BALAJI WORLD,421301,Thane,,,,under_construction,2024-12-31,
P51700026664,YASHODA NANADAN RESIDENCY,JAL DEVELOPERS,421503,Thane,,,,under_construction,2023-06-12,
P51700026423,Balaji Krishna,S S Lifespaces,421201,Thane,,,,under_construction,2027-06-30,
P51700026453,KALPATARU HEIGHTS,SHIVTEJ BUILDCON,421102,Thane,,,,under_construction,2024-09-30,
P51700026551,SARVODAYGREENS,GIRIRAJ REALTORS,421302,Thane,,,,under_construction,2024-06-30,
P51700027158,No. G 49,T Bhimjyani Realty Pvt.Ltd.,400610,Thane,,,,under_construction,2021-01-31,
P51700026753,OM SAMAPRIYA COMPLEX BLDG.NO-1,OMKAR REALTORS,421202,Thane,,,,under_construction,2024-09-30,
P51700026485,RITZ PHASE - 1,VIKAS HARAKCHAND JAIN,421301,Thane,,,,under_construction,2022-12-30,
P51700026516,Rachana Co-operative Housing Society,JOSHI ENTERPRISES,400602,Thane,,,,under_construction,2024-03-30,
P51700028270,RAM AMBAR,PRAMUKH INFRACON,421501,Thane,,,,under_construction,2025-06-30,
P51700026824,SURAJ PREMISES CO OP SOCIETY LIMITED,SAMP FURNITURE PRIVATE LIMITED,400601,Thane,,,,under_construction,2023-09-30,
P51700026573,VEDANT GARDEN,SHREE VEDANT ENTERPRISES,421503,Thane,,,,under_construction,2024-03-30,
P51700026854,Arya and Ira,Mahima Infra Estates LLP,421301,Thane,,,,under_construction,2022-12-30,
P51700026578,CROWN RESIDENCY,CROWN BUILDERS AND DEVELOPERS,400612,Thane,,,,under_construction,2024-06-30,
P51700026689,LAXMI RESIDENCY,Pushpalata Dattatray Kanthe,421601,Thane,,,,under_construction,2025-06-30,
P51700026600,Sai Shrushti Valley - Phase II / Ramchandra Complex,SAI SHRUSHTI ENTERPRISES,400612,Thane,,,,under_construction,2024-06-30,
P51700026845,AMOR ESTATE,SHAILESH JAMNADAS DAWDA,421503,Thane,,,,under_construction,2026-06-30,
P51700026653,L AND T SEAWOODS RESIDENCES - NORTH TOWERS,L&T SEAWOODS LIMITED,400706,Thane,,,,under_construction,2024-12-30,
P51700026738,SILVER LINE PHASE - 2,HOME COSULTANCY,421605,Thane,,,,under_construction,2031-03-01,
P51700026672,Broadway Annex,ganesh chandrakant malvankar,400601,Thane,,,,under_construction,2024-06-30,
P51700026717,SAHYOG IBM,S S CONSTRUCTION,400612,Thane,,,,under_construction,2024-12-30,
P51700027713,SILVER LINE PHASE - 1,HOME CONSULTANCY,421605,Thane,,,,under_construction,2031-03-01,
P51700026921,Regency Landmark,Regency Reality Developers LLP,421003,Thane,,,,under_construction,2024-04-30,
P51700026750,Metropolis - Insignia Towers,ANANT SQUARE,400607,Thane,,,,under_construction,2026-04-14,
P51700027225,MATOSHREE RESIDENCY,M/S MATOSHREE DEVELOPERS,421204,Thane,,,,under_construction,2025-06-30,
P51700027091,MADHU VILLA,SHREE KRISHNA ENTERPRISES,421301,Thane,,,,under_construction,2022-12-30,
P51700026776,SAI VANDANA BUILDERS AND DEVELOPERS,SAI VANDANA BUILDERS AND DEVELOPERS,421201,Thane,,,,under_construction,2025-02-28,
P51700027029,SAIRATAN DEVELOPERS,SAIRATAN DEVELOPERS,421202,Thane,,,,under_construction,2025-02-28,
P51700026804,OM ENCLAVE,OM SHIV ENGINEERING AND CONSTRUCTION OPERATIONS PRIVATE LIMITED,421301,Thane,,,,under_construction,2025-12-31,
P51700026769,HARI NIWAS,HARI KRISHNA ENTERPRISE,410206,Thane,,,,under_construction,2024-06-30,
P51700026789,OM KRUPA APARTMENT,ANSHU PRADEEP GUPTA,421306,Thane,,,,under_construction,2025-04-01,
P51700026742,ANJANABAI APARTMENT,GANESH TUKARAM BHANE,421306,Thane,,,,under_construction,2024-06-30,
P51700027339,ARIHANT ANMOL PHASE III,ARIHANT VATIKA REALTY PRIVATE LIMITED,421503,Thane,,,,under_construction,2026-06-30,
P51700026760,Regency Antilia Phase V Avana,REGENCY NIRMAN LTD,421001,Thane,,,,under_construction,2024-10-30,
P51700027195,Sai Empire,Om Sai Associates,421204,Thane,,,,under_construction,2024-06-29,
P51700026861,AYUSH PALACE PHASE II,TULSI LAND DEVELOPERS,421301,Thane,,,,under_construction,2025-06-30,
P51700026948,ROYAL MANOR,ABDUL GULAMPEER SHAIKH,421501,Thane,,,,under_construction,2024-06-01,
P51700026868,SUNRAJ SUPREME,VASHDEV BACHOMAL KHUSHALANI,421201,Thane,,,,under_construction,2026-06-30,
P51700027057,SWARAJYA-NX,SWAMINI INFRA PRIVATE LIMITED,421503,Thane,,,,under_construction,2024-04-30,
P51700026919,EKDANT RESIDENCY,EKDANT CONSTRUCTION,400601,Thane,,,,under_construction,2023-03-31,
P51700027105,SHREE MANGALMURTI BUILDERS AND DEVELOPERS,VASANTI KASHINATH CHAUDHARI,421401,Thane,,,,under_construction,2022-09-30,
P51700026865,UMIYA COMPLEX WING H AND WING G,Umiya Associates,421503,Thane,,,,under_construction,2025-06-30,
P51700027450,NEXUS PARK,NEXUS GROUP,400612,Thane,,,,under_construction,2026-06-30,
P51700026927,Runwal Gardens Phase 3 Bldg No 27-28,Runwal Residency Private Limited,421201,Thane,,,,under_construction,2025-12-30,
P51700027126,SIDDHAKALA HEIGHTS,Rushabh Developers,400604,Thane,,,,under_construction,2024-06-30,
P51700027034,PARICHAY APARTMENT,DEVDATTA BUILDERS LLP,421503,Thane,,,,under_construction,2024-12-30,
P51700026924,MAHALAXMI PARADISE ii,SHREE MAHALAXMI BUILDERS AND DEVELOPERS,421501,Thane,,,,under_construction,2026-06-30,
P51700026925,AJMERA BLISS,M/s YOGI DEVELOPERS CORPORATION,421301,Thane,,,,under_construction,2024-04-30,
P51700027081,SUKUR SAPPHIRE PHASE I,RAJARAM CONSTRUCTION,400610,Thane,,,,under_construction,2022-12-30,
P51700029081,Raj Silverstone,SKYSPACE BUILTEK,421503,Thane,,,,under_construction,2023-06-30,
P51700027232,SATYAM SEVEN SKIES,Jai Jalaram Enterprises,410210,Thane,,,,under_construction,2024-06-30,
P51700028344,Runwal Gardens Phase 3 Bldg No 29-30,Runwal Residency Private Limited,421204,Thane,,,,under_construction,2026-06-30,
P51700027170,Ganraj Residency,EKDANT DEVELOPERS,421601,Thane,,,,under_construction,2023-12-30,
P51700027546,SARVODAY SQUARE PHASE 3 BLDG NO 1,SHREE SQUAREFEET ENTERPRISES LLP,421505,Thane,,,,under_construction,2026-06-30,
P51700027065,Maitri Rukmini Sadan,MAITRI CREATIONS,421201,Thane,,,,under_construction,2024-05-30,
P51700026977,EKVEERA AAI CONTRUCTION,EKVEERA AAI CONSTRUCTION,421306,Thane,,,,under_construction,2025-04-01,
P51700026996,SHREE BALAJI DEVELOPERS,SHREE BALAJI DEVELOPERS,421204,Thane,,,,under_construction,2026-04-01,
P51700027142,RUDRA HEIGHTS,A.S.D. ENTERPRISES,421202,Thane,,,,under_construction,2024-12-30,
P51700027136,Samruddhi Residency,SHREE SAI GANESH DEVELOPERS,400612,Thane,,,,under_construction,2025-06-30,
P51700028899,PURVA PRIME,TRIMURTI CONSTRUCTIONS,421202,Thane,,,,under_construction,2026-09-30,
P51700027036,TEN X HABITAT Raymond Realty Tower H,Raymond Limited,400606,Thane,,,,under_construction,2025-09-30,
P51700027115,LARKINS 315 FIO-A,M/S PUSHPAK DEVELOPERS,400602,Thane,,,,under_construction,2026-12-30,
P51700027177,Maharaja Residency,M/S. SANVEG BUILDERS,421503,Thane,,,,under_construction,2024-06-30,
P51700027075,Vishwajeet Soman Central,SHRESTHA CONSTRUCTION COMPANY,421301,Thane,,,,under_construction,2025-06-30,
P51700027293,PARIJATAK PHASE I A AND B WING,VARAD BUILDERS,421503,Thane,,,,under_construction,2025-06-30,
P51700027239,BALAJI DARSHAN,BALAJI INFRA,421503,Thane,,,,under_construction,2024-09-30,
P51700028076,MAHALAXMI - ONE,SIDDHILAXMI SHELTER PRIVATE LIMITED,421201,Thane,,,,under_construction,2023-09-30,
P51700031471,SPRINGS,QUEENSTOWN CONSTRUCTIONS PRIVATE LIMITED,400701,Thane,,,,under_construction,2024-03-31,
P51700027430,SHREE KRISHNA PARADISE,RAM ASSOCIATES,421005,Thane,,,,under_construction,2022-12-30,
P51700027183,KK RESIDENCY,M. R. REALTY,421204,Thane,,,,under_construction,2026-06-30,
P51700027436,GODREJ UPAVAN,PRAKHHYAT DWELLINGS LLP,421302,Thane,,,,under_construction,2028-06-30,
P51700027374,ZIDANE TOWER,STONEWORK DEVELOPERS LLP,421302,Thane,,,,under_construction,2025-06-30,
P51700027449,Lodha Quality Home Tower - 5,MACROTECH DEVELOPERS LIMITED,400601,Thane,,,,under_construction,2025-03-30,
P51700027223,PYRAMID ICON,TITANIUM INFRACON,400701,Thane,,,,under_construction,2023-06-30,
P51700027176,Shapoorji Pallonji The Impulse- Phase 1,Jaykali Developers Private Limited,400610,Thane,,,,under_construction,2024-06-30,
P51700027322,SAI KRIPA RESIDENCY,GOKULDHAM BUILDERS & DEVELOPERS,421003,Thane,,,,under_construction,2024-04-10,
P51700027255,JAYESH HEIGHTS,ASRA DEVELOPERS,421306,Thane,,,,under_construction,2025-02-28,
P51700027975,Anandi Height,Prathmesh Developers,421202,Thane,,,,under_construction,2024-06-29,
P51700027328,SHREE UMA RESIDENCY CHS LTD,SHREE UMA DEVELOPERS,421202,Thane,,,,under_construction,2023-09-30,
P51700027197,Shapoorji Pallonji The Impulse- Phase 2,Jaykali Developers Private Limited,400610,Thane,,,,under_construction,2025-03-30,
P51700027292,DREAM DIGIT,SAINATH MOTOR BODY BUILDERS,410206,Thane,,,,under_construction,2026-06-30,
P51700027251,AMBER ONE,AMBER BUILDCON,421201,Thane,,,,under_construction,2028-06-30,
P51700027463,MAHI,NINA DEVELOPERS,421503,Thane,,,,under_construction,2025-06-30,
P51700027307,MAHAAVIR PRIDE,MAHAAVIR BUILDCON LLP,421204,Thane,,,,under_construction,2025-12-31,
P51700027277,CENTRAL EMPIRE,AL ABRAAJ BUILDERS AND DEVELOPERS,400612,Thane,,,,under_construction,2026-06-30,
P51700027587,KARTHIK HEIGHTS,GANESH ENTERPRISES,421306,Thane,,,,under_construction,2025-01-21,
P51700027621,Riverview Classic Building no. 3 Phase III,RUTU BUILDERS,421301,Thane,,,,under_construction,2024-06-30,
P51700027320,ELEGANT CITY BLISS,NEELE BUILDCON LLP,421602,Thane,,,,under_construction,2025-06-30,
P51700027311,SAIRAJ ANNEX,AVS ENTERPRISES,421503,Thane,,,,under_construction,2022-09-30,
P51700027799,THE WOODS PHASE III,Laxmi Buildcon LLP,421501,Thane,,,,under_construction,2021-10-30,
P51700028011,ASHIRWAD RESIDENCY CHS LTD,P G BUILDERS & DEVELOPERS,421501,Thane,,,,under_construction,2023-12-30,
P51700027336,RED ROSE,KHUBCHAND GORDHANDAS HINDUJA,421601,Thane,,,,under_construction,2023-06-30,
P51700027399,ASHLAR TATTVA,AKSHAR ENTERPRISES,421605,Thane,,,,under_construction,2027-06-30,
P51700027267,IMPERIAL PARK,Queens Realty,421204,Thane,,,,under_construction,2023-06-25,
P51700027668,MAHALAXMI RESIDENCY,SANJAY VASANT THAKKAR,400601,Thane,,,,under_construction,2023-06-30,
P51700028142,ARAVALI,SINGH CONSTRUCTION,421501,Thane,,,,under_construction,2024-09-30,
P51700027523,Parijas Zenith,Parijas Infraventures LLP,421301,Thane,,,,under_construction,2025-01-31,
P51700027345,AL HADI RESIDENTIAL COMPLEX PHASE II,SAHYADRI GRIH NIRMAN,400612,Thane,,,,under_construction,2025-09-30,
P51700028466,27 East,Rashi Developers,421204,Thane,,,,under_construction,2025-06-30,
P51700027414,LAUKIK HOMES GREEN CITY PHASE 1,Laukik Homes,421201,Thane,,,,under_construction,2027-06-30,
P51700027452,Lodha Clariant C3,MACROTECH DEVELOPERS LIMITED,400607,Thane,,,,under_construction,2023-06-30,
P51700027462,Shree Nath Niwas,M/s. Gaurang Properties Pvt Ltd,400602,Thane,,,,under_construction,2024-04-30,
P51700028645,CORAL ELANZA,SANJAY B AGARWAL,421501,Thane,,,,under_construction,2024-09-30,
P51700027441,GAMI INDUSTRIAL PARK-B BUILDING,Golden Falcon Pacific Ltd,400705,Thane,,,,under_construction,2023-06-30,
P51700028321,SAFFRON HILLS L- WING,ALPHA COMBINES,421503,Thane,,,,under_construction,2023-09-30,
P51700027507,Swami Darshan,Geetai Foundation,421501,Thane,,,,under_construction,2024-08-31,
P51700027802,SHREE SAMARTH PARK,SHREE ENTERPRISES,421401,Thane,,,,under_construction,2023-06-30,
P51700027730,ANWAR ARCADE,FARHAT FAROOQUE AHMED MOMIN,421302,Thane,,,,under_construction,2027-06-30,
P51700027495,KRISHNALAYA,ADWAIT REALTY,421501,Thane,,,,under_construction,2024-06-30,
P51700028269,PATELS PARADISE,PARAM PROPERTY DEVELOPERS,421501,Thane,,,,under_construction,2025-01-31,
P51700027861,SHALIMAR CO.OP HSG SOC LTD,SWAYAM SHAILESH PARANJAPE,400603,Thane,,,,under_construction,2024-04-30,
P51700027863,Sai Galaxy B-Wing,Jash Developers,421204,Thane,,,,under_construction,2026-06-30,
P51700027591,VATSALYA SKYLINE,SUBHASH SKYLINE INFRA,421201,Thane,,,,under_construction,2024-02-29,
P51700027567,Shree Samarth Krupa,SHREE SAMARTH KRUPA DEVLOPERS,421201,Thane,,,,under_construction,2023-06-30,
P51700028385,SHIVAM HEIGHTS,Jay Malhar Construction,421306,Thane,,,,under_construction,2023-06-30,
P51700027560,JAY SANTOSHIMATA COMPLEX,U S BUILDERS & DEVELOPERS,421401,Thane,,,,under_construction,2024-06-30,
P51700027652,GANESH APARTMENT,GLOBE DEVELOPERS,400701,Thane,,,,under_construction,2022-11-30,
P51700027683,ISHNA HEIGHT,S.K. HOMES BUILDER & DEVELOPERS,421301,Thane,,,,under_construction,2023-06-30,
P51700027634,Annapurna Niwas,Shree Swami Krupa Developers,400604,Thane,,,,under_construction,2025-06-30,
P51700027719,DREAM ARCADE,DREAM REALTY,400602,Thane,,,,under_construction,2024-06-30,
P51700029156,JADHAV GADH,Shree Samarth Developers,421301,Thane,,,,under_construction,2022-12-31,
P51700027694,HYDE PARK RESIDENCY F5 BUILDING PHASE,NEXUS BUILDERS AND DEVELOPERS PVT LTD,400610,Thane,,,,under_construction,2023-09-30,
P51700027906,AMBRIN,IMPRESSIONS,421201,Thane,,,,under_construction,2023-01-31,
P51700027767,Vanita Arcade Cooperative Housing Society Limited,Shruti Enterprises,421503,Thane,,,,under_construction,2024-05-30,
P51700027822,ZIPRYA GOVIND TOWER,Shivshkati Builders and Developers,421202,Thane,,,,under_construction,2024-06-30,
P51700027704,VISHWAJEET PINK CITY NX,ABHIJEET CONSTRUCTION,421501,Thane,,,,under_construction,2024-11-30,
P51700027736,SHREE GANESH PLAZZA,R P ENTERPRISES,421601,Thane,,,,under_construction,2023-06-30,
P51700029084,OMKAR PLANET,OMKAR ENTERPRISES,400706,Thane,,,,under_construction,2024-12-08,
P51700028006,MAHAJAN CHS,MAHAJAN CHS,400602,Thane,,,,under_construction,2024-06-30,
P51700027980,BALAJI ESTATE,M/s. Sai Balaji Buildcon,421204,Thane,,,,under_construction,2025-06-30,
P51700028081,Redevelopment of Suyog Sahajeevan C.H.S,Geetai Investment,421503,Thane,,,,under_construction,2023-06-30,
P51700028021,MEET AVENUE,BUILDCON ENGINEERS,421302,Thane,,,,under_construction,2024-09-30,
P51700029534,"Constrcution of 2557 EWS tenements at S.No.157/1,village Gotheghar,Tal . Dist.-Thane PMAY Project",ARUN SHANKARRAO BORGAVE,421204,Thane,,,,under_construction,2028-06-06,
P51700028136,DHAVAL,SHREEJI AND INNOVATIVE DEVELOPERS,421503,Thane,,,,under_construction,2022-12-30,
P51700028102,SHREE SAI ARNAV,GYANDEV INFRA,421501,Thane,,,,under_construction,2024-06-30,
P51700029322,LAXMI CASTLE,ARIHANT ENTERPRISES,421203,Thane,,,,under_construction,2024-05-31,
P51700028239,PATELS EMERALD,PRAMUKH INFRASTRUCTURES,421501,Thane,,,,under_construction,2024-06-30,
P51700028044,BALAJI BIZZILAND COMPLEX -PHASE I,H R GADNIS AND ASSOCIATES,421503,Thane,,,,under_construction,2024-12-31,
P51700028002,SHIV MALHAR DEVELOPERS,MANESH VASANT MALUSARE,421202,Thane,,,,under_construction,2024-04-01,
P51700028301,SHREE ADRSHAN APARTMENT,SHREE DARSHAN ENTERPRISES,421503,Thane,,,,under_construction,2023-06-30,
P51700028098,PALAVA AZZURRA E TO H,Palava Dwellers Private Limited,421201,Thane,,,,under_construction,2026-06-30,
P51700028176,SRUSHTI RESIDENCY BUILDING E,Pappu Developers & Group,421201,Thane,,,,under_construction,2024-06-30,
P51700028398,SITARAM CHHAYA,AKVIRA ENTERPRISES,421202,Thane,,,,under_construction,2023-06-30,
P51700028487,VANDANA LODGING AND BOARDING,CHINTAMANI RAGHUNATH AWSARE,421501,Thane,,,,under_construction,2022-01-15,
P51700028193,GULMOHAR APARTMENT BUILDING B UPPER THREE FLOORS,Chaitanya Enterprises,400606,Thane,,,,under_construction,2023-06-30,
P51700028137,AL-RAB COMPLEX BUILDING 2,SHAFIQUR RAHMAN ABDULRAB SHAIKH,421302,Thane,,,,under_construction,2026-06-30,
P51700028260,Shree Ram Niwas,Shree Ganadhish Homes,421201,Thane,,,,under_construction,2025-06-30,
P51700029202,SHIV PRASAD,Neelyog Developers,421202,Thane,,,,under_construction,2023-05-31,
P51700028436,SWASTIK HEIGHTS,ASHOK SURYANARAYAN SINGH,421201,Thane,,,,under_construction,2023-09-30,
P51700028285,MADHAV HEIGHT,SHREE KRISHNA DEVELOPERS,421301,Thane,,,,under_construction,2024-06-30,
P51700028856,SARVODAY KALP,EKTA REALTORS,421204,Thane,,,,under_construction,2025-08-28,
P51700028975,RAI S NISARG,RAI RESIDENCY Private Limited,421306,Thane,,,,under_construction,2025-12-31,
P51700028309,The Landmark,R PLUS INFRA,421503,Thane,,,,under_construction,2026-02-15,
P51700029285,OMKAR RESIDENCY,M/s OMKAR ASSOCIATES,421605,Thane,,,,under_construction,2025-12-31,
P51700030036,SAMBHAVI,SHREE VAKRATUNDA DEVELOPERS,421301,Thane,,,,under_construction,2024-10-31,
P51700028369,SILVER PRIDE,SWAMINI INFRA PRIVATE LIMITED,421503,Thane,,,,under_construction,2024-06-30,
P51700028367,FENKIN9,FEN-KIN BUILDPRO LLP,400604,Thane,,,,under_construction,2025-06-30,
P51700028282,Shree Shiv,SHREE SHIV CONSTRUCTION,421503,Thane,,,,under_construction,2024-02-15,
P51700028208,PANVELKAR PRESTIGE,ESHAN DEVELOPERS,421503,Thane,,,,under_construction,2024-06-30,
P51700028786,Maatr Skye,Maatr Ventures,421301,Thane,,,,under_construction,2025-09-30,
P51700028295,GR GALAXY,SHAHZADALI ABDULWAHEB CHAUDHARY,421601,Thane,,,,under_construction,2023-06-30,
P51700028329,Royal Palm,Buildcon Enterprises,421601,Thane,,,,under_construction,2024-06-30,
P51700028712,Sai Avenue Business Park,Ram Vasant Rane,400604,Thane,,,,under_construction,2024-06-30,
P51700028432,The Nageshwar Apartment,Omkar Developers,421503,Thane,,,,under_construction,2023-09-30,
P51700028779,FORTUNE PRIDE,SURESH GURALDAS THADANI,421004,Thane,,,,under_construction,2024-04-30,
P51700028296,SHLOK APARTMENT,SHREE MANGALMURTI BUILDERS AND DEVELOPERS,400708,Thane,,,,under_construction,2022-12-30,
P51700029071,GHORPADE HEIGHTS,GANRAJ DEVELOPERS,421503,Thane,,,,under_construction,2024-03-30,
P51700028972,SHYAM FORTUNE,MURLI SHYAMLAL SACHDEV,421005,Thane,,,,under_construction,2023-07-31,
P51700028694,KRISHNA KUNJ,SURESH GURALDAS THADANI,421005,Thane,,,,under_construction,2024-03-30,
P51700028336,ASHTAVINAYAK ENTERPRISES,ANIL GEMU CHAVAN,421201,Thane,,,,under_construction,2024-04-01,
P51700028339,NEELKANTH PALMS,NEELKANTH DEVELOPERS,421302,Thane,,,,under_construction,2028-12-31,
P51700028341,OM SAI DEVELOPERS,OM SAI DEVELOPERS,421201,Thane,,,,under_construction,2024-04-01,
P51700028556,SHUBHAM,KRYSTAL BUILDCON,400701,Thane,,,,under_construction,2023-12-30,
P51700028836,SOHAM GARIMA,Jitendra Shivaji Patil,421301,Thane,,,,under_construction,2024-10-05,
P51700028691,MAINA PALACE CHS LTD,MANGAL MAITRI GROUP,421202,Thane,,,,under_construction,2024-06-30,
P51700031342,EKDANTA,SANTOSH BALU VEKHANDE,421301,Thane,,,,under_construction,2022-12-31,
P51700029573,SHAURYA HEIGHTS,SHAURYA DEVELOPERS,421503,Thane,,,,under_construction,2023-06-30,
P51700028516,PRABHU ASHISH,SKYLINE INFRASTRUCTURE,400614,Thane,,,,under_construction,2022-06-30,
P51700028668,HEM MIT APARTMENT,SANJESH GOPAL PATKAR,421503,Thane,,,,under_construction,2024-06-29,
P51700029442,"Sadguru Symphony - Wing - A, D, E, F and G of Phase-II",SADGURU INFRA,421503,Thane,,,,under_construction,2024-06-30,
P51700028525,GULMOHAR PINK CITY,AMI BUILDCON,421501,Thane,,,,under_construction,2023-06-30,
P51700028927,DOSTI GREATER THANE- PHASE 1 - DOSTI PARADISE,ADRIKA DEVELOPERS PRIVATE LIMITED,421302,Thane,,,,under_construction,2025-10-01,
P51700028460,DEEP POOJA BUILDING,ARC DEVELOPERS,421503,Thane,,,,under_construction,2023-06-15,
P51700029471,TRIVENI GRANDE,TRIVENI LIFESTYLE DEVELOPERS LLP,421301,Thane,,,,under_construction,2024-03-31,
P51700028697,PANVELKAR PRIDE,MUKUND BUILDERS & CONTRACTORS PVT LTD,421501,Thane,,,,under_construction,2025-09-30,
P51700028915,GEETA PLAZA,ROYAL DEVELOPERS,400601,Thane,,,,under_construction,2026-06-30,
P51700051088,MOHAN SUBURBIA IV NX,MOHAN LIFESPACES LLP,421501,Thane,,,,under_construction,2027-12-31,
P51700028502,Ekveera Heights,AAI ENTERPRISES,421501,Thane,,,,under_construction,2024-06-15,
P51700028580,KINGS COURT,AMI SAI CONSTRUCTION,421501,Thane,,,,under_construction,2023-06-30,
P51700029385,ARIHANT CITY PHASE-II - P BUILDING,ARIHANT ENTERPRISES,421302,Thane,,,,under_construction,2025-12-31,
P51700029333,Geeta Heights,MAYUR GROUP (RD),421301,Thane,,,,under_construction,2024-12-31,
P51700028530,Shyam Vatika,Mahesh Shamlal Sachdev,421004,Thane,,,,under_construction,2024-06-30,
P51700029381,ARIHANT CITY PHASE-II - A BUILDING,ARIHANT ENTERPRISES,421302,Thane,,,,under_construction,2026-12-31,
P51700029384,ARIHANT CITY PHASE-II - B BUILDING,ARIHANT ENTERPRISES,421302,Thane,,,,under_construction,2026-12-31,
P51700029386,ARIHANT CITY PHASE-II - C BUILDING,ARIHANT ENTERPRISES,421302,Thane,,,,under_construction,2026-12-31,
P51700028707,AL AMIN TOWER,S V BUILDERS,421302,Thane,,,,under_construction,2023-06-30,
P51700028950,ARIHANT ADVIKA,ARIHANT AASHIYANA PRIVATE LIMITED,400703,Thane,,,,under_construction,2028-12-31,
P51700028722,EV Shradha,EV HOMES CONSTRUCTIONS PVT LTD,400703,Thane,,,,under_construction,2028-06-30,
P51700028914,USHAKIRAN ENCLAVE,JAYANT ENTERPRISES,421203,Thane,,,,under_construction,2026-06-30,
P51700028808,Midas Enclave,Mayra Developers,421601,Thane,,,,under_construction,2024-09-30,
P51700028607,LAXMI SHANKAR COMPLEX,ADITI BUILDWELL,421503,Thane,,,,under_construction,2028-06-30,
P51700029282,Bhumi Height,Bhumi Homes,421203,Thane,,,,under_construction,2026-12-31,
P51700028842,Kailash Darshan CHS LTD,Yadav Bros Construction,421501,Thane,,,,under_construction,2023-12-31,
P51700028840,VARAD ASHISH,VARAD REALTORS,421301,Thane,,,,under_construction,2025-06-30,
P51700028547,SADGURU NAKSHTRA PHASE II,SADGURU DEVELOPERS,421301,Thane,,,,under_construction,2024-10-29,
P51700028797,SAI VATIKA RESIDENCY,MOHD HASIM ABDUL SATTAR KHAN,421302,Thane,,,,under_construction,2025-06-30,
P51700028535,The Icon Phase 2,Leading Frontier Private Limited,400607,Thane,,,,under_construction,2026-06-30,
P51700028638,ISHWAR BLISS,ISHWAR REALITY,421501,Thane,,,,under_construction,2024-05-31,
P51700028631,RAJLAXMI DEVELOPERS,RAJLAXMI DEVELOPERS,421201,Thane,,,,under_construction,2024-04-01,
P51700028903,KHATUNBI APARTMENT,JILANI  GORE,421503,Thane,,,,under_construction,2024-06-30,
P51700028831,CHADHA RESIDENCY,CHADHA DEVELOPERS AND PROMOTERS,421501,Thane,,,,under_construction,2026-09-30,
P51700029348,ARIHANT ALEENTA,ARIHANT ESTATES,400703,Thane,,,,under_construction,2028-12-31,
P51700029161,PANVELKAR RIO,Panvelkar Group Realty,421501,Thane,,,,under_construction,2024-06-30,
P51700028817,Nakhuda,Holy Square Realty,400601,Thane,,,,under_construction,2026-06-30,
P51700028947,Ojasvi Pinnacle,Rupali Developers,400605,Thane,,,,under_construction,2023-12-31,
P51700028940,Sujata Co-operative Housing Society,JOSHI ENTERPRISES,400601,Thane,,,,under_construction,2024-06-30,
P51700034205,RUBAYNA RESIDENCY PHASE 2,SUDHIR DAMODAR GHATNEKAR,421503,Thane,,,,under_construction,2025-12-31,
P51700028855,HARI SANSKRUTI,SARASWATI DEVELOPERS,421503,Thane,,,,under_construction,2026-06-30,
P51700029155,Runwal Gardens Phase 4 Bldg No. 31-32,Runwal Residency Private Limited,421204,Thane,,,,under_construction,2025-12-31,
P51700029655,MANGESHI SANSKAR WING E AND BUNGALOW,RAI RESIDENCY Private Limited,421306,Thane,,,,under_construction,2023-12-31,
P51700030047,SHREE MANGAL NARAYAN RESIDENCY,N V CONSTRUCTION,421201,Thane,,,,under_construction,2023-12-31,
P51700028742,BHIMAI TOWER,SAI SAMARTH CONSTRUCTION,421306,Thane,,,,under_construction,2024-09-30,
P51700028873,OM SAI CLASSIC,D A CONSTRUCTION,421501,Thane,,,,under_construction,2025-06-30,
P51700029045,HIGHLAND SKY ARCADE,PROVIDENCE REALTY LLP,400602,Thane,,,,under_construction,2024-08-31,
P51700029807,SAI GEETA APT.,K K ENTERPRISES,421503,Thane,,,,under_construction,2023-12-31,
P51700028880,NANO CITY,PINNACLE SPM GROUP,421503,Thane,,,,under_construction,2025-06-30,
P51700029217,Jeevan Lifestyle Phase V Bldg 14 and 15,JEEVAN ENTERPRISES,421503,Thane,,,,under_construction,2023-12-31,
P51700028919,SHELAR PARK,Shelar Developers,421301,Thane,,,,under_construction,2023-06-30,
P51700029076,Shreeji Lake View,Shree Infra Developers,421301,Thane,,,,under_construction,2026-03-31,
P51700029231,MAA GAURI,SIDDHIVINAYAK ENTERPRISE,421004,Thane,,,,under_construction,2023-03-31,
P51700029198,BROTHERS AVENUE,FIVE BROTHERS CORPORATION,400614,Thane,,,,under_construction,2025-03-31,
P51700029218,SHREEJI ICONIC PHASE II,RAJ LAXMI DEVELOPERS,421503,Thane,,,,under_construction,2022-11-30,
P51700028923,GNP GALAXY PHASE - III,ROSHNI ENTERPRISES,421501,Thane,,,,under_construction,2025-09-30,
P51700029095,SHIV SAI KRUPA CHS LTD,P G BUILDERS & DEVELOPERS,421501,Thane,,,,under_construction,2024-06-30,
P51700029523,SHEETAL RESIDENCY,ANITA BHARATKUMAR JAIN,421501,Thane,,,,under_construction,2024-04-30,
P51700029587,SATVIK WING B,M/s. JIGAR ENTERPRISE,400086,Thane,,,,under_construction,2024-12-31,
P51700029253,RHYTHAM CO OP HOUSING SOCIETY LTD,TELANGE BUILDERS & DEVELOPERS PRIVATE LIMITED,421501,Thane,,,,under_construction,2023-08-24,
P51700029049,ARJUN HEIGHTS,NANDA ARJUN SHELKE,421401,Thane,,,,under_construction,2026-12-31,
P51700029262,SUMANGAL ANANT,SUMANGAL VASTU CONSTRUCTIONS,421202,Thane,,,,under_construction,2023-12-31,
P51700029410,RADHE MOHAN,K T HOMES,400709,Thane,,,,under_construction,2024-12-31,
P51700029145,GOPAL SMRUTI,DATTA BABURAO GHAVAT,421501,Thane,,,,under_construction,2024-03-24,
P51700029908,OASIS HABITATS,FAISAL NISAR AHMED SHAIKH,421302,Thane,,,,under_construction,2026-06-30,
P51700029059,THE ICON PHASE 3,Leading Frontier Private Limited,400607,Thane,,,,under_construction,2026-12-31,
P51700029062,The Icon Phase 4,Leading Frontier Private Limited,400607,Thane,,,,under_construction,2026-12-31,
P51700029191,Aarti Heights,Shaneshwar Builders & Developers,421306,Thane,,,,under_construction,2025-05-31,
P51700029098,SATYAM OLEANDER,M/S BHOIR BUILDCON,421501,Thane,,,,under_construction,2024-12-31,
P51700029135,ISHWAR SHUBHLAXMI,ISHWAR REALITY,421501,Thane,,,,under_construction,2022-07-31,
P51700029068,BHOOMI AVENUE,BHOOMI ENTERPRISES,421501,Thane,,,,under_construction,2023-08-31,
P51700029295,ADITYA MATRUCHAYA,SQUARE DEVELOPERS,421501,Thane,,,,under_construction,2025-09-12,
P51700029567,PRECIOUS GALAXY,ISHWAR BUILDCON,421501,Thane,,,,under_construction,2023-11-30,
P51700029229,KARTIK HOMES,KARTIK ENTERPRISES,421503,Thane,,,,under_construction,2024-12-31,
P51700029221,SHANKHESHWAR PLATINA,SHANKHESHWAR KREATERS,421301,Thane,,,,under_construction,2025-03-31,
P51700029564,NUTAN OMKAR VIHAR,OMKAR ENTERPRISES,421503,Thane,,,,under_construction,2023-08-31,
P51700029153,KATARIAS,SUMIT DEVELOPERS,421003,Thane,,,,under_construction,2024-03-31,
P51700029349,NAKSHATRA ASHVINI,NAKSHATRA DEVELOPER,421202,Thane,,,,under_construction,2024-12-31,
P51700029339,EMPERIA ICON,EMPERIA PROJECTS,400706,Thane,,,,under_construction,2026-12-31,
P51700029472,JAIHIND BUILDCON,JAIHIND BUILDCON,421004,Thane,,,,under_construction,2024-12-31,
P51700029397,PARI ARCADE,SARVESH ENTERPRISES,421503,Thane,,,,under_construction,2023-12-31,
P51700029346,PRAVARSHA COOPERATIVE HOUSING SOCIETY LIMITED,PRAVARSHA CO-OPERATIVE SOCIETY LIMITED,421503,Thane,,,,under_construction,2025-04-30,
P51700029529,MAA AMBICA ENTERPRISES,MAA AMBICA ENTERPRISES,421005,Thane,,,,under_construction,2024-12-31,
P51700029763,GANPATI HEIGHTS,MANOJ PRABHAKAR PATIL,421605,Thane,,,,under_construction,2024-05-30,
P51700029551,CENTURA SQUARE,SUPPER SQUAREFEET INFRAVENTURES LLP,400604,Thane,,,,under_construction,2026-12-31,
P51700029428,TRIVENI CROWN,TRIVENI UPLIFE REALTORS LLP,421301,Thane,,,,under_construction,2025-03-31,
P51700029477,ISHWAR MAMTA,ISHWAR REALITY,421501,Thane,,,,under_construction,2022-12-31,
P51700029414,SHREE MAULI PRABHA,SHREE PRABHA CONSTRUCTION,421201,Thane,,,,under_construction,2024-07-31,
P51700029554,METRO MAJESTIC,NAKSHATRA BUILDERS,400606,Thane,,,,under_construction,2024-11-30,
P51700029596,RADHAKRISHNA PARK BUILDING NO C,SPACE DEVELOPERS,400605,Thane,,,,under_construction,2024-04-30,
P51700029512,SHREEJI SQUARE PHASE I,SHREEJI DEVELOPERS,421503,Thane,,,,under_construction,2026-06-30,
P51700029507,SAI DARSHAN,TRIMURTI ENTERPRISES,421311,Thane,,,,under_construction,2025-04-30,
P51700029528,Radha - The Divine Mystery,Pacific Innovations LLP,421201,Thane,,,,under_construction,2024-10-15,
P51700029434,MOKSHIT MAJESTA,ASHAPURA BUILDERS AND DEVELOPERS,421201,Thane,,,,under_construction,2024-03-31,
P51700029601,VIPSA INFRA,VIPSA INFRA,421503,Thane,,,,under_construction,2025-04-06,
P51700029607,Datta Leela Residency,Varad Vinayak Developers,421201,Thane,,,,under_construction,2023-12-31,
P51700029469,OM SHREE CHS LTD,G K BUILDERS,421503,Thane,,,,under_construction,2022-09-30,
P51700029493,Sai Mauli,Sai Ganesh Enterprises,421605,Thane,,,,under_construction,2024-03-31,
P51700029930,Regency Sarvam Phase 12,REGENCY NIRMAN LTD,421605,Thane,,,,under_construction,2024-11-30,
P51700030487,TWIN TOWERS,MARJAAN DEVELOPERS LLP,421302,Thane,,,,under_construction,2025-06-30,
P51700029800,Mount View R4 to R7,Himanshu Builders & Developers,421503,Thane,,,,under_construction,2024-12-30,
P51700029604,OM SHIKHAR,VAIDIK DEVELOPERS,421201,Thane,,,,under_construction,2023-10-30,
P51700030985,KANHA RESIDENCY,KULKARNII BUILDER,421503,Thane,,,,under_construction,2025-05-14,
P51700031013,SHREEJI HEIGHTS PHASE II,SHUBH BUILDCON,421503,Thane,,,,under_construction,2023-05-31,
P51700029830,MANGALJYOT CO OP HSG SOC LTD,SHRIDHAR DATTATRAY PATIL,421503,Thane,,,,under_construction,2026-12-31,
P51700030930,JAGTAP APARTMENT,VIJAYALAKSHMI DEVELOPERS,421605,Thane,,,,under_construction,2023-06-30,
P51700030407,CHANDRABHAGA HEIGHTS,JAI SANTOSHI MATA CONSTRUCTION BUILDERS AND DEVELOPERS,400605,Thane,,,,under_construction,2024-07-31,
P51700029720,SAIRAJ,TUKARAM JADHAV AGASKAR,400701,Thane,,,,under_construction,2023-03-25,
P51700030770,Om Maitri,Oscar Infrastructure Pvt Ltd,421201,Thane,,,,under_construction,2025-06-30,
P51700029726,RITZ PHASE - II,VIKAS HARAKCHAND JAIN,421301,Thane,,,,under_construction,2024-06-30,
P51700029678,DOHA HEIGHTS,KOHARI INFRACON,421503,Thane,,,,under_construction,2024-12-31,
P51700029725,JVMS ACCORD,JVM SPACES,400607,Thane,,,,under_construction,2025-03-31,
P51700030099,SHLOK APARTMENT,CHETAN ABHIMANYU PATIL,421201,Thane,,,,under_construction,2024-12-31,
P51700030834,ALBIN DEVELOPERS,ALBIN ANTHONY CHEYADEN,421306,Thane,,,,under_construction,2024-06-15,
P51700029782,OMKAR DARSHAN CO OP HSG SOC,VINOD MADHUKAR BHOIR,421503,Thane,,,,under_construction,2024-06-30,
P51700030331,MANGALYA BUILDCON,MANDAR VILAS BHAVE,421503,Thane,,,,under_construction,2024-12-31,
P51700030493,G SQUARE COMMERCIAL HUB,M/S. GANDHI BUILDERS & DEVELOPERS,421501,Thane,,,,under_construction,2024-10-31,
P51700030166,GOKUL VILLA,GREENCITY INFRA,421601,Thane,,,,under_construction,2023-06-01,
P51700029799,JAYRAM SADAN,SHREE CONSTRUCTION,421201,Thane,,,,under_construction,2023-12-31,
P51700030565,SAHARA RESIDENCY,SAHARA RESIDENCY,421306,Thane,,,,under_construction,2024-12-31,
P51700030070,VAKRATUNDA HOMES,NARAYAN SUNIL RANE,421601,Thane,,,,under_construction,2023-12-31,
P51700029817,LAXMINARAYAN PARK,JALARAM INFRA,421503,Thane,,,,under_construction,2023-12-31,
P51700029805,BALAJI VIVANTA,MAYUR ENTERPRISES BUILDERS & DEVELOPERS,421103,Thane,,,,under_construction,2023-12-31,
P51700029780,SD EMPIRE,EMPIRE DEVELOPERS,400612,Thane,,,,under_construction,2025-06-30,
P51700029823,SAIKRUPA CONSTRUCTION,RAJESH WASUDEORAO BHIWAPURE,421311,Thane,,,,under_construction,2023-12-31,
P51700029755,Birla Vanya Phase 2,Century Textiles & Industries Ltd,421103,Thane,,,,under_construction,2025-03-31,
P51700029885,PNG Creations,Shri ShivSamarth Shopping Plaza Private Limited,421202,Thane,,,,under_construction,2025-12-31,
P51700030296,SARITA APARTMENT,SHIVANSH VAISHNAVI CONSTRACTION,421001,Thane,,,,under_construction,2023-04-30,
P51700030709,NAVKAR BAHAR,AMI ENTERPRISES,421201,Thane,,,,under_construction,2025-12-31,
P51700029965,SAURABH RESIDENCY,M/s Krishna Builders & Developers,421503,Thane,,,,under_construction,2024-06-30,
P51700030059,LA LUXURIA,RJ ENTERPRISES,421601,Thane,,,,under_construction,2025-12-31,
P51700030263,ROSE NAGAR,GAYASUDDIN RIYAZUDDIN KHAN,400612,Thane,,,,under_construction,2024-06-30,
P51700030587,GLENMARK,MANDAR CONSTRUCTION (MUKUND BALU KENI HUF),401604,Thane,,,,under_construction,2022-03-31,
P51700029977,ANANTA PRIDE PHASE I,PATKAR REALTY,421503,Thane,,,,under_construction,2024-06-30,
P51700030528,SILVER HEIGHTS,SULBHA ENTERPRISES,421301,Thane,,,,under_construction,2025-12-31,
P51700029816,GAYATRI NIWAS,Gayatri Builders,421301,Thane,,,,under_construction,2025-12-31,
P51700030427,EKATVA SIGNET,Bhoomi Developers,400602,Thane,,,,under_construction,2023-12-31,
P51700031596,ASHOKA COMPLEX,A. K. BUILDERS,421302,Thane,,,,under_construction,2026-06-30,
P51700030986,JAMES COTTAGE CO-OPERATIVE HOUSING SOCIETY LTD,Shrusti Realtors,400602,Thane,,,,under_construction,2023-09-30,
P51700029848,Mangeshi Sohan,Mangeshi And Deveshwar Developers,421301,Thane,,,,under_construction,2026-03-09,
P51700029843,DREAM AVENUE,DREAM MARUTI REALTORS,421301,Thane,,,,under_construction,2025-12-31,
P51700029996,DASHMESH PARK,SATYAM CONSTRUCTIONS,421004,Thane,,,,under_construction,2023-03-31,
P51700030100,"Plot No -1A,Sector -19, Vashi Truck Terminal",CITY AND INDUSTRIAL DEVELOPMENT CORPORATION OF MAHARASHTRA LIMITED,400703,Thane,,,,under_construction,2025-12-31,
P51700029920,WOODS,MANGESH  THAKUR,400606,Thane,,,,under_construction,2024-06-01,
P51700029987,PARDESHI PARADISE,VISHNU DEVELOPERS,421605,Thane,,,,under_construction,2023-07-07,
P51700030383,ROCK MOUNT RESIDENCY,BUILT CHARMS,421301,Thane,,,,under_construction,2026-06-30,
P51700030451,MANOVI PRITHVI,MANOVI PRITHVI,421605,Thane,,,,under_construction,2024-05-31,
P51700030951,TRIVENI CLASSIC,TRIVENI LIFESTYLE DEVELOPERS LLP,421301,Thane,,,,under_construction,2024-06-30,
P51700030468,SARVODAY SYMPHONY,SWASTIK REALTORS,421204,Thane,,,,under_construction,2026-06-30,
P51700031749,Swaminarayan City Phase 1B,Swaminarayan Life Space LLP,421202,Thane,,,,under_construction,2028-12-31,
P51700029883,JAYRAM SADAN,SHREE CONSTRUCTION,421201,Thane,,,,under_construction,2024-12-31,
P51700029916,Kisan Heights,Pravin Kisan Bhoir,421301,Thane,,,,under_construction,2027-09-30,
P51700030189,DASHMESH PALACE,JOHNY NANDLAL SACHDEV,421004,Thane,,,,under_construction,2023-09-30,
P51700030052,Lucas Residency,Sunita Developers,421501,Thane,,,,under_construction,2023-12-31,
P51700029932,THANEKAR CIVIC,SHREE SWAMI SAMARTH ENTERPRISES,421503,Thane,,,,under_construction,2024-04-09,
P51700031722,Yash Heights,Shree Krupa Developers,421202,Thane,,,,under_construction,2025-06-30,
P51700030098,THE VALAJI ESTATE,FORE HOLDINGS,421201,Thane,,,,under_construction,2024-07-05,
P51700030476,SUYASH CO.OP. HOUSING SOCIETY LTD,SNA Build-Tech,400603,Thane,,,,under_construction,2025-01-02,
P51700030123,TELANGE PRESTIGE,TELANGE BUILDERS & DEVELOPERS PRIVATE LIMITED,421501,Thane,,,,under_construction,2024-06-05,
P51700030018,KISAN VIHAR,VINOD BUILDER,421202,Thane,,,,under_construction,2025-02-01,
P51700033112,OM TRUPTI CO OP HOUSING SOCIETY,MAHALAXMI DEVELOPERS,421503,Thane,,,,under_construction,2024-06-30,
P51700030224,SAKET WORLD,Anand Associates,421306,Thane,,,,under_construction,2026-12-31,
P51700029986,Tycoons Square Avenue I Tower A,Tycoons Avanti Projects LLP,421301,Thane,,,,under_construction,2025-07-30,
P51700030165,Vrundavan Dham,Shikhar Lifespaces,421503,Thane,,,,under_construction,2023-12-31,
P51700030619,SUNRISE VAKRATUND,SUNRISE DEVELOPERS,421203,Thane,,,,under_construction,2023-08-31,
P51700030076,Navare Residency and Library,Shree Ganesh Developers,421501,Thane,,,,under_construction,2022-12-31,
P51700030228,SURVAL HEIGHTS,GAYATRI DEVELOPERS,421503,Thane,,,,under_construction,2023-12-31,
P51700030210,CROSSTOWN,TROIKA ESTATE PRIVATE LTD,421001,Thane,,,,under_construction,2025-07-31,
P51700029988,VED PARADISE,KULKARNI AND ASSOCIATES,421501,Thane,,,,under_construction,2024-12-31,
P51700031192,GAMI EVA,Thalia And Gami Enterprises,400701,Thane,,,,under_construction,2023-06-30,
P51700030031,EKNATH HEIGHTS - 1,OMKAR ENTERPRISES,421306,Thane,,,,under_construction,2022-12-31,
P51700031202,PRINCESS PARADISE,LAXMINARAYAN BUILDERS,421201,Thane,,,,under_construction,2024-09-29,
P51700030544,SAI BALAJI COMPLEX,SAI BALAJI COMPLEX,421401,Thane,,,,under_construction,2024-07-31,
P51700031551,Krishna Residency,KAMLA RAMESHLAL SIDHANI,421501,Thane,,,,under_construction,2023-11-30,
P51700030230,PATELS GLORY,SERENE INFRATECH CO,421501,Thane,,,,under_construction,2026-06-30,
P51700030081,HEMANT SHISHIR CO.OP HSG,NARENDRA KALYANJI PATEL,421201,Thane,,,,under_construction,2023-12-31,
P51700030588,Olethia Business Spaces,SUBHAM ENTERPRISES,400604,Thane,,,,under_construction,2024-12-31,
P51700030172,THARWANI SOLITAIRE PHASE IV,ANIL HARDASMAL THARWANI,421103,Thane,,,,under_construction,2024-07-31,
P51700030057,VIDHI PREM,LOTUS CONSTRUCTION,421203,Thane,,,,under_construction,2023-12-30,
P51700030548,TRIDENT TOWER TYPE D,SHRI KRISHNA HOMES,421503,Thane,,,,under_construction,2025-03-31,
P51700034804,SHIV HEIGHTS,BALAJI DEVELOPERS,421202,Thane,,,,under_construction,2023-03-31,
P51700030843,Chintamani Heights (Building No 1) & Chintamani Kuber (Building No 2),Chintamani Developers,421202,Thane,,,,under_construction,2026-12-31,
P51700030249,FENKIN EMPIRE,FEN-KIN REALTORS & PROJECT PVT LTD,400601,Thane,,,,under_construction,2023-07-31,
P51700030106,JP HARMONY,JP CORP DEVELOPERS (INDIA) LLP,421501,Thane,,,,under_construction,2023-12-31,
P51700030583,Swanand Bliss Phase - II,M/S NITYANAND REALTORS,421501,Thane,,,,under_construction,2025-06-30,
P51700030883,Mandar Arcade,Gaondevi Developers,421503,Thane,,,,under_construction,2024-01-31,
P51700030323,Tisai Heights,Tisai Construction,421306,Thane,,,,under_construction,2023-12-31,
P51700031095,GEETANJALICO. OP.HSG. SOC. LTD.,NYP DEVELOPERS,421501,Thane,,,,under_construction,2023-12-31,
P51700030171,AVESA,JAGDALE INFRASTRUCTURE PVT. LTD.,400601,Thane,,,,under_construction,2026-10-02,
P51700030595,RAHUL CO.OP. HOUSING SOCIETY LTD,SNA Build-Tech,400602,Thane,,,,under_construction,2025-02-15,
P51700030201,VISHWAJEET EMPIRE NX,GULABRAO BABURAO KARANJULE PATIL,421501,Thane,,,,under_construction,2026-06-23,
P51700030195,Riverwood Park Building No -3,Shree Khidkaleshwar Property Developers Pvt. Ltd.,421204,Thane,,,,under_construction,2026-06-30,
P51700030973,MADHUSUDAN RETREAT,MADHUSUDAN LEISURE HOMES,421401,Thane,,,,under_construction,2024-06-30,
P51700031454,AVASAR PRIDE,D P REALTY,421204,Thane,,,,under_construction,2026-12-31,
P51700030212,Janaram Residency,Baburao Gajanan Mhatre,400706,Thane,,,,under_construction,2025-12-31,
P51700033042,ASHA KIRAN,ASHAPURA DEVELOPERS,400612,Thane,,,,under_construction,2023-12-31,
P51700030537,VISTAS,RISHA BUILDERS & DEVELOPERS LLP,400607,Thane,,,,under_construction,2023-06-30,
P51700031050,Satishdham Co-operative Housing Society LTD,SHRUSTI NX,400602,Thane,,,,under_construction,2024-01-13,
P51700030575,S.S. RESIDENCY,AL SIRAJ CONSTRUCTION,421204,Thane,,,,under_construction,2025-12-31,
P51700030393,SHUBH VASTU WING B AND C,SHUBH HOMES,421503,Thane,,,,under_construction,2025-12-31,
P51700030403,SATISH OAK HEIGHT,SHREE SAI PRATHAMESH DEVELOPERS,421503,Thane,,,,under_construction,2026-03-31,
P51700030452,HEVA APARTMENT,AAKRUTI DEVELOPERS,421601,Thane,,,,under_construction,2026-07-12,
P51700030515,SHREE VIGHNESHWAR HEIGHTS,MAHESH SHYAMSUNDAR GOYAL,421605,Thane,,,,under_construction,2027-03-31,
P51700030340,Sai Pearl,M/S MITRA REALITY,421503,Thane,,,,under_construction,2025-12-31,
P51700030788,PRITI PLAZA,MAHALAXMI CONSTRUCTION,421503,Thane,,,,under_construction,2024-09-30,
P51700030509,Raheja Solaris-1,Raheja Universal (Pvt.) Ltd.,400705,Thane,,,,under_construction,2026-12-30,
P51700031112,VAISHNAVI DHAM COMPLEX,VAISHNAVI BUILDERS AND DEVELOPERS,421601,Thane,,,,under_construction,2026-07-31,
P51700030485,Pitrukrupa,Mellennium Realty,421202,Thane,,,,under_construction,2023-03-31,
P51700031142,SIDDHESHWAR HEIGHTS A WING FROM 2nd TO 14th FLOOR,SHREE JAI MALHAR ENTERPRISES,421205,Thane,,,,under_construction,2024-12-31,
P51700030787,MUKTAI MAULI CHS,YADAV BROS CONSTRUCTION,421501,Thane,,,,under_construction,2023-12-31,
P51700030365,BARADIA EKDANT,BARADIA REALTY,421601,Thane,,,,under_construction,2026-07-22,
P51700030491,Tulsi Aagman,RAJ GROUP,421503,Thane,,,,under_construction,2025-04-30,
P51700033029,SAI ARPAN,SAI BUILDER AND DEVELOPERS,421004,Thane,,,,under_construction,2024-03-31,
P51700031483,EMERALD,APR REALTY,421203,Thane,,,,under_construction,2026-12-31,
P51700030525,Vastu Anand,Shree Ekdant Enterprises,421601,Thane,,,,under_construction,2025-06-30,
P51700030533,Runwal Gardens Phase 4 Bldg No. 33-34,Runwal Residency Private Limited,421204,Thane,,,,under_construction,2025-06-30,
P51700030699,VEDANT MILLENIA HAPPINESS PHASE II WING B,MOHAN HARDASMAL THARWANI,421605,Thane,,,,under_construction,2025-08-31,
P51700030892,LILAVATI RESIDENCY,M M DEVELOPERS,421302,Thane,,,,under_construction,2024-12-31,
P51700030746,DEVILAXMI CHS,VIPSAINFRA,421501,Thane,,,,under_construction,2023-08-01,
P51700031089,PATELS SAPPHIRE,PRAMUKH DEVELOPERS,421501,Thane,,,,under_construction,2024-08-31,
P51700031006,Krishna Anand,Gopal Krishna Developers,421306,Thane,,,,under_construction,2025-05-31,
P51700045512,GIRIDHAR APARTMENT,OM ENTERPRISES,421302,Thane,,,,under_construction,2024-12-31,
P51700030558,HILTRON LIFE STYLE,HILTON HEIGHTS LLP.,421003,Thane,,,,under_construction,2027-12-31,
P51700031031,MAHEK MILLENNIA,SUNRISE BUILDERS AND DEVELOPERS,421201,Thane,,,,under_construction,2024-07-31,
P51700030901,SHATRUNJAY HEIGHTS,ONYX BUILDCON LLP,421302,Thane,,,,under_construction,2026-03-31,
P51700030955,SNEH SERENE,SNEH BUILDCON,421202,Thane,,,,under_construction,2025-06-30,
P51700030519,GANI HEIGHTS,NASIM NIYAZ KHAN,421301,Thane,,,,under_construction,2023-08-23,
P51700033554,KAVITA RESIDENCY,KAVITA BUILDCON LLP,421503,Thane,,,,under_construction,2022-10-31,
P51700030660,Magnus Pride,Magnus Builders,421503,Thane,,,,under_construction,2024-03-31,
P51700031632,Crystal Plaza,Reliance Enterprises,421501,Thane,,,,under_construction,2023-11-30,
P51700032082,DEVRAJ REGENCY,SHRIVIGHANHARTA REALITY (OPC) PRIVATE LIMITED,421601,Thane,,,,under_construction,2024-03-31,
P51700030642,SARVESH DREAM CITY WING D,SAI SHRADHA DEVELOPERS,421503,Thane,,,,under_construction,2025-12-31,
P51700031051,ANANT PRABHA,RUSHIKESH ENTERPRISES,421503,Thane,,,,under_construction,2025-03-30,
P51700030580,Sunteck FORESTWorld 1,SUNTECK REALTY HOLDINGS PVT LTD,421601,Thane,,,,under_construction,2025-12-31,
P51700030774,NIRMALA PARADISE,Pokhriyal And Associates,421503,Thane,,,,under_construction,2024-09-30,
P51700030607,Sunteck FORESTWorld 2,SUNTECK REALTY HOLDINGS PVT LTD,421601,Thane,,,,under_construction,2026-06-30,
P51700030578,Sunteck FORESTWorld 3,SUNTECK REALTY HOLDINGS PVT LTD,421601,Thane,,,,under_construction,2026-12-31,
P51700031172,Mohan Tribeca,MOHAN LIFESPACES LLP,421301,Thane,,,,under_construction,2026-12-31,
P51700031070,Vikram Villa Co-Op Housing Society,CHATURTHI DEVELOPERS,421201,Thane,,,,under_construction,2024-01-31,
P51700034031,SHUBHAM PARADISE E WING,Gaurivinayak Builders and Developers Pvt Ltd,421306,Thane,,,,under_construction,2023-12-31,
P51700030793,VISHWAJEET PRECIOUS PHASE II,ABHIJEET PRIDE,421103,Thane,,,,under_construction,2026-05-16,
P51700032102,S. A. Patil Nagar Garden View CHS,Shree Khodiyar Builders and Developers,421501,Thane,,,,under_construction,2023-09-30,
P51700030859,SARVATMAN PHASE I A WING,ANANDWAN CONSTRUCTION,421401,Thane,,,,under_construction,2023-09-30,
P51700031715,OMKAR MATRUCHAYA APARTMENT,OMKAR PROPERTIES,421301,Thane,,,,under_construction,2025-09-30,
P51800030942,VINAYAK EXOTICA 9,VINAYAK CONSTRUCTIONS,421204,Thane,,,,under_construction,2024-10-31,
P51700030946,YASHWANT HEIGHTS PHASE II,RAI RESIDENCY Private Limited,421306,Thane,,,,under_construction,2023-05-31,
P51700032565,SHUBH SRUSHTI PHASE III,VINAYAK ENTERPRISES,421503,Thane,,,,under_construction,2025-05-25,
P51700030832,SAI VIDHATA,SAI SHRADDHA ASSOCIATES,421003,Thane,,,,under_construction,2023-06-30,
P51700030819,Sunteck FORESTWorld 4,SUNTECK REALTY HOLDINGS PVT LTD,421601,Thane,,,,under_construction,2026-12-31,
P51700031207,Bingo Dham Co-op Hsg Soc Ltd,Sai Constructions,421503,Thane,,,,under_construction,2022-12-31,
P51700030780,OM GANESH KRUPA CO OP HSG SOCIETY,VINEET DATTATRAY THANEKAR,421503,Thane,,,,under_construction,2023-12-31,
P51700030893,Trinity,JD Builders and Developers,421203,Thane,,,,under_construction,2024-02-25,
P51700033989,EKNATH ENCLAVE BUILDING NO 2,Gaurivinayak Builders and Developers Pvt Ltd,421306,Thane,,,,under_construction,2023-12-31,
P51700031005,KRISHNA DHAM,ATREE REALTORS,421503,Thane,,,,under_construction,2025-12-31,
P51700031235,NEELKANTH RESIDENCY,JAI MALHAR BUILDERS AND DEVELOPERS,421501,Thane,,,,under_construction,2023-12-31,
P51700030925,SUVIAM PEARL PHASE I,LAXMI CONSTRUCTION CO,421301,Thane,,,,under_construction,2026-12-31,
P51700031101,PANVELKAR GALAXY,GEETAi INFRASTRUCTURE,421501,Thane,,,,under_construction,2024-02-29,
P51700030757,Precious Galaxy Wing B,Mahashar Mata Builders & Developers,421501,Thane,,,,under_construction,2024-05-31,
P51700031265,KHUSHI AXIS WORLD,KHUSHI AXIS INFRATECH LLP,421302,Thane,,,,under_construction,2024-12-31,
P51700030888,Kohinoor Eden,KGI REALTY PRIVATE LIMITED,421306,Thane,,,,under_construction,2025-12-31,
P51700030963,Kohinoor Eden B7,KGI REALTY PRIVATE LIMITED,421306,Thane,,,,under_construction,2025-12-31,
P51700030982,HILL CREST,UNIVERSAL INFRA,421003,Thane,,,,under_construction,2024-09-30,
P51700030926,TULSIDHAM,TULSIDAL BUILDERS AND DEVELOPERS,421201,Thane,,,,under_construction,2025-12-31,
P51700031419,AMAR ELEGANCE,AMAR REALTY,421202,Thane,,,,under_construction,2025-12-31,
P51700035165,GREEN PARK,M/S. Green Realtors,421603,Thane,,,,under_construction,2024-12-31,
P51700031214,Riviera - Building No.1,Shreeram Builders,400605,Thane,,,,under_construction,2024-09-30,
P51700035084,PRIMUS HOMES,K K NIRMAN & INFRASTRUCTURE LLP,421601,Thane,,,,under_construction,2028-10-31,
P51700030809,NICE WORLD 1,NICE BUILDERS,400612,Thane,,,,under_construction,2031-12-31,
P51700030999,Precious Imperial,RKR REALITY,421503,Thane,,,,under_construction,2025-08-31,
P51700031251,Regency Luxuria Phase I,REGENCY NIRMAN LTD,421203,Thane,,,,under_construction,2025-12-31,
P51700032859,HIGHLAND SKY TOWER DAMANI B BUILDING,PROVIDENCE REALTY LLP,400602,Thane,,,,under_construction,2025-04-30,
P51700030861,DZ CITY - BUILDING NO 1,MAASH CONSTRUCTION,400612,Thane,,,,under_construction,2026-06-30,
P51700031110,BHAVANI HEIGHTS B WING,Kalyani Enterprises,421503,Thane,,,,under_construction,2025-12-31,
P51700030923,DATTAVIHAR,SHARDA VASTU NIRMITEE PVT. LTD.,400602,Thane,,,,under_construction,2024-03-31,
P51700030874,DZ CITY - BUILDING NO 2,AL AMEEN BUILDERS AND DEVELOPERS,400612,Thane,,,,under_construction,2026-06-30,
P51700031021,DZ CITY - BUILDING NO 3,AL BARI'S CONSTRUCTION,400612,Thane,,,,under_construction,2026-06-30,
P51700030906,ANTALICA TOWERS,ANTALICA TOWERS,421501,Thane,,,,under_construction,2024-10-30,
P51700031104,SIYARA ELITE,SHAKTI REALTY,421302,Thane,,,,under_construction,2025-03-31,
P51700031489,Gold Crest,Jay Ganesh Developers,421201,Thane,,,,under_construction,2025-05-31,
P51700031048,SHREE KRISHNA CHS,VAIBHAV DEVELOPERS,400602,Thane,,,,under_construction,2025-12-31,
P51700031260,TRINITY MOKSH,RATTANRAJ LIFESPACES,421501,Thane,,,,under_construction,2025-03-31,
P51700031378,Ganesh Bhuvan,Magnum Homes,400602,Thane,,,,under_construction,2024-09-30,
P51700030931,TERI KUDRAT,VISHNU JETHANAND BADLANI,421005,Thane,,,,under_construction,2024-10-31,
P51700031568,SEASON SAHARA BUILDING NO 4 AND 5,SAMARTH SAI BUILDERS & DEVELOPERS,421306,Thane,,,,under_construction,2025-12-31,
P51700031898,Vitthal Rukmini Building,DIVINE BUILDERS,421201,Thane,,,,under_construction,2024-03-31,
P51700031081,SHIV SAI AWAS,VIDISHA CONSTRUCTIONS,421305,Thane,,,,under_construction,2025-03-20,
P51700031486,BRAMHARAJ ANNEX,VIDHAATA DEVELOPERS,400708,Thane,,,,under_construction,2023-12-31,
P51700031253,SARVESHWAR CO-OP HSG SOC,DALAL BUILDSCAPE,421503,Thane,,,,under_construction,2024-06-30,
P51700031084,VEDANT NAKSHATRA WING J PHASE VI,MOHAN HARDASMAL THARWANI,421503,Thane,,,,under_construction,2024-12-31,
P51700031047,SAROJINI,JAY SERVICE AND CONSULTANT,421601,Thane,,,,under_construction,2025-12-31,
P51700031286,VENUS SKKY CITY- PHASE I,VENUS NIRVANA LLP,421204,Thane,,,,under_construction,2026-05-31,
P51700031076,KRISHNA VANSH,CHAITANYA DEVELOPERS,421306,Thane,,,,under_construction,2028-12-31,
P51700031306,SHIVALAYA HEIGHTS,S R REALTORS,421306,Thane,,,,under_construction,2024-09-30,
P51700031433,Hansraj Enclave,BHUMIK ENTERPRISES,421605,Thane,,,,under_construction,2023-03-31,
P51700031510,Florenza,Nayantara Developers,421201,Thane,,,,under_construction,2025-06-30,
P51700032706,KOHINOOR HEIGHTS,KOHINOOR BUILDCON,421302,Thane,,,,under_construction,2025-09-01,
P51700031072,PAWAN ATHARVA PHASE I,PAWAN REAL ESTATE,421301,Thane,,,,under_construction,2026-08-31,
P51700031250,KRUSHNA VIHAR - PHASE I,KRUSHAN DHAM BUILDERS & DEVELOPERS,421501,Thane,,,,under_construction,2026-12-31,
P51700031663,PATELS VENUS,BECHAR RAGHAVJI PATEL,421501,Thane,,,,under_construction,2028-06-30,
P51700031628,Goodwill Bizhub,M/s. Goodwill Dwellings LLP,400703,Thane,,,,under_construction,2026-09-09,
P51700031395,MADHUBAN PARK,RAJNB HOUSING LLP,421501,Thane,,,,under_construction,2023-12-31,
P51700031312,KONAR BUSINESS PARK,DIVIT VENTURES,400604,Thane,,,,under_construction,2024-12-31,
P51700031502,Gaondevi Crown,GOPAL KRISHNA DEVELOPERS,421306,Thane,,,,under_construction,2026-03-31,
P51700031318,VISHWAJEET PRECIOUS PHASE III,ABHIJEET PRIDE,421103,Thane,,,,under_construction,2024-03-02,
P51700031599,BHAWANI SHANKAR HEIGHTS WING-C,BHAWANI SHANKAR BUILDERS & DEVELOPERS,421503,Thane,,,,under_construction,2027-12-31,
P51700032349,Sai Paradise,SHREE SAI HOMES,421503,Thane,,,,under_construction,2024-12-31,
P51700031345,Suman Arcade,Shreekrupa Construction,421204,Thane,,,,under_construction,2024-12-31,
P51700031494,Niraj Exotica Wing B C D,K D Construction Co,421301,Thane,,,,under_construction,2030-03-31,
P51700031540,ATMIYA BLISS,AKSHAR GROUP,421503,Thane,,,,under_construction,2024-12-31,
P51700032193,GMAIL LUXUIRA,alka prakash mhatre,421301,Thane,,,,under_construction,2025-12-31,
P51700032492,AMBER BLISS,M/S. AMBER COMBINES,421202,Thane,,,,under_construction,2025-12-31,
P51700031319,Runwal Gardens Phase 4 Bldg No. 35-36,Runwal Residency Private Limited,421201,Thane,,,,under_construction,2026-03-06,
P51700031409,IRA INSIGNIA,IRA HOMES,421204,Thane,,,,under_construction,2026-12-31,
P51700031434,DZ CITY BLDG No. 4 and 5,SKYLINE ENTERPRISES,400612,Thane,,,,under_construction,2026-06-30,
P51700031807,NISARG GREENS Phase - 2 D,NND Ambernath LLP,421501,Thane,,,,under_construction,2025-06-30,
P51700031798,NISARG GREENS Phase - 2 E,NND Ambernath LLP,421501,Thane,,,,under_construction,2025-06-30,
P51700031797,NISARG GREENS Phase - 2 F,NND Ambernath LLP,421501,Thane,,,,under_construction,2025-06-30,
P51700034661,GAMI JADE,LAL GEBI INFRA PRIVATE LIMITED,400703,Thane,,,,under_construction,2025-12-31,
P51700031394,RAJ URBANIA,RAJ BUILDCON & INFRASTRUCTURE,421501,Thane,,,,under_construction,2025-03-31,
P51700034030,NEW LAXMI VILLA CHS,M/S SHRI SWASTIK CONSTRUCTION,421202,Thane,,,,under_construction,2024-12-31,
P51700031453,SHREEJI MEADOWS,DEEPLAXMI DEVELOPERS,421503,Thane,,,,under_construction,2026-07-31,
P51700031374,Om Sai Imperial Tower,S.K.Khambalkar Builders & Developers,421601,Thane,,,,under_construction,2026-12-31,
P51700031545,EVAAN,IMPRESSIONS NXT,421202,Thane,,,,under_construction,2025-02-28,
P51700031505,ANAND VAIBHAV,RADHE GOVIND DEVELOPERS,421503,Thane,,,,under_construction,2024-12-31,
P51700031793,Bhardwaj Co-op Hsg. Soc. Ltd.,OMKAR DEVELOPERS,421501,Thane,,,,under_construction,2023-12-31,
P51700032812,9PBR TOWER B1,MISTRY CONSTRUCTION CO. PVT. LTD.,400706,Thane,,,,under_construction,2028-12-31,
P51700031570,Ahmahf Empire,Empire Residency,421306,Thane,,,,under_construction,2027-12-31,
P51700031641,MANGESHI ERA,PRABHAT DEVELOPERS,421203,Thane,,,,under_construction,2026-03-31,
P51700033916,Sanyog,Aditya Associates,400602,Thane,,,,under_construction,2023-06-30,
P51700031588,AHMED ARCADE,ARYAN CONSTRUCTION,421302,Thane,,,,under_construction,2026-12-31,
P51700031601,Anuradha,Ashish Waman Gole,421503,Thane,,,,under_construction,2023-10-01,
P51700031529,SHUBH MANGALAM PHASE I,SHUBH REALITY,421503,Thane,,,,under_construction,2024-08-13,
P51700031822,Panvelkar Crown B Wing,Rahul Vijay Panvelkar,421501,Thane,,,,under_construction,2024-12-31,
P51700032181,Parvati Nandan Co-operative Housing Society Limited,JOHNSON JESUDAS NADAR,421306,Thane,,,,under_construction,2024-05-31,
P51700031650,DAKSH PALACE,THAKUR DEVELOPERS,421503,Thane,,,,under_construction,2024-09-30,
P51700033770,SAI KRUPA APARTMENT,VINIT SUBHASH MUKADAM,421311,Thane,,,,under_construction,2024-11-22,
P51700031726,Godrej Bayview,Suncity Infrastructures (Mumbai) LLP,400703,Thane,,,,under_construction,2027-12-31,
P51700031649,ADISHAKTI,ADIMAYA ENTERPRISE,421201,Thane,,,,under_construction,2024-08-31,
P51700031966,BELLAVISTA,NOORI BUILDERS AND DEVELOPERS,400612,Thane,,,,under_construction,2025-12-31,
P51700032367,HIGHLAND SKY TOWERS A BUILDING,PROVIDENCE REALTY LLP,400602,Thane,,,,under_construction,2026-12-31,
P51700032095,Paramount C,Kalpataru Homes Private Limited,400608,Thane,,,,under_construction,2025-06-30,
P51700031992,BALAJI ESTATE PHASE 2,M/S SAI BALAJI BUILDCON,421204,Thane,,,,under_construction,2026-12-31,
P51700031870,New Krishna Building,Ramniklal Hiralal Tanna,421301,Thane,,,,under_construction,2021-12-31,
P51700031812,SHRESHTHA SWAPNA CO-OP HOUSING SOCIETY LTD,OM SHREE SAI BUILDERS AND DEVELOPERS,421503,Thane,,,,under_construction,2024-12-31,
P51700033913,BHAKTI WINDSOR,BHAKTI REALTORS,421301,Thane,,,,under_construction,2026-10-31,
P51700031609,Runwal Gardens Phase 5 Bldg No. 39 to 42,Runwal Residency Private Limited,421204,Thane,,,,under_construction,2025-12-31,
P51700034351,Mangeshi Woods,Mangesh Dashrath Gaikar,421301,Thane,,,,under_construction,2025-11-30,
P51700031762,The Address by GS Tower A,Raymond Limited,400606,Thane,,,,under_construction,2026-12-31,
P51700031861,Techcons Basera,Techcons Constructional Engineering Co,421401,Thane,,,,under_construction,2025-12-31,
P51700031785,REGENCY PARK III BUILDING NO.1,JOHAR HASAN ZOJWALLA,421306,Thane,,,,under_construction,2023-10-30,
P51700032718,NEEL KRISHNA CHS PROPOSED,SPLENDOR SHELTERS PVT LTD,421201,Thane,,,,under_construction,2024-10-31,
P51700034332,Mangeshi Marvel,Mangesh Dashrath Gaikar,421301,Thane,,,,under_construction,2026-05-31,
P51700034444,Mangeshi Royale,Mangesh Dashrath Gaikar,421301,Thane,,,,under_construction,2026-05-31,
P51700034115,Mangeshi Imperial,Mangesh Dashrath Gaikar,421301,Thane,,,,under_construction,2026-05-31,
P51700032625,Shubhanand NX And Greenland NX,Marathe Enterprises,421501,Thane,,,,under_construction,2024-12-31,
P51700031923,Parshuram Shreephal,Shree Sandhya Builders And Developers,421501,Thane,,,,under_construction,2023-12-31,
P51700032262,RUSTOMJEE LA FAMILIA - WING A,Kapstone Constructions Private Limited,400601,Thane,,,,under_construction,2026-12-31,
P51700046165,HAWARE LEELA HOMES,Pravin Kashinath Haware,421605,Thane,,,,under_construction,2026-01-31,
P51700032615,MANNAT TOWER,RANAS ENTERPRISES,421005,Thane,,,,under_construction,2024-10-31,
P51700032359,B 3 HILTON,Concorde Builders,400607,Thane,,,,under_construction,2025-12-31,
P51700032070,SPM DREAM CITY PHASE 1,D K BUILDCON,421501,Thane,,,,under_construction,2028-12-31,
P51700032498,FLORA HEIGHTS,SHREE JANAI DEVELOPERS,421202,Thane,,,,under_construction,2024-09-30,
P51700032986,MANNAT AVALON,RANAS ENTERPRISES,421004,Thane,,,,under_construction,2024-10-31,
P51700032675,MARATHON NEXWORLD NOVA,Sunset Spaces Pvt. Ltd.,400612,Thane,,,,under_construction,2026-12-31,
P51700032231,PRISM INDUSTRIAL ESTATE,SPLENDOR SHELTERS PVT LTD,421203,Thane,,,,under_construction,2025-10-31,
P51700032585,SHIVANJALI HEIGHTS,SHIVANJALI CONSTRUCTION,421503,Thane,,,,under_construction,2023-06-30,
P51700032714,SHREE SAMARTH KRUPA PRASAD CO OPERATIVE HOUSING SOCIETY LIMITED,RAJLAXMI SAMARTH DEVELOPERS,421503,Thane,,,,under_construction,2025-12-31,
P51700032144,SHREE SADGURU CO. OP HOU. SO LTD,SILVER DEVELOPERS,421503,Thane,,,,under_construction,2024-12-30,
P51700032473,SWAPNALOK,SITEMAN HOME,421302,Thane,,,,under_construction,2024-12-29,
P51700032556,SHARMILA RESIDENCY,ANNAPURNA ENTERPRISES,421503,Thane,,,,under_construction,2025-03-31,
P51700032338,S K VALLEY,ITTEHAD BUILDCON,421204,Thane,,,,under_construction,2026-04-30,
P51700032547,PATELS FALCON,PRAMUKH DEVELOPERS,421501,Thane,,,,under_construction,2024-06-30,
P51700032437,PATELS VRINDAVAN,DESIRE REALTY,421505,Thane,,,,under_construction,2025-06-30,
P51700032044,AUDUMBER FLOWER VALLEY,AUDUMBER SUPERSTRUCTURES,421503,Thane,,,,under_construction,2025-06-30,
P51700032139,Ashok Vatika,Mayuresh Ashok Dalal,421501,Thane,,,,under_construction,2024-03-31,
P51700031879,Panvelkar Estate - Stanford - Phase II - R1 - B,Panvelkar Infrastructures Private Limited,421503,Thane,,,,under_construction,2024-12-31,
P51700032786,OM SAI HOME-D,M/S. INFINI DEVELOPERS,421302,Thane,,,,under_construction,2024-12-31,
P51700034857,MORAJ PRIVE,MORAJ BUILDCON,400709,Thane,,,,under_construction,2024-12-28,
P51700032234,Shiv Smruti CHS Ltd,M/s. MERAKII INFRACON,421501,Thane,,,,under_construction,2024-12-31,
P51700032669,SHREE SANKALP,VINOD KISAN MHATRE,421202,Thane,,,,under_construction,2023-05-31,
P51700032055,Satyabhama CHS LTD,Mahesh Shriram Borkar,400602,Thane,,,,under_construction,2024-06-30,
P51700032026,Yavhi Altamount,Yavhi Infratech Private Limited,421501,Thane,,,,under_construction,2023-10-31,
P51700031951,MIDTOWN TWIN TOWERS,SHIRDI SAI SHELTORS LLP,421301,Thane,,,,under_construction,2026-11-24,
P51700032241,SHIV SHRUSHTI APARTMENT,RUDRA SHLOK REALITY,421503,Thane,,,,under_construction,2023-12-31,
P51700032110,Kohinoor Residency,Ajeet Shankarlal Bhatia Prop Kohinoor Construction Co,421003,Thane,,,,under_construction,2023-10-31,
P51700032990,"Foresta A, B, H and I",MACROTECH DEVELOPERS LIMITED,421203,Thane,,,,under_construction,2025-11-30,
P51700032683,"Foresta C, D and G",MACROTECH DEVELOPERS LIMITED,421203,Thane,,,,under_construction,2026-04-30,
P51700032684,"Fiora A, B and C",MACROTECH DEVELOPERS LIMITED,421203,Thane,,,,under_construction,2025-11-30,
P51700032927,Mera Ghar Phase II,Dayal Realtors,400612,Thane,,,,under_construction,2025-12-31,
P51700032599,SAMRUDDHI CHS LTD,ADITYA BUILDCON,421202,Thane,,,,under_construction,2024-12-31,
P51700032283,JHALAK PARADISE,JHALAK CONSTRUCTIONS,421005,Thane,,,,under_construction,2025-12-31,
P51700032330,CRYSTAL,ORIENT DEVELOPER,421202,Thane,,,,under_construction,2024-09-30,
P51700032377,SHREE DATTA CHHAYA CO OP HOU SOC LTD,SAIRAJ CONSTRUCTION,421503,Thane,,,,under_construction,2024-12-31,
P51700032174,Jijai Apartment,Shree Balaji Developers,400708,Thane,,,,under_construction,2024-06-30,
P51700032759,Regency Antilia Phase VI Avana,REGENCY NIRMAN LTD,421001,Thane,,,,under_construction,2025-11-30,
P51700032252,KAPIL PARADISE,PRADEEP RAGHUNATH PATIL,421302,Thane,,,,under_construction,2025-12-31,
P51700032731,PATELS PHOENIX,PRAMUKH DEVELOPERS,421501,Thane,,,,under_construction,2024-06-30,
P51700033118,GAWADE GAZELLE,Sai Durga Developers,421301,Thane,,,,under_construction,2024-03-31,
P51700034230,BALAJI CONSTRUCTION,BALAJI CONSTRUCTION,421301,Thane,,,,under_construction,2023-04-30,
P51700032792,Tanisha,Tanisha Enterprises,421503,Thane,,,,under_construction,2024-09-30,
P51700032246,Balaji Vasant,BALAJI HOMES,421201,Thane,,,,under_construction,2025-12-31,
P51700045256,MIDTOWN W90,MIDTOWN SHELTORS LLP,421301,Thane,,,,under_construction,2025-12-31,
P51700032267,Balaji Govind,SAI BALAJI ENTERPRISES,421201,Thane,,,,under_construction,2025-12-31,
P51700032180,SAKET WORLD BUILDING TYPE C,Anand Associates,421306,Thane,,,,under_construction,2027-06-30,
P51700032478,SAHARA ELITE,SAHARA ELITE,421306,Thane,,,,under_construction,2024-05-29,
P51700032205,RUSTOMJEE LA FAMILIA - WING B,Kapstone Constructions Private Limited,400601,Thane,,,,under_construction,2026-12-31,
P51700032175,Corner Stone,Sarvodaya Amrut LLP,421301,Thane,,,,under_construction,2026-12-31,
P51700032918,Sai Heights Building No.1 B Wing,Sai Siddhi Developers,421301,Thane,,,,under_construction,2025-12-31,
P51700032369,AADINATH COMPLEX,GREEN HEIGHTS INFRA,421601,Thane,,,,under_construction,2024-01-31,
P51700032638,JALARAM SADAN CO OP HSG SOC,SURAJ ENTERPRISES,421503,Thane,,,,under_construction,2023-12-31,
P51700032386,ISHWAR YOG SURABHI,ISHWAR REALITY,421501,Thane,,,,under_construction,2024-12-30,
P51700032708,SUJATA CO-OP. HSG. SOC.,SAMRUDDHI ENTERPRISES,421503,Thane,,,,under_construction,2024-06-30,
P51700032131,SILVER LIFESTYLE,SILVERLINE BUILDHEIGHT LLP,400612,Thane,,,,under_construction,2026-12-31,
P51700032636,SAAJ,M S BUILDCON & ASSOCIATES,421503,Thane,,,,under_construction,2024-06-30,
P51700045540,SHREEJI HILLS,SHREEJI ENTERPRISE,421503,Thane,,,,under_construction,2023-12-31,
P51700032271,SHREERAM APARTMENT,HERAMB DEVELOPERS,421501,Thane,,,,under_construction,2024-06-27,
P51700033004,SHREE GANESH SAI APARTMENT,DEEPAK MADHUKAR BUNDE,421601,Thane,,,,under_construction,2025-12-31,
P51700032795,THANEKAR PALACIO,THANEKAR REALTOR LLP,421503,Thane,,,,under_construction,2024-12-31,
P51700032730,Sky Heights Tower No. 4,VIRANI CONSTRUCTION COMPANY,400612,Thane,,,,under_construction,2028-12-31,
P51700032902,Panvelkar Estate - Greenford - E Wing,Panvelkar Infrastructures Private Limited,421503,Thane,,,,under_construction,2025-12-31,
P51700034178,SARVODAYGREENS PHASE 2 TOWER NO 2,GIRIRAJ REALTORS,421302,Thane,,,,under_construction,2025-12-31,
P51700032780,ORNATE RISE,Ornate Buildcon Developers,421302,Thane,,,,under_construction,2026-12-31,
P51700032666,DOSTI WEST COUNTY - DOSTI TULIP,DOSTI ENTERPRISES,400608,Thane,,,,under_construction,2026-10-31,
P51700032501,Laaman Industrial Park,Laaman Developers,400604,Thane,,,,under_construction,2024-12-31,
P51700032811,Tulsi Aanand,RAJ GROUP,421503,Thane,,,,under_construction,2025-12-31,
P51700045328,KRISHNA HIGHLANDS PHASE 1,M/S ROHAN CONSTRUCTION,421505,Thane,,,,under_construction,2025-12-31,
P51700033485,TRIMURTI PLAZA,P V K CONSTRUCTION,421306,Thane,,,,under_construction,2024-12-31,
P51700033139,PRECIOUS MEADOWS,VINAYAK ASSOCIATES,421103,Thane,,,,under_construction,2025-05-31,
P51700033248,MARUTI ROYALE,HARESH GIRDHARILAL GULRAJANI,421004,Thane,,,,under_construction,2024-06-30,
P51700033657,MARUTI PARADISE,HARESH GIRDHARILAL GULRAJANI,421004,Thane,,,,under_construction,2024-06-30,
P51700032656,PARIVARTAN HEIGHTS,PARIVARTAN DEVELOPERS,421503,Thane,,,,under_construction,2024-12-31,
P51700032995,MARATHE SAPPHIRE,SAIJI DEVELOPERS,421605,Thane,,,,under_construction,2031-12-31,
P51700032919,SWAMI NARENDRA RESIDENCY,RAJ RATNESHWARI DEVELOPERS,421401,Thane,,,,under_construction,2026-12-31,
P51700033354,OM BHAGWATI,OM BHAGWATI BUILDERS AND DEVELOPERS,421201,Thane,,,,under_construction,2024-11-30,
P51700032938,Ascent Galaxy,Nestscout Buildcon Private Limited,421201,Thane,,,,under_construction,2025-12-05,
P51700033114,SHREE ELYSIUM,SHREE EKDANT DEVELOPERS,421503,Thane,,,,under_construction,2024-12-31,
P51700032751,KAPIL BLING,SUMIT PURUSHOTTAM PATIL,421302,Thane,,,,under_construction,2024-12-31,
P51700032392,OM MAITRI ICON,VISHNU BUILDWELL,421204,Thane,,,,under_construction,2025-12-31,
P51700032519,Geetai Smruti,NEELPADMA DEVELOPERS,421201,Thane,,,,under_construction,2023-12-31,
P51700032925,Mahindra Happinest Kalyan-2 Project A,Mahindra Lifespace Developers limited,421311,Thane,,,,under_construction,2026-04-30,
P51700032544,SHIV SAGAR CO-OP SOC LTD.,DHANASHREE DEVELOPERS,421501,Thane,,,,under_construction,2025-12-31,
P51700032676,GAIKWAD RESIDENCY,NIWARA GROUP,421102,Thane,,,,under_construction,2025-12-31,
P51700032844,VINAYAK PANCHRATON COMPLEX,VINAYAK CONSTRUCTION,421204,Thane,,,,under_construction,2023-12-31,
P51700034298,FATIMA ENCLAVE- D WING,RAIS  QURESHI,400612,Thane,,,,under_construction,2024-12-31,
P51700032989,DREAM HOUSE,M S CONSTRUCTION,421401,Thane,,,,under_construction,2025-12-31,
P51700032548,Riverwood Park Building No -1,Shree Khidkaleshwar Property Developers Pvt. Ltd.,421204,Thane,,,,under_construction,2025-12-31,
P51700035020,FATIMA ENCLAVE- C WING,RAIS  QURESHI,400612,Thane,,,,under_construction,2025-12-31,
P51700033038,Vedant Palacia Phase I Wing A1 PROPSERA,THARWANI PROPERTIES,421301,Thane,,,,under_construction,2022-11-30,
P51700032846,Vedant Palacia Phase II Wing A2-PROTICA,THARWANI PROPERTIES,421301,Thane,,,,under_construction,2022-11-30,
P51700033028,Vedant Palacia Phase III Wing A-AETIUS,THARWANI PROPERTIES,421301,Thane,,,,under_construction,2025-07-31,
P51700032813,Shree Moreshwar CHS Ltd,Ajay Sanjay Mohorikar,421501,Thane,,,,under_construction,2024-12-31,
P51700032928,ROSE VILLA,RADHE KRISHNA DEVELOPERS,421001,Thane,,,,under_construction,2023-06-30,
P51700033419,SAI SATYAM RESIDENCY B BUILDING,SAI SATYAM GROUP,421301,Thane,,,,under_construction,2024-12-31,
P51700032988,Shreeram Vaishali,ADITYA REALTORS,421201,Thane,,,,under_construction,2024-12-31,
P51700034654,Charms City A12,Charms Developers,421605,Thane,,,,under_construction,2024-07-31,
P51700032665,ASHAR AXIS,Ms ASHAR VENTURES,400601,Thane,,,,under_construction,2026-12-31,
P51700033104,Panvelkar Daffodil - R2,AMEYA DEVELOPERS,421501,Thane,,,,under_construction,2025-12-31,
P51700051332,VARDHAMAN VATIKA PHASE 3 BUILDING NO 4,VARDHAMAN VENTURE,421601,Thane,,,,under_construction,2025-12-30,
P51700033106,Biroba Darshan,JAY SADGURU BIROBA MAHARAJ DEVELOPERS,421201,Thane,,,,under_construction,2024-12-31,
P51700032899,LAIBA HEIGHTS,LFKA BUILDERS AND DEVELOPERS,421301,Thane,,,,under_construction,2024-06-30,
P51700033625,REGAL SQUARE PH 4 TOWER 6 AND 8,SQUAREFEET INFRASTRUCTURE LLP,421302,Thane,,,,under_construction,2026-12-31,
P51700032690,Gayatri CHS LTD,Shree Angarak Enterprises Builders and Developers,400603,Thane,,,,under_construction,2024-12-30,
P51700033336,AMBIKA HEIGHTS,RAJESH MAVJI CHHEDA,421306,Thane,,,,under_construction,2024-06-30,
P51700033171,MAULI ANGAN,MAULI ENTERPRISES,421204,Thane,,,,under_construction,2023-12-31,
P51700033059,SIDDHIVINAYAK RESIDENCY,SAIRAJ DEVELOPERS,421503,Thane,,,,under_construction,2024-12-31,
P51700033932,VITTHAI ANANT PLAZA,SHARAD NAMDEO GAIKWAD,421503,Thane,,,,under_construction,2026-12-31,
P51700033332,DREAM RESIDENCY,MANOJ  JAGWANI,421004,Thane,,,,under_construction,2022-12-30,
P51700049466,Aai Mauli Park,HENDAR LAXMAN MHATRE,421302,Thane,,,,under_construction,2025-12-31,
P51700032552,Godrej Riviera Phase 1,GODREJ PROPERTIES LIMITED,421102,Thane,,,,under_construction,2026-12-16,
P51700032881,TARABAUG,VIDYADHAR ACHYUT VAISHAMPAYAN,400602,Thane,,,,under_construction,2024-12-20,
P51700033746,MAATR INFINITY,Maatr Infra,421301,Thane,,,,under_construction,2027-03-31,
P51700033537,GULMOHAR CHS LTD,P G BUILDERS AND DEVELOPERS,421501,Thane,,,,under_construction,2024-06-30,
P51700033840,SHAHS AVENUE,SHAH ENTERPRISES,400602,Thane,,,,under_construction,2025-12-31,
P51700034876,JIVDANI BUILDING,MILDSTONE ENTERPRISES LLP,400605,Thane,,,,under_construction,2024-12-31,
P51700033001,SAI PALACE,VARDHAMAN DEVELOPERS,421601,Thane,,,,under_construction,2026-10-31,
P51700032822,Kohinoor Prime,KGI UNIVERSAL LLP,421001,Thane,,,,under_construction,2025-12-31,
P51700033032,Shivam Greens Phase - II Wing - B,M.K.DEVELOPERS,421503,Thane,,,,under_construction,2024-12-31,
P51700046611,Bungalow K 53,Rekha Mohanlal Nensi Tanna Bhimjyani,400610,Thane,,,,under_construction,2023-01-10,
P51700033064,RAJ NIRVANA - EDEN,M/S. RAJ HOMES & INFRACON,421501,Thane,,,,under_construction,2025-06-30,
P51700032998,VISHWAJEET PARADISE,VISHWAJEET MEADOWS,421505,Thane,,,,under_construction,2026-12-19,
P51700032965,FATIMA HEIGHTS,LFKA BUILDERS AND DEVELOPERS,421301,Thane,,,,under_construction,2024-06-30,
P51700032863,Regency Antilia Phase VII,REGENCY NIRMAN LTD,421001,Thane,,,,under_construction,2025-03-31,
P51700033477,Regency Anantam Phase IV,REGENCY NIRMAN LTD,421203,Thane,,,,under_construction,2023-08-31,
P51700033313,SHIV HEIGHTS,SARWANGKRIPA DEVELOPERS LLP,400601,Thane,,,,under_construction,2026-12-31,
P51700033506,Regency Anantam Phase V,REGENCY NIRMAN LTD,421203,Thane,,,,under_construction,2023-08-31,
P51700032831,Shubhanand Co-operative Housing Society LTD,PADMANABH DEVELOPERS,400602,Thane,,,,under_construction,2024-12-31,
P51700033751,Liana A,MACROTECH DEVELOPERS LIMITED,421203,Thane,,,,under_construction,2026-02-28,
P51700053222,CONCORDE REALTY KAILASH BUILDING NO 11,Concorde Realty,421204,Thane,,,,under_construction,2025-12-31,
P51700032869,EMERALD,APR REALTY,421204,Thane,,,,under_construction,2026-12-31,
P51700034225,MANAS HEIGHTS,MANAS ENTERPRISES,421501,Thane,,,,under_construction,2024-12-31,
P51700033377,SHANKAR PRASAD PARADISE,KELKAR LELE AND ASSOCIATES,421301,Thane,,,,under_construction,2024-10-29,
P51700045840,MATOSHREE NAGAR,MATOSHREE SHELTERS (INDIA) PRIVATE LIMITED,421501,Thane,,,,under_construction,2025-12-31,
P51700034028,VAISHNAVI VILLA,SRUSHTI ENTERPRISES AND ROHINI ENTERPRISES,421004,Thane,,,,under_construction,2023-08-31,
P51700034019,KRISHNA KUNJ,SHASHANK C MISHRA HUF,421004,Thane,,,,under_construction,2023-12-31,
P51700034676,NEELKANTH PALACE,PUSHPLATA SUBHASH GHULE,421503,Thane,,,,under_construction,2025-03-31,
P51700033206,Runwal Gardens Phase 4 Bldg No. 37,Runwal Residency Private Limited,421204,Thane,,,,under_construction,2026-03-31,
P51700034029,khushboo mahal,M/s Rajai Enterprises,421003,Thane,,,,under_construction,2023-08-15,
P51700033561,Mai Kripa Co. Op. Hsg. Soc.,OJASS CONSTRUCTIONS,400604,Thane,,,,under_construction,2024-03-31,
P51700048897,SAI SAHARA,Dipak Bistu Kar,410206,Thane,,,,under_construction,2024-07-31,
P51700034878,YASHRAJ HEIGHTS,VIKRANT VIKAS RAIKAR,400701,Thane,,,,under_construction,2025-01-31,
P51700033286,The Icon Phase 5,Leading Frontier Private Limited,400607,Thane,,,,under_construction,2026-12-31,
P51700033505,PINE VIEW,SATYA DEVELOPERS,421503,Thane,,,,under_construction,2028-03-31,
P51700033015,UMA KUNJ COOPERATIVE HOUSING SOCIETY LIMITED,Pravin Arvind Apte,421503,Thane,,,,under_construction,2025-12-15,
P51700033690,9PBR TOWER B2,MISTRY CONSTRUCTION CO. PVT. LTD.,400706,Thane,,,,under_construction,2028-12-31,
P51700033678,9PBR TOWER C1,MISTRY CONSTRUCTION CO. PVT. LTD.,400706,Thane,,,,under_construction,2028-12-31,
P51700033243,Shapoorji Pallonji Skyraa at Northern Lights,Jaykali Developers Private Limited,400610,Thane,,,,under_construction,2027-12-31,
P51700033810,AYESHA GARDEN B WING,AZKA BUILDERS AND DEVELOPERS,421301,Thane,,,,under_construction,2024-12-31,
P51700050313,ICON APARTMENT,ICON CONSTRUCTION BUILDERS & DEVELOPERS,421601,Thane,,,,under_construction,2024-12-31,
P51700034064,SHREE CHARAN APARTMENT,SHREE MANGALMURTI ENTERPRISES,421401,Thane,,,,under_construction,2024-04-30,
P51700033499,MAHALAXMI RESIDENCE,SHREE MAHALAXMI DEVELOPERS,421503,Thane,,,,under_construction,2024-12-31,
P51700033819,REAL HEIGHTS,MOHAMMAD SHAFIQUE MOHAMMAD RAFIQUE MOMIN,421302,Thane,,,,under_construction,2025-03-20,
P51700033584,KMC SKYLINE,PRIME PROPERTIES,421201,Thane,,,,under_construction,2025-12-31,
P51700034254,RAJ PARADISE,ASHISH ARVIND KAPOTE,421301,Thane,,,,under_construction,2025-12-31,
P51700033947,Borgaonkar Avenue,BORGAONKAR REALTY,421301,Thane,,,,under_construction,2024-12-28,
P51700033290,GLOBE BUSINESS AVENUE,Globe Solitaire LLP,421204,Thane,,,,under_construction,2025-12-31,
P51700034047,SHIV SONAL PALACE CHS LTD,SAI PRASAD BUILDERS AND DEVELOPERS,421501,Thane,,,,under_construction,2024-01-19,
P51700033348,Panvelkar Greens - Phase I,ESHAN DEVELOPERS,421503,Thane,,,,under_construction,2026-12-31,
P51700033355,Tulsi Galaxy,Manas Associates,421501,Thane,,,,under_construction,2025-12-31,
P51700034683,Kohinoor Eden Ph 2,KGI REALTY PRIVATE LIMITED,421306,Thane,,,,under_construction,2026-09-30,
P51700045202,SHIVALAYA COMPLEX PH 2 WING B,M/s Balaji group of companies,421306,Thane,,,,under_construction,2023-12-31,
P51700033262,MAHI RESIDENCY,M/S DREAM HOMES DEVELOPERS,421201,Thane,,,,under_construction,2025-12-25,
P51700033487,SHREE UMIYA DARSHAN CO OPERATIVE HOUSING SOCIETY LTD,SHREE VEDANT KRUPA,421503,Thane,,,,under_construction,2024-11-30,
P51700033512,NARAYAN MANGAL PLAZA,KANHA DEVELOPERS,421202,Thane,,,,under_construction,2023-12-31,
P51700034220,SAMRUDDHI HEIGHTS,Shree Samruddhi Corporation,412308,Thane,,,,under_construction,2025-12-30,
P51700045208,Shree Siddhivinayak II,SIMCO DEVELOPER,421302,Thane,,,,under_construction,2025-12-31,
P51700033995,VADLAKONDA APARTMENT,S. S. DEVELOPERS,421302,Thane,,,,under_construction,2025-12-31,
P51700033967,RADHA KRISHNA HEIGHTS,SAGAR DEVELOPERS,421201,Thane,,,,under_construction,2023-12-25,
P51700033627,Ornate Kallisto Phase IV,Ornate Buildcon Developers,421302,Thane,,,,under_construction,2024-12-30,
P51700034843,JAY RESIDENCY,MUKESH VITHAL GITE,421605,Thane,,,,under_construction,2024-12-31,
P51700033779,LAKE EMERALD- PHASE I,N D ENTERPRISES,421401,Thane,,,,under_construction,2025-04-20,
P51700033985,SACHINAM CO OP HSG SOCIETY,SHREEKANTH DEVELOPERS,421503,Thane,,,,under_construction,2024-03-31,
P51700033877,VRINDAVAN RESIDENCY,AKASH DEVELOPERS,421302,Thane,,,,under_construction,2025-03-31,
P51700033799,Code Name-Enchanted,Runwal Construction Private Limited,400607,Thane,,,,under_construction,2028-06-30,
P51700033685,PARADISE PALMS,SAMARTH ENERPRISES,421503,Thane,,,,under_construction,2024-12-31,
P51700035005,POONAM CO-OPERATIVE HSG SOCIETY,TRIMURTI ENTERPRISES,421503,Thane,,,,under_construction,2025-02-28,
P51700033432,AUDUMBAR DARSHAN,AUDUMBAR ENTERPRISES,421503,Thane,,,,under_construction,2024-10-31,
P51700033960,"Violet G, H and I",MACROTECH DEVELOPERS LIMITED,421204,Thane,,,,under_construction,2026-04-30,
P51700033684,Heritage Heights,SHANTI CONSTRUCTION,421003,Thane,,,,under_construction,2024-12-30,
P51700033833,MODEL TOWN,QAVI CONSTRUCTION PVT. LTD.,421601,Thane,,,,under_construction,2026-02-08,
P51700033628,BALAJI RAGHAV,STAR GROUP,421201,Thane,,,,under_construction,2027-12-01,
P51700034459,SADGURU HARMONY PHASE - 3 WING C,SADGURU ASSOCIATE,421503,Thane,,,,under_construction,2025-06-30,
P51700034703,SADGURU HARMONY PHASE 4 WING D,SADGURU ASSOCIATE,421503,Thane,,,,under_construction,2025-06-30,
P51700033427,Sai Shrushti Vatika Gajanan Alimkar,SAI SHRUSHTI ENTERPRISES,400612,Thane,,,,under_construction,2025-12-31,
P51700034566,SAI TIRTH PHASE II,PINNACLE CORPORATION,421503,Thane,,,,under_construction,2025-03-31,
P51700034155,SAI WORLD,PINNACLE CORPORATION,421503,Thane,,,,under_construction,2026-03-31,
P51700033714,Maitri Siddha Sadan,Mokashi Jadhav & Associates,421202,Thane,,,,under_construction,2025-01-31,
P51700034376,CENTER ONE,MURA REALTY LLP,421302,Thane,,,,under_construction,2026-12-31,
P51700033633,GREEN TOUCH BUILDING NO 2,SHREE VAKRATUNDA BUILDERS & DEVELOPERS,421503,Thane,,,,under_construction,2025-12-31,
P51700033816,AYESHA GARDEN A WING,AZKA BUILDERS AND DEVELOPERS,421301,Thane,,,,under_construction,2024-12-31,
P51700034179,DEVI HEIGHTS,LUXUR AND LAVISH HOMES,421005,Thane,,,,under_construction,2026-06-30,
P51700034353,ORCHID TOWER,SKYVIEW BUILDERS & DEVELOPERS,421306,Thane,,,,under_construction,2027-01-31,
P51700033708,AMRESHWAR CO-OPERATIVE HOUSING SOCIETY LIMITED,SPG BUILDERS AND DEVELOPERS,421501,Thane,,,,under_construction,2024-06-30,
P51700033782,Vaishali Govind,Vaishali-Govind Developers LLP,400602,Thane,,,,under_construction,2024-11-30,
P51700034562,CRYSTAL CORNER,ADISHWAR ENTERPRISES,400602,Thane,,,,under_construction,2024-12-31,
P51700033859,Mahavir Bliss,M/s. Shivshakti Engineers,400608,Thane,,,,under_construction,2025-12-31,
P51700034717,SAI DHAN PROPERTIES AND INVESTMENTS,SAI DHAN PROPERTIES & INVESTMENTS,421605,Thane,,,,under_construction,2025-02-28,
P51700033974,Omega Grand Central,Fortune Infracreators Private Limited,400606,Thane,,,,under_construction,2028-12-31,
P51700033619,PATHAN TOWER,RIYASAT ALI NIZAMUDDIN SHAIKH,421302,Thane,,,,under_construction,2028-12-31,
P51700033640,Dosti West County - Dosti Nest - Phase 1,DOSTI ENTERPRISES,400608,Thane,,,,under_construction,2027-06-30,
P51700033663,Dosti West County - Dosti Nest - Phase 2,DOSTI ENTERPRISES,400608,Thane,,,,under_construction,2027-06-30,
P51700033668,SAPTASHRUNGI,PADMAVATI BUILDERS,421201,Thane,,,,under_construction,2026-12-31,
P51700033683,MAHALAXMI INFRASTRUCTURE,MAHALAXMI INFRASTRUCTURE,421201,Thane,,,,under_construction,2024-12-31,
P51700033686,GREEN VEIW DEVELOPERS,GREEN VIEW DEVELOPERS,421201,Thane,,,,under_construction,2023-12-31,
P51700033626,SHREE BALAJI DEVELOPERS,SHREE BALAJI DEVELOPERS,421202,Thane,,,,under_construction,2024-12-31,
P51700033623,PEARL HEIGHTS,ZAHID IQBAL KOHARI,421503,Thane,,,,under_construction,2026-12-31,
P51700033734,UMIYA NAKSHATRA HEIGHTS,M/S. JIGAR ENTERPRISE,421503,Thane,,,,under_construction,2027-12-31,
P51700034862,Upper Thane-IRIS Wing A,MACROTECH DEVELOPERS LIMITED,421302,Thane,,,,under_construction,2027-12-31,
P51700034233,DEEP PUSHP,NEHA CONSTRUCTION,421503,Thane,,,,under_construction,2024-12-31,
P51700033762,RAUNAK CITY SECTOR VI - F1,RAUNAK CORPORATION,421301,Thane,,,,under_construction,2028-12-31,
P51700033964,Liana B,MACROTECH DEVELOPERS LIMITED,421203,Thane,,,,under_construction,2026-02-28,
P51700033757,RAUNAK CITY SECTOR VI - F2,RAUNAK CORPORATION,421301,Thane,,,,under_construction,2028-12-31,
P51700033972,RAUNAK CITY SECTOR VI - F3,RAUNAK CORPORATION,421301,Thane,,,,under_construction,2028-12-31,
P51700033750,Foresta F,MACROTECH DEVELOPERS LIMITED,421203,Thane,,,,under_construction,2026-01-31,
P51700033965,Fiora D,MACROTECH DEVELOPERS LIMITED,421203,Thane,,,,under_construction,2026-01-31,
P51700034602,BLOSSOM HEIGHT,Shiv Sai Constructions,421503,Thane,,,,under_construction,2024-12-31,
P51700034384,KALYAN RESIDENCY,SM LIFE SPACE PRIVATE LIMITED,421302,Thane,,,,under_construction,2025-12-31,
P51700033988,KALYAN VIHAR,HONEST DEVELOPERS,421302,Thane,,,,under_construction,2026-03-31,
P51700033926,Dashmesh Crystal phase 2,Dashmesh Infrastructure,421503,Thane,,,,under_construction,2024-06-30,
P51700033615,SUSIDDHI CHS LTD,SPG BUILDERS AND DEVELOPERS,421501,Thane,,,,under_construction,2024-06-30,
P51700034079,DHWANI RESIDENCY,VIGHNAHARTA CREATIONS,421302,Thane,,,,under_construction,2023-12-31,
P51700034706,Snehal Paradise Wing B,M/S KRISHNA DEVELOPERS,421503,Thane,,,,under_construction,2025-03-31,
P51700045253,KEYUR CO-OPERATIVE HOUSING SOCIETY LTD,DHANASHREE DEVELOPERS,421501,Thane,,,,under_construction,2025-12-31,
P51700045660,Sunrise Parkview Phase II,Sukham Corporation Proprietor Sunrise Lifespaces LLP,421201,Thane,,,,under_construction,2029-12-31,
P51700034036,Hira Chambers CHS,VAIBHAV SHASHIKANT KADAM,400601,Thane,,,,under_construction,2025-10-31,
P51700034218,Sai Altezza,SAI SHRADDHA CONSTRUCTIONS,421306,Thane,,,,under_construction,2026-12-31,
P51700033866,Reserve Bank Employees Kaustubh CHS LTD,ADITYA BUILDCON,421201,Thane,,,,under_construction,2025-12-31,
P51700034066,Shree Datta Samartha CHSL,Shree Sai Swami Enterprises,421503,Thane,,,,under_construction,2024-09-30,
P51700034835,Mount casa,Nagraj  Mutha,400601,Thane,,,,under_construction,2026-12-31,
P51700033958,iThink Tower-A,MACROTECH DEVELOPERS LIMITED,400607,Thane,,,,under_construction,2022-05-31,
P51700034711,PARDESHI EMPIRE,VISHNU DEVELOPERS,421605,Thane,,,,under_construction,2024-03-31,
P51700033971,EXPERT HOME CONSTRUCTION LLP,EXPERT HOME CONSTRUCTION LLP,421201,Thane,,,,under_construction,2024-12-31,
P51700034529,Balram Complex,Universal Builders,421301,Thane,,,,under_construction,2025-12-30,
P51700034042,Om Gurudev Square,Ranjan Realty Housing LLP,421302,Thane,,,,under_construction,2025-12-31,
P51700033781,AMIT PARADISE,A S D ENTERPRISES,421503,Thane,,,,under_construction,2024-03-31,
P51700033949,OM PANCHSHEEL CO OP HSG SOC,RAJU SHANTARAM MANDAVKAR,421503,Thane,,,,under_construction,2024-12-31,
P51700034134,Mark 1,M/S IJB Realty,400706,Thane,,,,under_construction,2027-12-31,
P51700033928,UNIQUE HEIGHT,VARSHA SANJAY MUSALE,421503,Thane,,,,under_construction,2025-01-31,
P51700045210,RAUNAK SERENE,RAUNAK CORPORATION,400606,Thane,,,,under_construction,2028-12-31,
P51700034295,SNEHANCHAL,SWAMINI INFRA PVT LTD,421503,Thane,,,,under_construction,2025-12-31,
P51700034009,Legacy Enclave,M/s Jeevan Enterprises,400601,Thane,,,,under_construction,2024-12-31,
P51700034231,SEASONS SAFFRON,SEASONS SAI DEVELOPERS,421301,Thane,,,,under_construction,2026-12-31,
P51700033924,SHREE SAI PEARL,SAI PEARL ENTERPRISES,421503,Thane,,,,under_construction,2024-12-31,
P51700045522,ADITYA NIDHI RESIDENCY,ADITYA YASH BUILDERS,421505,Thane,,,,under_construction,2026-03-31,
P51700034243,CENTRAL PARK,HARMAIN ENTERPRISES,400612,Thane,,,,under_construction,2027-12-31,
P51700034385,Nascon Inspire,VIGHNAHARTA DEVELOPERS,421202,Thane,,,,under_construction,2024-12-31,
P51700034741,JAYRAM HEIGHTS,ASHAPURA ENTERPRISES,421204,Thane,,,,under_construction,2026-01-31,
P51700034000,KALAS DARSHAN,JAY GANESH DEVELOPERS,421605,Thane,,,,under_construction,2026-12-31,
P51700034259,RAJ INAAYA,MAHALAXMI CONSTRUCTION,421501,Thane,,,,under_construction,2023-12-31,
P51700034381,RAMCHANDRA CO-OPERATIVE HOUSING SOCIETY LIMITED,SHREE GANESHAY DEVELOPERS,400601,Thane,,,,under_construction,2025-12-31,
P51700034369,RAJ REGALIA PHASE-2,AMRUT LAXMI DEVELOPERS,421501,Thane,,,,under_construction,2025-06-30,
P51700034204,RUSTTAGI AARAMBHA PHASE- I,RUSTAGI ESTATES PRIVATE LIMITED,421605,Thane,,,,under_construction,2024-02-22,
P51700034078,RUSTTAGI AARAMBHA PHASE-II,RUSTAGI ESTATES PRIVATE LIMITED,421605,Thane,,,,under_construction,2026-02-22,
P51700033998,RUSTTAGI AARAMBHA PHASE-III,RUSTAGI ESTATES PRIVATE LIMITED,421605,Thane,,,,under_construction,2027-02-22,
P51700034023,New Madhavi CHS Ltd,Poonam Rajesh Maygade,400601,Thane,,,,under_construction,2025-03-31,
P51700045458,KRISHNA HERITAGE,SHREE BALAJI CONSTRUCTION,421301,Thane,,,,under_construction,2024-12-31,
P51700034679,SAIRAJ HEIGHTS,VPM JAIRAJ DEVELOPERS,421308,Thane,,,,under_construction,2026-03-31,
P51700034586,ARUNI-MIST,EVERGREEN DEVELOPERS,421202,Thane,,,,under_construction,2025-07-31,
P51700034223,SEASONS HARMONY,Shree Sai Developers,421301,Thane,,,,under_construction,2025-03-31,
P51700034395,Ram Royale,BHUSHAN NANDKISHOR PATKAR,421503,Thane,,,,under_construction,2024-07-30,
P51700034488,Ram Regalia,BHUSHAN NANDKISHOR PATKAR,421503,Thane,,,,under_construction,2024-07-30,
P51700034735,SHILPA RESEDENCY,SHREENATH DEVELOPERS,421503,Thane,,,,under_construction,2027-03-31,
P51700034485,SAI VIJAY HERITAGE,VIJAY LALSINGH THAKUR,421004,Thane,,,,under_construction,2025-03-31,
P51700035036,SHREE PRABHUCHARAN CHS.LTD,SHREE PRABHUCHARAN CO-OP HOUSING SOCIETY,421401,Thane,,,,under_construction,2024-03-31,
P51700034248,PARASMANI PARK CHS,SANDEEP DAJI LAKADE,421501,Thane,,,,under_construction,2024-01-30,
P51700034532,LA GRANDEURE TOWER 1,LA HOMES,421203,Thane,,,,under_construction,2026-05-31,
P51700034190,TEN X HABITAT Raymond Realty Tower F,Raymond Limited,400606,Thane,,,,under_construction,2026-03-31,
P51700045461,VERMA SOLITAIRE,GRRS NIRMAN PRIVATE LIMITED,421501,Thane,,,,under_construction,2025-03-31,
P51700034411,ATLANTIC,RIDDHI SIDDHI ENTERPRISES,421311,Thane,,,,under_construction,2027-03-31,
P51700034887,Vardhaman Tower Building Nos. 6 & 7,Vardhaman Property Developers,421204,Thane,,,,under_construction,2024-12-30,
P51700034763,SIYARA ICON,SHAKTI REALTY,421302,Thane,,,,under_construction,2025-12-31,
P51700034947,Joshi Arcade,Meera Developers,421503,Thane,,,,under_construction,2026-03-31,
P51700034922,SAI PLAZA,SHREE SAI BUILDERS AND DEVELOPERS,421204,Thane,,,,under_construction,2024-12-25,
P51700034533,PALM VIEW AND SWANAND CHS,V J CONSULTANTS,421201,Thane,,,,under_construction,2024-11-09,
P51700035044,Aastha Omkar,Aastha Realtors,421605,Thane,,,,under_construction,2026-12-31,
P51700034700,YOGI BELLEZA,YOGI DEVELOPERS,421302,Thane,,,,under_construction,2027-12-31,
P51700047044,JAI JHULELAL CO. OP. HSG. SOC.,M/S. SHUBHAM DEVELOPERS,400601,Thane,,,,under_construction,2024-12-31,
P51700034211,ASHAR ARIZE TOWER B AND C,Ms ASHAR VENTURES,400605,Thane,,,,under_construction,2027-12-31,
P51700034841,OMKAR HEIGHTS,OMKAR BUILDERS & DEVELOPERS,421201,Thane,,,,under_construction,2024-03-31,
P51700034861,Jardino A,MACROTECH DEVELOPERS LIMITED,421203,Thane,,,,under_construction,2027-08-31,
P51700046094,Jardino B,MACROTECH DEVELOPERS LIMITED,421203,Thane,,,,under_construction,2028-08-31,
P51700049115,SHIVA AMRUT ESTATE D WING,SHIVA AMRUT ENTERPERISES,400612,Thane,,,,under_construction,2026-12-31,
P51700034467,Royale Grand Central,M/s. Sai Shiva Infra Developers,400606,Thane,,,,under_construction,2029-12-31,
P51700035070,OSIANS GARDEN - PHASE-II,GLACIER DWELLINGS LLP,421302,Thane,,,,under_construction,2028-12-31,
P51700034455,SEASONS ONE,UNIQUE ENTERPRISES,421301,Thane,,,,under_construction,2028-12-31,
P51700034764,SPECTRUM,KULIN ENTERPRISES,421501,Thane,,,,under_construction,2024-12-01,
P51700034612,PRARTHANA COOPERATIVE HOUSING SOCIETY LTD,Shrusti Consultants And Contractors,400602,Thane,,,,under_construction,2025-02-17,
P51700034413,Tricity Montview,TRICITY REALTY LLP,400705,Thane,,,,under_construction,2026-12-31,
P51700048780,MANTRA RESIDENCY,MAHADEV HOMEMAKER,421003,Thane,,,,under_construction,2025-06-30,
P51700034568,SAGAR KUNJ HIGHLAND,BSR Homes,421201,Thane,,,,under_construction,2025-12-31,
P51700034666,EKVEERA PRIDE,AAI ENTERPRISES,421501,Thane,,,,under_construction,2024-12-01,
P51700048058,Manvi Heights,Veena Surendra Murpani,421005,Thane,,,,under_construction,2023-12-31,
P51700035172,Datta Dham Apartment CHS,TELANGE BUILDERS & DEVELOPERS PRIVATE LIMITED,421501,Thane,,,,under_construction,2025-02-27,
P51700034475,Bhagwati Celeste,Sagar Homes,421201,Thane,,,,under_construction,2027-03-31,
P51700034368,S G CONSTRCUTION,S G CONSTRUCTION,421204,Thane,,,,under_construction,2024-12-31,
P51700034347,GOVIND NILAY CO. OP. HOU. SO. LTD,SACHIN DATTATRYA GORLE,421503,Thane,,,,under_construction,2025-02-27,
P51700034374,AMBER DEVELOPERS,AMBER DEVELOPERS,421201,Thane,,,,under_construction,2025-12-31,
P51700034938,GAYATRI COMPLEX D WING,OM SAI DEVELOPERS,421503,Thane,,,,under_construction,2023-12-31,
P51700034394,SANMITRA CHS,SWAMIMAULI INFRAWORLD,421503,Thane,,,,under_construction,2025-12-31,
P51700034509,VISHWAJEET EMPIRE,GULABRAO BABURAO KARANJULE PATIL,421501,Thane,,,,under_construction,2026-06-23,
P51700034565,ASHAR ARIZE N.M.M. SOCIETY TOWER A,Ms ASHAR VENTURES,400605,Thane,,,,under_construction,2027-01-31,
P51700034584,VARHAALA HEIGHTS,SARVASHIVA ENTERPRISES,421305,Thane,,,,under_construction,2028-03-31,
P51700034721,ASHAR ARIZE GALLERIA,Ms ASHAR VENTURES,400605,Thane,,,,under_construction,2027-01-31,
P51700034837,Upper Thane-Casa Eden,MACROTECH DEVELOPERS LIMITED,421302,Thane,,,,under_construction,2026-03-31,
P51700034768,ANAND HOME,M/s. MORYA GROUP,421605,Thane,,,,under_construction,2025-03-31,
P51700045803,SAI AVENUE,SAI BABA CONSTRUCTIONS,421003,Thane,,,,under_construction,2025-01-01,
P51700035145,Sai Galaxy A- Wing and C- Wing,Jash Developers,421204,Thane,,,,under_construction,2025-12-31,
P51700034925,ZIRCON HEIGHTS,IQBAL ABDUL RAUF PUNJABI,421302,Thane,,,,under_construction,2024-12-31,
P51700034984,Yashshree Co.Op.Hsg.Soc,Nitant Narendra Desai,421503,Thane,,,,under_construction,2025-09-30,
P51700045235,Seva Smruti,Neelpadma Associates,421201,Thane,,,,under_construction,2024-05-31,
P51700034541,NAVKAR HEIGHTS,RAJENDRA ENTERPRISE,421301,Thane,,,,under_construction,2026-04-30,
P51700034542,Audumbar CHS,Neelpadma Associates,421201,Thane,,,,under_construction,2023-12-31,
P51700034655,JAIN PLAZA,BHARATKUMAR AMICHAND JAIN,421501,Thane,,,,under_construction,2024-07-31,
P51700034808,SHREE SAI SABURI APARTMENT-BUILDING B,SHREE SAISHRADDHA ENTERPRISES,421311,Thane,,,,under_construction,2025-03-31,
P51700034605,Pankaj Co-Op Housing Society Ltd.,Aditya Associates,400602,Thane,,,,under_construction,2024-03-31,
P51700034478,SHIVAM,SAIKRIPA CONSTRUCTION,421004,Thane,,,,under_construction,2023-06-30,
P51700034963,Sai Narayana Residency,MM Landmark Realty LLP,421302,Thane,,,,under_construction,2025-12-31,
P51700047732,LAXMI ARCADE,SATISH KASHINATH GUJARATHI,421601,Thane,,,,under_construction,2024-12-31,
P51700034789,SAI LEELA,SAIJYOTBUILDERS&DEVELOPERS,400701,Thane,,,,under_construction,2024-06-30,
P51700035116,Morya Sportscity Tower A and B,Morya Sportscity Infraconstruct Private Limited,421302,Thane,,,,under_construction,2026-12-31,
P51700046249,CHARMS GLOBAL CITY - TYPE B2 - EIFFEL,CHARMS GLOBAL,421501,Thane,,,,under_construction,2025-06-30,
P51700035140,Sai Vihar,Universal Infracon,421003,Thane,,,,under_construction,2024-06-30,
P51700034844,SEVEN HEIGHTS,OVAIS MUDABBIR BARDI,421302,Thane,,,,under_construction,2025-12-31,
P51700034985,DOSTI PLANET NORTH - SECTOR 3,CHALAMA INFRAPROPERTIES PRIVATE LIMITED,400612,Thane,,,,under_construction,2028-12-31,
P51700045240,KURM CASA,RAJESH GANPATI JADHAV,421306,Thane,,,,under_construction,2026-12-31,
P51700045436,Charms Padamavati Royal Phase 1,Charms Developers,421605,Thane,,,,under_construction,2027-04-30,
P51700045389,Charms Padamavati Royal Phase 2,Charms Developers,421605,Thane,,,,under_construction,2027-04-30,
P51700045775,SAGAR ENCLAVE,KANCHAN BUILDERS & DEVELOPERS,400612,Thane,,,,under_construction,2025-12-25,
P51700034954,KASTURI PALAZA,ARFA CONSTRUCTION,421605,Thane,,,,under_construction,2024-03-31,
P51700034631,NEEL SAGAR CHS,RAJU SHANTARAM MANDAVKAR,421503,Thane,,,,under_construction,2027-12-31,
P51700045504,Mahavir Spring -Daffodils-P3,Vinayak Developers,400610,Thane,,,,under_construction,2027-12-30,
P51700034891,CHINTAMANI HABITAT JASMINE TYPE A-B-J,JASHNANI CONSTRUCTION PRIVATE LIMITED,421601,Thane,,,,under_construction,2025-12-31,
P51700045643,ADITI HIGHLAND,RAJU SHANTARAM MANDAVKAR,421503,Thane,,,,under_construction,2028-12-31,
P51700035051,Fiora E,MACROTECH DEVELOPERS LIMITED,421203,Thane,,,,under_construction,2026-03-31,
P51700035016,Vaishnavi Hights,VAISHNAVI BUILDERS & DEVELOPERS,421503,Thane,,,,under_construction,2024-06-24,
P51700045788,SHRADDHA PENINSULA,PADMAGRIHA HEIGHTS,400608,Thane,,,,under_construction,2026-04-30,
P51700034770,Liana C,MACROTECH DEVELOPERS LIMITED,421203,Thane,,,,under_construction,2026-03-31,
P51700046146,ODESSA BOUTIQUE OFFICES,PRITHVEE DEVELOPERS,400604,Thane,,,,under_construction,2023-03-31,
P51700048405,SWARAJ HEIGHTS,Darshana  Samel,421301,Thane,,,,under_construction,2024-05-31,
P51700034830,Madhu Milind Co-Op Housing Society Ltd,Aditya Associates,400602,Thane,,,,under_construction,2025-03-10,
P51700045255,SUYOG APARTMENT,TELANGE BUILDERS & DEVELOPERS PRIVATE LIMITED,421501,Thane,,,,under_construction,2025-03-30,
P51700045213,AMINA BI INAMDAR TOWER,ROYAL INFRA,421301,Thane,,,,under_construction,2024-03-31,
P51700045393,WATSON APARTMENT,SAI PRAKASH BUILDERS AND DEVELOPERS,421501,Thane,,,,under_construction,2024-10-31,
P51700034608,Godrej Ascend Phase 1,Godrej Properties Limited,400607,Thane,,,,under_construction,2028-04-30,
P51700035100,Cyber Square - 1,GREENSCAPE IT PARK LLP,400706,Thane,,,,under_construction,2027-03-31,
P51700045792,AMEYA ENCLAVE,ATHARV REALTY,421202,Thane,,,,under_construction,2025-12-31,
P51700046185,ASHTAVINAYAK,PARISPARSH,421201,Thane,,,,under_construction,2025-04-15,
P51700035133,GIRIRAJ SPARSH,DURA VIDA ASSOCIATES,400602,Thane,,,,under_construction,2025-06-30,
P51700034881,ELITE RESIDENCE - A,ELITE REALTY,400612,Thane,,,,under_construction,2026-12-31,
P51700045497,VIGHNAHARTA,JD AASOCIATIONS,421202,Thane,,,,under_construction,2026-04-30,
P51700034893,ELITE RESIDENCE - B,ELITE REALTY,400612,Thane,,,,under_construction,2026-12-31,
P51700045444,MAGUS CITY,MAGUS INFRATECH PRIVATE LIMITED,421311,Thane,,,,under_construction,2027-04-30,
P51700045438,PIYUSH MAJESTIC -NX,GLOBAL INFRATECH,400612,Thane,,,,under_construction,2024-09-30,
P51700045736,BSC IT PARK,bansal steel corporation,400604,Thane,,,,under_construction,2024-06-01,
P51700045247,GAMI ASTERS B WING,THALIA AND GAMI ENTERPRISES,400701,Thane,,,,under_construction,2026-12-31,
P51700045495,SHIVDOOTI RESIDENCY,ARUN BALU PATIL,421301,Thane,,,,under_construction,2025-12-31,
P51700035176,SINDHRI SAGAR,ROUNAK SHYAM PANJWANI,421003,Thane,,,,under_construction,2024-12-31,
P51700045289,NAVKAR AVENUE,NAVKAR ENTERPRISES,400601,Thane,,,,under_construction,2025-12-31,
P51700035151,TANISHKA RESIDENCY,ANMOL DEVELOPERS,421201,Thane,,,,under_construction,2023-01-15,
P51700034749,SAI RESIDENCY,SAI SADAN BUILDERS AND DEVELOPERS,421201,Thane,,,,under_construction,2023-03-31,
P51700035130,DELTA LUXURIA,SHREENATHJI ORGANISERS PVT LTD,400708,Thane,,,,under_construction,2027-04-30,
P51700034753,PEARL A,MACROTECH DEVELOPERS LIMITED,421204,Thane,,,,under_construction,2025-12-31,
P51700045622,MARINE HEIGHTS,QUBA REALTY LLP,421302,Thane,,,,under_construction,2026-03-31,
P51700045967,Radhe Govind Commercial Complex,Shree Radha Construction,421501,Thane,,,,under_construction,2025-12-31,
P51700046135,NB AARAMBH RESIDENCY,NB ASSOCIATES PRIVATE LIMITED,421605,Thane,,,,under_construction,2024-05-31,
P51700045536,ROHIT CO-OP HOUSING SOCIETY LTD,VEDANT CONSTRUCTION,400602,Thane,,,,under_construction,2024-12-31,
P51700035191,SAI WORLD DREAMS PHASE 1,Out N Out Infotech India LLP,421205,Thane,,,,under_construction,2028-12-30,
P51700045201,VASTUKARMA CO-OP. HSG. SOC,SHREE GAJANAN ENTERPRISES,421501,Thane,,,,under_construction,2024-12-31,
P51700048647,DEV ELLANZA,DLS ENTERPRISES,421605,Thane,,,,under_construction,2026-04-30,
P51700045703,KAPIL CONTINENTAL,SACVIR REALTORS LLP,400601,Thane,,,,under_construction,2025-04-11,
P51700035178,SWARUP TOWER,BABA REALTY,421302,Thane,,,,under_construction,2024-12-31,
P51700045909,GAMI SOLITAIRE,ANIL LAXMAN GAMI,400709,Thane,,,,under_construction,2024-12-31,
P51700046912,SKYGEM HEIGHTS,SAJIN SHIVKUMAR NAIR,421004,Thane,,,,under_construction,2024-09-30,
P51700047977,OM ASHISH CHS,GREEN HEIGHTS INFRA,421503,Thane,,,,under_construction,2025-12-31,
P51700045401,ALISHAN ARCADE - BUILDING NO. B1,PATANGWALA ASSOCIATES,400612,Thane,,,,under_construction,2027-03-31,
P51700035166,Tycoons Square Avenue III Tower D,Tycoons Avanti Projects LLP,421301,Thane,,,,under_construction,2026-12-31,
P51700045898,ROSE RESIDENCY,KUNAL RAMESH KARANIYA,421302,Thane,,,,under_construction,2026-09-30,
P51700035135,Kamdhenu Vogue,M/S KAMDHENU LIFESPACES,400705,Thane,,,,under_construction,2027-03-31,
P51700045456,"LAXMI AANGAN - MAHANADI, KRISHNA AND GANGA",Kanji Murji Mange,400612,Thane,,,,under_construction,2027-03-31,
P51700045646,SAI SADAN APARTMENT,LAXMAN SAKHARAM KARBHARI,421302,Thane,,,,under_construction,2025-01-10,
P51700045573,HARESH NIWAS,KULDEVI DEVELOPERS,421201,Thane,,,,under_construction,2025-03-31,
P51700046171,MOHAN PRECIOUS GREENS PHASE I,MOHAN DEVELOPERS LLP,421501,Thane,,,,under_construction,2026-12-31,
P51700046350,MAULI CONSTRUCTION,MAULI CONSTRUCTION,421201,Thane,,,,under_construction,2024-05-31,
P51700045454,SHREE KRISHNA TOWERS,SHUKLA CONSTRUCTION,421202,Thane,,,,under_construction,2024-12-31,
P51700045995,Dipti Co. Op. Hsg. Soc. Ltd,INSPIRE REALITY,421503,Thane,,,,under_construction,2026-12-26,
P51700035091,RAMAKANT ARCADE,VASTU ENTERPRISES,421202,Thane,,,,under_construction,2023-05-31,
P51700047277,Bhagawati Annex,SIDDHIDHATA HOSPITALITY PRIVATE LIMITED,421401,Thane,,,,under_construction,2025-09-30,
P51700047351,Bhagawati Park,SIDDHIDHATA HOSPITALITY PRIVATE LIMITED,421401,Thane,,,,under_construction,2025-09-30,
P51700045671,AARAMBHA ANNEX,AARAMBHA VISION HOMES PRIVATE LIMITED,421201,Thane,,,,under_construction,2024-12-31,
P51700045970,OM SHREE GANESH CHHAYA CHS,SHREE GANESH DEVELOPERS,421301,Thane,,,,under_construction,2024-03-31,
P51700045969,SHIV SAROVAR,MAHESH BHARAT DIVNALE,421503,Thane,,,,under_construction,2025-05-01,
P51700047251,SARAS RESIDENCY,BALAJI GROUP BUILDERS & DEVELOPERS,421201,Thane,,,,under_construction,2027-12-30,
P51700045397,Prabhat Darshan,Yashomalhar Construction,421201,Thane,,,,under_construction,2023-06-30,
P51700045375,SHIVDAS ARCADE,ADI ENTERPRISES,421202,Thane,,,,under_construction,2023-01-31,
P51700045739,Ishwari Heights,Vinay Arun Surve,421202,Thane,,,,under_construction,2024-06-30,
P51700045607,MIHIR CHSL,Harshal Ramdas Navghare,421503,Thane,,,,under_construction,2024-05-31,
P51700045677,Yunus Residency,AL ARAAF INFRA PRIVATE LIMITED,421302,Thane,,,,under_construction,2025-06-30,
P51700046147,Alishan Park 3,Aliakbar Yusuf Zojwalla,421301,Thane,,,,under_construction,2025-12-31,
P51700045430,ARIHANT AARADHYA PHASE I,ARIHANT SUPERSTRUCTURES LIMITED,421302,Thane,,,,under_construction,2029-03-31,
P51700048024,AMEENA HEIGHTS,QUBA REALTY LLP,421302,Thane,,,,under_construction,2024-06-30,
P51700045821,Vasudev Laxmi Park,MAHESH MANOHAR SALPHALE,421103,Thane,,,,under_construction,2027-01-01,
P51700045590,Radhe Govind Commercial Complex,Shree Radha Construction,421501,Thane,,,,under_construction,2025-12-31,
P51700045404,VASTU LABH,DWARKAMAI BUILDERS & DEVELOPERS,421201,Thane,,,,under_construction,2025-04-30,
P51700045521,VIRAJ ICONIC,BONZER ORBIT,421503,Thane,,,,under_construction,2026-12-31,
P51700046772,JENNY HEIGHTS,GHANSHYAM RAMCHAND BATHIJA,421004,Thane,,,,under_construction,2023-06-01,
P51700045858,Lodha Crown Kolshet-Tower 1,MACROTECH DEVELOPERS LIMITED,400607,Thane,,,,under_construction,2026-03-31,
P51700046037,Lodha Crown Kolshet-Tower 4,MACROTECH DEVELOPERS LIMITED,400607,Thane,,,,under_construction,2026-05-31,
P51700045776,ASHAPURA GALAXY,ASHAPURA ESTATES,421102,Thane,,,,under_construction,2026-06-30,
P51700045825,Riddhi Heights,Rohan Satish Dawane,400601,Thane,,,,under_construction,2025-11-30,
P51700045631,Lodha Signet Palava-Signet 1,MACROTECH DEVELOPERS LIMITED,421204,Thane,,,,under_construction,2025-12-31,
P51700046157,THE VAIDIKI SIGNATURE - A WING,SHREE JARI MARI DEVELOPERS LLP,421306,Thane,,,,under_construction,2025-12-31,
P51700046092,AHMAHF EMPIRE - WING A,AHMAHF REALTY & DEVELOPERS,421306,Thane,,,,under_construction,2028-06-30,
P51700045479,THE VAIDIKI SIGNATURE - B WING,SHREE JARI MARI DEVELOPERS LLP,421306,Thane,,,,under_construction,2026-12-31,
P51700045539,PRECIOUS IMPERIAL PHASE II,RKR REALITY,421503,Thane,,,,under_construction,2026-08-31,
P51700045724,Sarthi Elanza,Sarthi Developers,421203,Thane,,,,under_construction,2023-10-31,
P51700046415,Atlantic Iris,Atlantic Winds Infrastructures Private Limited,421301,Thane,,,,under_construction,2026-12-31,
P51700045709,Aashiyana,Raymond Limited,400606,Thane,,,,under_construction,2024-06-30,
P51700046189,Omkar Residency A-Wing,K K GROUP,421302,Thane,,,,under_construction,2025-12-13,
P51700045694,SHREE SHANKHESHWAR ASHISH,RAJARAM CONSTRUCTION,400601,Thane,,,,under_construction,2026-12-31,
P51700045644,NISAR ZULEKHA COMPLEX,NISAR AHMED RAMZAN MOMIN,421308,Thane,,,,under_construction,2026-03-31,
P51700046290,Hundiwale,Aditya Associates,400603,Thane,,,,under_construction,2024-03-31,
P51700045509,SAPTARSHI CHS,ADITYARAJ DEVELOPERS,400022,Thane,,,,under_construction,2026-03-31,
P51700046286,CENTONIC,METRO LIFESCAPES INDIA LLP,400703,Thane,,,,under_construction,2027-06-30,
P51700045897,ADWAIT GAURAV,ADWAIT REALTY,421501,Thane,,,,under_construction,2024-05-31,
P51700045690,MAHAN LUXURIA,KOHINOOR BUILDERS & DEVELOPERS,421001,Thane,,,,under_construction,2027-03-31,
P51700047505,KUBER HEIGHTS,NAYANTARA BUILDERS AND DEVELOPERS,421201,Thane,,,,under_construction,2025-09-30,
P51700045755,SAI POOJA,SAIRAJ ENTERPRISES,421503,Thane,,,,under_construction,2024-12-31,
P51700045743,SUKUR SAPPHIRE PHASE II,RAJARAM CONSTRUCTION,400610,Thane,,,,under_construction,2024-06-30,
P51700046298,RUNWAL LANDS END,Runwal Construction Private Limited,400607,Thane,,,,under_construction,2029-06-30,
P51700045987,GANESH DARSHAN APARTMENT,TIRUPATI CONSTRUCTION,421604,Thane,,,,under_construction,2023-11-30,
P51700047534,THARWANI ARIANA PHASE IV,ANIL HARDASMAL THARWANI,421501,Thane,,,,under_construction,2026-06-30,
P51700046173,ALLIAANCE ICON,SATYAM INFRA,400701,Thane,,,,under_construction,2026-12-31,
P51700046279,MEGA PEARL,Mega Creative LLP,421605,Thane,,,,under_construction,2026-12-31,
P51700048244,ADITYA HEIGHTS,RATNAKAR DHARMA PATIL,421605,Thane,,,,under_construction,2025-06-30,
P51700046028,VASUNDHARA,RUDRA DEVELOPERS,421503,Thane,,,,under_construction,2026-12-31,
P51700045862,OMKAR PLAZA,OMKAR ENTERPRISES,421503,Thane,,,,under_construction,2025-12-31,
P51700046008,Davakhar Elegance Phase II,DAVAKHAR INFRASTRUCTURE PRIVATE LIMITED,421306,Thane,,,,under_construction,2024-03-31,
P51700046010,AYKON,METRO LIFESCAPES INDIA LLP,400703,Thane,,,,under_construction,2027-12-30,
P51700046740,MANISHA CO-OP HOUSING SOCIETY,SHRI KRUPA DEVELOPERS,421503,Thane,,,,under_construction,2024-12-31,
P51700047272,EKATVA ONYX,VERTICAL REALTORS PRIVATE LIMITED,400604,Thane,,,,under_construction,2025-12-31,
P51700046846,Krishna Empire,K M Constructions,421003,Thane,,,,under_construction,2024-03-31,
P51700047224,KUBER HEIGHTS,SHREEJI INFRA GROUP,421204,Thane,,,,under_construction,2024-12-31,
P51700045826,SKY HEIGHT,Mango Enterprises,421503,Thane,,,,under_construction,2026-05-31,
P51700046216,THE IMPERIAL,PRASHANT CHANDRAKANT SHINDE,421301,Thane,,,,under_construction,2026-06-30,
P51700045944,RAJ EMPIRES,RAJ PRITAM CHATURVEDI,421301,Thane,,,,under_construction,2026-03-31,
P51700046258,Vedant Matoshree,SHREE VEDANT KRUPA,421503,Thane,,,,under_construction,2024-12-31,
P51700045947,KOHINOOR RESIDENCY,ABRAR HAROON KHAN,421302,Thane,,,,under_construction,2026-12-31,
P51700046158,Olivia Bliss,Jai Bhawani Orchid Infra LLP,421302,Thane,,,,under_construction,2026-12-31,
P51700045829,The Address By GS Tower B,Raymond Limited,400606,Thane,,,,under_construction,2028-03-31,
P51700049104,SAI SIDDHI APARTMENT,SAI SIDDHI DEVELOPERS,421401,Thane,,,,under_construction,2024-12-31,
P51700045956,Amrut Heights,Amrut Heights LLP,421301,Thane,,,,under_construction,2025-12-31,
P51700046436,COSMOS CHS,KISHOR NARAYAN PAWAR,400601,Thane,,,,under_construction,2025-06-30,
P51700046211,MANGALSING APARTMENT,SAMARTH KRUPA CONSTRUCTION,421201,Thane,,,,under_construction,2023-12-31,
P51700045809,ASAVARI CO OP HSG SOC LTD,Trimity Constructions,400602,Thane,,,,under_construction,2024-12-31,
P51700045901,VAISHNAVI PRIDE,ASHTAVINAYAK ENTERPRISES,421306,Thane,,,,under_construction,2027-04-30,
P51700045978,SUKUR SUBLIME,VEDANT CONSTRUCTION,400605,Thane,,,,under_construction,2025-06-30,
P51700045890,UPPER THANE-IRIS WING B,MACROTECH DEVELOPERS LIMITED,421302,Thane,,,,under_construction,2028-03-31,
P51700046129,INDIRA SADAN PHASE I,PRAKASH DNYANDEO WANKHEDE,421501,Thane,,,,under_construction,2024-05-30,
P51700045873,Maruti Greens,MARUTI BUILDCON,421503,Thane,,,,under_construction,2026-06-30,
P51700046115,NEERABAI HEIGHTS,MAULI DEVELOPERS,421201,Thane,,,,under_construction,2024-12-31,
P51700046406,SHREE GAJANAN PLAZA,SHREE GANADHISH INFRASTRUCTURE,421605,Thane,,,,under_construction,2025-06-30,
P51700045936,AMBER ELLANCE A-2,AAKASH CORPORATION,400612,Thane,,,,under_construction,2027-12-31,
P51700045872,SHREE CHAITANYA CO OP HSG LTD,G K BULDERS,421503,Thane,,,,under_construction,2024-12-31,
P51700046732,RAMANATH APARTMENT,SARVESH CONSTRUCTION,421601,Thane,,,,under_construction,2025-12-31,
P51700046117,DATTA SRUSHTI COMPLEX,BHANUDAS DASHARATH PATIL,421302,Thane,,,,under_construction,2029-12-31,
P51700045866,SAMRUDDHI HEIGHTS,SAMRUDDHI ENTERPRISES,421503,Thane,,,,under_construction,2027-12-31,
P51700046230,Sai Omkar Square,Annapurna Buildcon,421503,Thane,,,,under_construction,2027-06-30,
P51700046198,JP SYMPHONY BLDG NO 5,RISALI DEVELOPERS,421501,Thane,,,,under_construction,2024-12-31,
P51700046409,KATARIAS SHIV SHRISHTI,SHIV SAGAR DELEVOPERS AND BUILDERS,421501,Thane,,,,under_construction,2025-12-31,
P51700046346,ELITE RESIDENCE - C,ELITE REALTY,400612,Thane,,,,under_construction,2026-12-31,
P51700046254,ALPHA RESIDENCY,AGNETA CONSTRUCTIONS,421302,Thane,,,,under_construction,2027-05-30,
P51700046293,SHREEJI GREENS,DEEP LAXMI ASSOCIATES,421503,Thane,,,,under_construction,2026-07-31,
P51700045795,L AND T SEAWOODS - AMBER AT WEST SQUARE,L&T SEAWOODS LIMITED,400706,Thane,,,,under_construction,2027-12-31,
P51700046164,OM SAI RAJ,SAI CONSTRUCTIONS,421501,Thane,,,,under_construction,2025-12-31,
P51700045793,L AND T SEAWOODS-JASPER AT WEST SQUARE,L&T SEAWOODS LIMITED,400706,Thane,,,,under_construction,2027-12-31,
P51700045794,L AND T SEAWOODS - OPAL AT WEST SQUARE,L&T SEAWOODS LIMITED,400706,Thane,,,,under_construction,2027-01-31,
P51700045802,L AND T SEAWOODS - CORAL AT WEST SQUARE,L&T SEAWOODS LIMITED,400706,Thane,,,,under_construction,2027-01-31,
P51700047399,SHIVANAND SRA CHS,MADHUR MANOHAR RAO,400605,Thane,,,,under_construction,2025-05-12,
P51700047053,MADHUBAN F WING,ABHILASHA VENTURE,421605,Thane,,,,under_construction,2026-04-01,
P51700046405,VAISHNAVI PRIDE,VAISHNAVI DEVELOPERS,421306,Thane,,,,under_construction,2026-12-31,
P51700047990,Mangeshi Dhara,Mangesh Dashrath Gaikar,421201,Thane,,,,under_construction,2026-06-30,
P51700047083,SHREEJI ICONIC,SHREEJI DEVELOPERS,421503,Thane,,,,under_construction,2024-12-31,
P51700048788,SARVODAY SHIV SHRADDHA,EKTA REALTORS,421201,Thane,,,,under_construction,2025-06-30,
P51700047102,New Pushpanjali CHS,Geetai Buildcon,421503,Thane,,,,under_construction,2023-12-31,
P51700046103,REGENCY PALMS PHASE III,REGENCY INC,400706,Thane,,,,under_construction,2024-05-31,
P51700046381,REGENCY PALMS PHASE IV,REGENCY INC,400706,Thane,,,,under_construction,2026-05-31,
P51700046244,Sai Siddhi Residency,DEVENDRA DAMODAR PATIL,421203,Thane,,,,under_construction,2024-12-31,
P51700046207,SHUBHAM HEIGHTS,SHUBHAM BUILDERS AND DEVELOPERS,421004,Thane,,,,under_construction,2024-12-31,
P51700046632,Senwin Residency,Senwin Divine Ventures,421301,Thane,,,,under_construction,2025-03-31,
P51700046315,Fiora F,MACROTECH DEVELOPERS LIMITED,421203,Thane,,,,under_construction,2026-08-31,
P51700046119,Liana D,MACROTECH DEVELOPERS LIMITED,421203,Thane,,,,under_construction,2026-08-31,
P51700046128,RUSTOMJEE LA FAMILIA- WING C,Kapstone Constructions Private Limited,400602,Thane,,,,under_construction,2027-06-30,
P51700046456,Bhagwan Krishna Niwas,QUICK DEVELOPERS,400602,Thane,,,,under_construction,2024-07-01,
P51700047048,SHREEJII ICON,SHREEJI CONSTRUCTION,421301,Thane,,,,under_construction,2026-06-30,
P51700046344,KALPATARU CO.-OP. HOUSING SOCIETY LTD,JAIDEEP CONSTRUCTIONS,421501,Thane,,,,under_construction,2024-12-30,
P51700046184,Raheja Solaris-2,Raheja Universal (Pvt.) Ltd.,400705,Thane,,,,under_construction,2027-12-31,
P51700046336,SILVER RESIDENCE,HARIS BUILDERS AND DEVELOPERS,421301,Thane,,,,under_construction,2027-12-31,
P51700049500,SHUBHAM MONOLITH D WING,Gaurivinayak Builders and Developers Pvt Ltd,421306,Thane,,,,under_construction,2026-12-31,
P51700049074,Lodha Crown Kolshet - Tower 2,MACROTECH DEVELOPERS LIMITED,400607,Thane,,,,under_construction,2027-07-31,
P51700046319,Lodha Crown Kolshet - Tower 3,MACROTECH DEVELOPERS LIMITED,400607,Thane,,,,under_construction,2027-09-30,
P51700046307,Lodha Sterling - Tower C,MACROTECH DEVELOPERS LIMITED,400607,Thane,,,,under_construction,2030-03-31,
P51700046522,ONE LUXURIA,SHAKTI PYRAMID VENTURES,400709,Thane,,,,under_construction,2026-12-31,
P51700046339,Tulsi Aawas,RAJ GROUP,421503,Thane,,,,under_construction,2024-12-31,
P51700046320,TISAI SRUSHTI PHASE 1,VVKS DEVELOPERS PRIVATE LIMITED,421306,Thane,,,,under_construction,2027-12-31,
P51700046302,AMEYA GARDEN PHASE II,AMEYA ENTERPRISES,421306,Thane,,,,under_construction,2025-06-30,
P51700047616,Tulsi Aaradhana,RAJ GROUP,421503,Thane,,,,under_construction,2025-12-31,
P51700046352,Fiora G and H,MACROTECH DEVELOPERS LIMITED,421203,Thane,,,,under_construction,2026-10-31,
P51700046311,Casa Belvedere,MACROTECH DEVELOPERS LIMITED,421203,Thane,,,,under_construction,2026-10-31,
P51700046305,PRIDE HEIGHTS,PRIDE ENTERPRISES,421306,Thane,,,,under_construction,2027-12-31,
P51700046312,Lodha Kolshet A2 - Tower 1,MACROTECH DEVELOPERS LIMITED,400607,Thane,,,,under_construction,2028-06-30,
P51700046313,Lodha Kolshet A2 - Tower 2,MACROTECH DEVELOPERS LIMITED,400607,Thane,,,,under_construction,2029-02-28,
P51700046362,Lodha Kolshet A2 - Tower 3,MACROTECH DEVELOPERS LIMITED,400607,Thane,,,,under_construction,2029-10-31,
P51700046348,TISAI RESIDENCY,SKY TOUCH,421306,Thane,,,,under_construction,2027-06-30,
P51700047055,SHIVAM RESIDENCY PHASE II,SHIVAM DEVELOPERS,421305,Thane,,,,under_construction,2026-12-31,
P51700046819,Shreeji Darshan,Shreeji Infra,410206,Thane,,,,under_construction,2026-12-31,
P51700049449,MARATHON NEXTOWN JASPER,MARATHON ENER-GEN,421201,Thane,,,,under_construction,2027-12-31,
P51700047446,Lotus,Padma developers,421201,Thane,,,,under_construction,2025-12-31,
P51700048193,PARADISE ENCLAVE,Omkar Shashikant Dahotre,421201,Thane,,,,under_construction,2025-06-30,
P51700047996,SHIV TIRTH B WING,GAJRAJ ENTERPRISES,421503,Thane,,,,under_construction,2025-12-31,
P51700046447,Riviera - Building No.2,Shreeram Builders,400605,Thane,,,,under_construction,2025-09-30,
P51700047627,AADI ARAMBH SHIVKANTA,D A CONSTRUCTION,421501,Thane,,,,under_construction,2025-12-31,
P51700046454,SHAMBHU SHANKAR RESIDENCY,VIDISHA CONSTRUCTIONS,421305,Thane,,,,under_construction,2024-12-31,
P51700046572,Raheja Prime-1,Raheja Universal (Pvt.) Ltd.,400705,Thane,,,,under_construction,2028-12-31,
P51700046671,MOHAN HEIGHTS,MOHAN ATMARAM SASE,421401,Thane,,,,under_construction,2026-06-30,
P51700047056,AUROVILLE A AND B WING,ARYA CONSTRUCTION,421204,Thane,,,,under_construction,2025-12-31,
P51700046731,CHAVAN ADVAITAM,SAIDEEP CONSTRUCTIONS,421301,Thane,,,,under_construction,2026-12-31,
P51700046616,MANNAT SAROVAR,R. S. Enterprises,421004,Thane,,,,under_construction,2024-10-31,
P51700046637,Antalya,M/S Sara Realty,400614,Thane,,,,under_construction,2027-06-30,
P51700048129,SAIRAJ AVENUE,SHRI SAI DEVELOPERS,421503,Thane,,,,under_construction,2024-12-24,
P51700051733,Vedant Nakshatra Wing K Phase V,MOHAN HARDASMAL THARWANI,421503,Thane,,,,under_construction,2026-06-30,
P51700047809,Crystal Builders and Developers,CRYSTAL BUILDERS AND DEVELOPERS,421301,Thane,,,,under_construction,2025-05-13,
P51700046843,Darshani Co-Op. Housing Soc. Ltd.,JOSHI ENTERPRISES,400601,Thane,,,,under_construction,2024-12-31,
P51700046524,AMBER YASH - A WING,SAI DEVELOPERS BADLAPUR,421503,Thane,,,,under_construction,2024-12-31,
P51700046534,RAUNAK BLISS B1,UNNATHI ASSOCIATES,400610,Thane,,,,under_construction,2029-12-31,
P51700046710,SHUBHAM KRUPA,SHREE SAMARTH DEVELOPERS,421503,Thane,,,,under_construction,2025-07-31,
P51700048145,VISION ANAND THANSIT LAYOUT,LEELA MOHAN SURYAWANSHI,421601,Thane,,,,under_construction,2033-05-31,
P51700047708,NEELKANTH SADAN,SHREEJI ENTERPRISES,421302,Thane,,,,under_construction,2026-07-30,
P51700046541,Godrej Ascend Phase 2,Godrej Properties Limited,400607,Thane,,,,under_construction,2028-12-31,
P51700049157,RIDDHI SIDDHI PARK,M/S SHREE GANESH DEVELOPERS,421311,Thane,,,,under_construction,2026-05-25,
P51700047245,Lodha Villa Royale Palava,MACROTECH DEVELOPERS LIMITED,421204,Thane,,,,under_construction,2025-09-30,
P51700046891,EKDANT POOJA CHSL,LANDMARK INFRA,421503,Thane,,,,under_construction,2026-07-31,
P51700048013,OM SAI SANKUL - BUILDING TYPE F,Om Sai Constructions,421605,Thane,,,,under_construction,2025-05-10,
P51700047536,THARWANI MILLENNIUM ARCADE,THARWANI REALTORS,421503,Thane,,,,under_construction,2024-04-30,
P51700046993,New Vaishali CHS Ltd.,Joshi & Yash Developers LLP,400602,Thane,,,,under_construction,2024-12-31,
P51700046757,Ananta Residency,Suresh Lacchiram Agarwal,410206,Thane,,,,under_construction,2027-06-30,
P51700047050,Balaji Residency 2,Om Swayambhu Siddhivinayak Builders and Developers,421201,Thane,,,,under_construction,2027-12-31,
P51700047643,DELTA ICON,SHREENATHJI ORGANISERS PVT LTD,400708,Thane,,,,under_construction,2027-07-31,
P51700046683,THE HARMONY,THE IMPRESSIONS,421202,Thane,,,,under_construction,2025-12-31,
P51700046455,Sneha Sadan Co-operative Housing Society,NIRMITEE BUILDERS AND DEVELOPERS,400602,Thane,,,,under_construction,2025-02-28,
P51700049613,ARIN,GORAKSH BUILDERS,421201,Thane,,,,under_construction,2024-10-31,
P51700047438,Amore Empire,M/s. Dhiwisha Realty,400702,Thane,,,,under_construction,2027-03-31,
P51700046663,Dashmesh Empire,Dashmesh Infrastructure,421503,Thane,,,,under_construction,2027-06-30,
P51700046845,OM SWAMI APARTMENT,VIRAJ ENTERPRISES,421503,Thane,,,,under_construction,2025-12-31,
P51700046976,SATYAM SHEELA WING F,SHREEJI DEVELOPERS,421503,Thane,,,,under_construction,2026-07-31,
P51700046550,Runwal Gardens Phase 4 Bldg No. 38,Runwal Residency Private Limited,421201,Thane,,,,under_construction,2026-06-30,
P51700046668,BHAWANI CHS WING A AND B,THAKUR CONSTRUCTION,421503,Thane,,,,under_construction,2024-12-31,
P51700048582,OMKARR SINDHU RESIDENCY,BLUESKY REALTY,421004,Thane,,,,under_construction,2024-08-31,
P51700047064,SUDAMA ELEVATE,SUDAM ZIPA RASAL,421502,Thane,,,,under_construction,2025-12-31,
P51700047449,ASHAPURA ROYAL,GAYATRI DEVELOPERS,421201,Thane,,,,under_construction,2025-06-30,
P51700047051,MEGHANA CO. OP. HSG. SOC.,A. V. GAJARE,421301,Thane,,,,under_construction,2025-04-08,
P51700047731,SHARDA EMPORIO,SHARDA INFRA,421003,Thane,,,,under_construction,2025-12-31,
P51700046932,GREEN SQUARE,SQUAREFEET ENTERPRISES,400607,Thane,,,,under_construction,2027-12-31,
P51700047052,PANDURANG BASIL,MAYUR ABHIMANYU TANDEL,421301,Thane,,,,under_construction,2024-12-31,
P51700046917,PRATIBHA CHS LTD PROPOSED BUILDING NAMED GPS BUSINESS PARK,SHIV SAI INFRA,421501,Thane,,,,under_construction,2025-06-30,
P51700049586,VED HEIGHTS,OM REALITY,421503,Thane,,,,under_construction,2026-12-31,
P51700047737,NOOR RESIDENCY,Al Araaf Infra Private Limited,421302,Thane,,,,under_construction,2025-06-30,
P51700046624,EMPIRE HERITAGE,LAKHANI BUILDERS PVT LTD,400602,Thane,,,,under_construction,2027-07-31,
P51700046768,SHIVSHAKTI OASIS,SHIVSHAKTI GENESIS,421503,Thane,,,,under_construction,2026-12-31,
P51700047057,Amrut Siddhi Building No 1 and 2,Jayshree Builders,421605,Thane,,,,under_construction,2025-09-30,
P51700046747,EMPIRE PRESIDENCY,LAKHANI BUILDERS PVT LTD,400602,Thane,,,,under_construction,2025-07-31,
P51700049026,Jeevan Lifestyles Phase 6,Ms Jeevan Enterprises,421503,Thane,,,,under_construction,2025-12-31,
P51700047779,Upper Thane-IRIS Wing C,MACROTECH DEVELOPERS LIMITED,421302,Thane,,,,under_construction,2026-12-31,
P51700048963,VASTU HERITAGE,MINAKSHI DEVELOPERS,421201,Thane,,,,under_construction,2026-12-31,
P51700046892,SWAPNA REKHA CHS,SHREE SADGURU HOMES,421503,Thane,,,,under_construction,2025-12-31,
P51700047261,RAJ SILVERSTONE PHASE-2,SKYSPACE BUILTEK,421503,Thane,,,,under_construction,2025-07-31,
P51700049045,BHAWANI SHANKAR HEIGHTS B WING,BHAWANI SHANKAR BUILDERS & DEVELOPERS,421503,Thane,,,,under_construction,2029-12-31,
P51700047799,Harikunj Enclave,Samir Shrinivas Kale,400602,Thane,,,,under_construction,2025-08-31,
P51700046696,Globe Estate - Next,Vijay Paper Product,421203,Thane,,,,under_construction,2026-12-31,
P51700046734,ZENITH,Dhruva Woollen Mills Pvt Ltd,400608,Thane,,,,under_construction,2028-09-30,
P51700046607,Shiv Paradise,Shiv Corporation,421503,Thane,,,,under_construction,2025-12-31,
P51700046791,UNIQUE TOWER,THE UNIQUE BUILDERS,421503,Thane,,,,under_construction,2024-06-30,
P51700046820,VYANKTESH DARSHAN C.H.S,SIDDHIVINAYAK GROUP,421503,Thane,,,,under_construction,2025-10-01,
P51700047443,THE GIRI GALAXY,ABDUL MONAF KHAN,421004,Thane,,,,under_construction,2023-06-30,
P51700048302,BHERE PLAZA,VITTHAL GOVIND BHERE,421601,Thane,,,,under_construction,2027-12-31,
P51700047806,AMBER DARSHAN CO OP HSG SOCIETY,VARAD INFRA,421503,Thane,,,,under_construction,2026-09-30,
P51700046687,Morivali Richmand Park,SHREE KHODIYAR BUILDCON,421501,Thane,,,,under_construction,2024-11-30,
P51700047776,Gami Terra,LAL GEBI INFRA PRIVATE LIMITED,400705,Thane,,,,under_construction,2026-12-31,
P51700047016,Morivali Prarambh,SHREE KHODIYAR BUILDCON,421501,Thane,,,,under_construction,2024-11-30,
P51700048570,Shree Siddhivinayak,Shree Siddhivinayak Developers,400601,Thane,,,,under_construction,2025-06-30,
P51700047077,DEVANSH GALAXY,MOHAN NANA ADHIKARI,421601,Thane,,,,under_construction,2025-05-25,
P51700048026,Shivam Homes Wing A and B,Shivam Homes,421503,Thane,,,,under_construction,2025-12-31,
P51700046673,NAKHAWA ENCLAVE,SAI SHRUSHTI ENTERPRISES,400602,Thane,,,,under_construction,2023-10-31,
P51700046822,GREEN TOUCH,SHREE VAKRATUNDA BUILDERS & DEVELOPERS,421503,Thane,,,,under_construction,2027-12-31,
P51700046975,FULORA CO-OP HOUSING SOCIETY LTD,PINNACLE CREATORS,421503,Thane,,,,under_construction,2025-07-31,
P51700047899,Pancham Co. Operative HSG Society,YUVRAJ CONSTRUCTIONS,421301,Thane,,,,under_construction,2025-06-30,
P51700049114,THE DOMUS PRIVE,ARAMUS VENTURES LLP,400706,Thane,,,,under_construction,2026-12-31,
P51700049475,TAHRIM HIEGHTS,PHOENIX ENTERPRISES,421302,Thane,,,,under_construction,2025-12-31,
P51700054239,Vivanta S Bliss C Wing,JAI BHAWANI ORCHID INFRA LLP,421302,Thane,,,,under_construction,2023-08-31,
P51700047949,Mangeshi Tulip,Mangesh Dashrath Gaikar,421301,Thane,,,,under_construction,2026-07-30,
P51700049730,Satyadeep C.H.S,Impero Buildcon,421501,Thane,,,,under_construction,2025-12-31,
P51700046857,Kanchan Ganga,Abir Ambadas Bhagwat,421501,Thane,,,,under_construction,2024-03-31,
P51700047049,Shree Kacharnath CHS Ltd,AMOGH ASSOCIATES,421201,Thane,,,,under_construction,2024-12-31,
P51700047196,ANMOL EMERALD,M/s Ekdant Housing,400602,Thane,,,,under_construction,2025-08-31,
P51700047256,Aaraadhy Imperial,Nirmaan Realty,420201,Thane,,,,under_construction,2024-08-15,
P51700046767,SAI WORLD LEGEND PHASE II,Paradise Lifestyles Private Limited,421001,Thane,,,,under_construction,2029-12-30,
P51700047437,Sai Platinum Residency,MM Landmark Realty LLP,421302,Thane,,,,under_construction,2024-12-31,
P51700047557,Vedant Sadan,Shree Swami Enterprises,421503,Thane,,,,under_construction,2025-06-30,
P51700047988,Mangeshi Arcade II,Mangesh Dashrath Gaikar,421301,Thane,,,,under_construction,2027-02-28,
P51700047117,Shyam Heritage,Vishnu Shyamlal Sachdev,421005,Thane,,,,under_construction,2024-10-31,
P51700047989,Mangeshi Ambar,Mangesh Dashrath Gaikar,421301,Thane,,,,under_construction,2026-07-30,
P51700049797,ZEN,NEELKANTH REALTORS PVT LTD,400610,Thane,,,,under_construction,2026-12-31,
P51700047946,NAVSARTHAK CO-OP HSG SOC LTD,V. R. BUILDERS,421501,Thane,,,,under_construction,2024-05-31,
P51700049741,Mangeshi Neptune,Mangesh Dashrath Gaikar,421301,Thane,,,,under_construction,2027-12-31,
P51700048111,Shon Heights,Green Homes Construction Company,400605,Thane,,,,under_construction,2024-12-31,
P51700048509,OM AVENUE,M/S SHREE SWAMI SAMARTH ENTERPRISES,421301,Thane,,,,under_construction,2024-12-31,
P51700047303,SHREE CHINTAMANI CO OP HSG SOC LTD,SHREE GANESH CONSTRUCTION,400602,Thane,,,,under_construction,2024-03-31,
P51700053551,Raheja Solaris-3,Raheja Universal (Pvt.) Ltd.,400705,Thane,,,,under_construction,2028-12-30,
P51700049297,KRISHNA KUNJ,RAMESH KASTURCHAND JAIN TEJAWAT,421302,Thane,,,,under_construction,2024-09-30,
P51700047914,P G TOWER,P G DEVELOPERS,421503,Thane,,,,under_construction,2025-12-31,
P51700047493,SUNSHINE AVENUE,SHREE GANESH ENTERPRISES,421004,Thane,,,,under_construction,2025-09-05,
P51700047237,RUKMANI RESIDENCY,CLAY NEST DEVELOPERS,421308,Thane,,,,under_construction,2027-12-31,
P51700048150,SUBHASH RESIDENCY WING C AND D,AARAV GROUP,421302,Thane,,,,under_construction,2026-12-31,
P51700048358,Deep Nirvana,Deepali Infraprojects,421306,Thane,,,,under_construction,2026-12-31,
P51700047127,KALAWATI HEIGHTS,PRABHA BUILDERS AND DEVELOPERS,421503,Thane,,,,under_construction,2024-09-17,
P51700047447,APURVA RATN,NISHI ENTERPRISES,421301,Thane,,,,under_construction,2024-12-21,
P51700047249,Mannat Avenue,Ranas Construction,421004,Thane,,,,under_construction,2024-10-31,
P51700047140,Vivanta Phase - I,Riddhish Realtors LLP,421501,Thane,,,,under_construction,2024-12-31,
P51700047833,KRISHNAPINGAKSHA,PRASHANT TUKARAM BAEET,421503,Thane,,,,under_construction,2026-12-31,
P51700048078,ANAND 21 UPTOWN,VPA DEVELOPERS,421301,Thane,,,,under_construction,2026-08-31,
P51700047011,Empire Industrial Centrum Phase 5,EMPIRE INDUSTRIES LTD,421506,Thane,,,,under_construction,2027-06-30,
P51700047350,GALAXY HERITAGE,GRAND GALAXY SUPERSTRUCTURES PRIVATE LIMITED,421001,Thane,,,,under_construction,2023-12-31,
P51700047894,BABU PATEL HEIGHTS - PROP. RIZWAN GULAM RASOOL SHAIKH,MOHD RIZWAN GULAM RASOOL SHAIKH,421302,Thane,,,,under_construction,2025-09-30,
P51700049194,HARSHAL CO-OP HOUSING SOCIETY LTD,VEENA DEVELOPERS,400602,Thane,,,,under_construction,2024-09-30,
P51700047231,GIRISHWAR APARTMENT,LANDMARK REALTY,421501,Thane,,,,under_construction,2025-08-15,
P51700047152,TEN X HABITAT Raymond Realty Tower G,Raymond Limited,400606,Thane,,,,under_construction,2026-06-30,
P51700048128,THE FLORENZA,PRIISM INFRAA,421201,Thane,,,,under_construction,2025-12-31,
P51700047461,SAI VALLABH C WING,AVADHUT ENTERPRISE,421605,Thane,,,,under_construction,2025-12-31,
P51700048085,Balaji Heritage,Balaji Developers,421503,Thane,,,,under_construction,2024-12-31,
P51700048716,Samarpan Heights,Jayawant Balaram Bhoir Patil,421301,Thane,,,,under_construction,2025-12-31,
P51700047693,MAPLE PARADISE,SERENITY INFRA,400605,Thane,,,,under_construction,2024-10-31,
P51700047450,Gajanan Superbia,Riddhi Siddhi Developers,421201,Thane,,,,under_construction,2026-12-31,
P51700047233,Mangalmurti Heights,Ramesh Nanalal Jain,421103,Thane,,,,under_construction,2025-03-31,
P51700047807,KANISHKA PLAZA,KANISHKA DREAM HOMES,400612,Thane,,,,under_construction,2026-12-31,
P51700047810,SANGLES TRINITY,SANGLE ENTERPRISES PRIVATE LIMITED,421301,Thane,,,,under_construction,2028-07-01,
P51700048152,CHAVAN ELEGANCE,ANJANA SAHEBRAO CHAVAN,421301,Thane,,,,under_construction,2024-03-31,
P51700047448,Sai Krishna,Manish Prakash Mutha,421301,Thane,,,,under_construction,2026-12-31,
P51700048126,SAIRAM PARMESHWAR CO. OP. HSG. SOC. LTD,M/S SHIV ENTERPRISES,421503,Thane,,,,under_construction,2025-06-30,
P51700048379,BADLAPUR LANDMARK,RAVINDRA MATYA PATIL,421503,Thane,,,,under_construction,2026-12-31,
P51700047364,VISION SRUSHTI 1,MOHAN RATARAM CHOUDHARY,421601,Thane,,,,under_construction,2024-12-31,
P51700047747,Vishv Eleanor,Vishv Realty,400706,Thane,,,,under_construction,2026-08-31,
P51700047811,Balaji Vishant,Sairaj Builders,421201,Thane,,,,under_construction,2026-12-31,
P51700049030,BUBERA MANSION,VIJAY VISHNU PATIL,400605,Thane,,,,under_construction,2025-08-31,
P51700047354,SWAPNAGANDHA CHSL,SHREE SAIRAJ DEVELOPERS,421503,Thane,,,,under_construction,2023-12-31,
P51700047498,SHIV SAI RESIDENCY,SAI DEEP DEVELOPERS,421004,Thane,,,,under_construction,2025-10-01,
P51700048764,V-10 LAKE VIEW,V TEN REALTY PRIVATE LIMITED,421301,Thane,,,,under_construction,2027-12-31,
P51700048756,SIYARA FORTUNE B BUILDING,SHAKTI REALTY,421302,Thane,,,,under_construction,2027-12-31,
P51700047789,Shree Vijay CHS Ltd. Phase II,Sunita Enterprises,421501,Thane,,,,under_construction,2025-06-30,
P51700047689,C30 SQUARE,SQUAREFEET REAL ESTATE,400604,Thane,,,,under_construction,2027-08-31,
P51700047773,Raghunath Heights,Khrushna Infrastructure Builders & Developers,421302,Thane,,,,under_construction,2025-12-31,
P51700047382,SHREE KRISHNA KUNJ,BHAGWATI BUILDERS AND DEVELOPERS,421601,Thane,,,,under_construction,2025-05-31,
P51700047479,"PARK ONE, PHASE I",SHREE LAXMI ENTERPRISES,421503,Thane,,,,under_construction,2026-08-31,
P51700047633,Courtyard - Asteria A,COURTYARD REAL ESTATE PRIVATE LIMITED,400610,Thane,,,,under_construction,2027-12-31,
P51700047353,RITZ TOWER B,VIKAS HARAKCHAND JAIN,421301,Thane,,,,under_construction,2026-09-30,
P51700047718,RITZ TOWER C,VIKAS HARAKCHAND JAIN,421301,Thane,,,,under_construction,2026-09-30,
P51700047423,RITZ PHASE II COMMERCIAL TOWER D,VIKAS HARAKCHAND JAIN,421301,Thane,,,,under_construction,2026-09-30,
P51700049803,KASHI DARSHAN B WING,VARAD RAJ CONSTRUCTION,421301,Thane,,,,under_construction,2023-12-20,
P51700047970,BHAIRAV CO-OPERATIVE HOUSING SOCIETY LTD,BHARTI CONSTRUCTION,421250,Thane,,,,under_construction,2024-03-31,
P51700049618,Navrang Co Op Hsg Society,YADAV BROS CONSTRUCTION,421501,Thane,,,,under_construction,2024-12-31,
P51700047653,PREMSADAN CHS,NAMRATA REALTORS,421201,Thane,,,,under_construction,2025-07-31,
P51700050371,NAV AVANI CHS,MANGALYA INFRA,421503,Thane,,,,under_construction,2025-01-31,
P51700048000,KRISHNA KUTIR,SHUBH KRISHNA REALTORS,421503,Thane,,,,under_construction,2025-06-30,
P51700047571,Vedant Millenia Happiness Phase II Wing E,MOHAN HARDASMAL THARWANI,421605,Thane,,,,under_construction,2026-12-31,
P51700048627,Dipti Skycity Bldg No. 7,Dipti Home Makers Pvt Ltd,421501,Thane,,,,under_construction,2026-12-31,
P51700047948,MILLANO HEIGHTS,CHIMNANI CONSTRUCTIONS,421004,Thane,,,,under_construction,2024-12-31,
P51700047719,SHYAM AANGAN,SACHDEV DEVELOPERS (OPC) PRIVATE LIMITED,421005,Thane,,,,under_construction,2024-11-30,
P51700049846,Ram Niwas,Jitendra Gangji Dedhia,400602,Thane,,,,under_construction,2025-03-31,
P51700047950,DINKAR ELITE,EKDANT ENTERPRISES,421306,Thane,,,,under_construction,2028-12-31,
P51700049486,TULSI ARIANA,TULSI REALTY,421301,Thane,,,,under_construction,2027-12-30,
P51700047867,Navsundaram Co Op Hsg Society,SHREEKANTH DEVELOPERS,421503,Thane,,,,under_construction,2026-03-31,
P51700048280,Deep Dhara,M/s. Deepali Infracon LLP,421503,Thane,,,,under_construction,2025-12-31,
P51700054439,THARWANI STELLA PHASE 1,M/S THARWANI REALTORS,421204,Thane,,,,under_construction,2028-12-31,
P51700047655,Courtyard - Asteria B,COURTYARD REAL ESTATE PRIVATE LIMITED,400610,Thane,,,,under_construction,2027-12-31,
P51700055028,THARWANI STELLA PHASE II,M/S THARWANI REALTORS,421204,Thane,,,,under_construction,2029-12-31,
P51700049039,Amara Business Park,Amara Crest LLP,400710,Thane,,,,under_construction,2026-12-31,
P51700048346,AMPLE PARK,A STAR DEVELOPERS,421003,Thane,,,,under_construction,2024-12-31,
P51700049363,NANDIGRAM,YOGESH KISHOR MAHAJAN,400601,Thane,,,,under_construction,2025-03-31,
P51700048154,Sai Flora,M/S MITRA REALITY,421503,Thane,,,,under_construction,2026-12-31,
P51700048523,Q Islands R6,Aurum RealEstate Developers Limited,400710,Thane,,,,under_construction,2027-12-31,
P51700048095,AVDHUT,S.K. HOMES BUILDER & DEVELOPERS,421301,Thane,,,,under_construction,2025-12-31,
P51700048169,AMBAYANI CHSL,VEDANT DEVELOPERS,421503,Thane,,,,under_construction,2025-06-29,
P51700048112,Empire Industrial Centrum Phase 6,EMPIRE INDUSTRIES LTD,421506,Thane,,,,under_construction,2026-10-31,
P51700049874,DIYA HOMES,KIRTIKUMAR VANECHAND DOSHI,400701,Thane,,,,under_construction,2024-12-31,
P51700048425,Innovative Vertis,Innovative Buildcon,421503,Thane,,,,under_construction,2024-12-01,
P51700050786,NAKSHATRA DEVELOPERS,NAKSHATRA DEVELOPERS,421201,Thane,,,,under_construction,2028-12-31,
P51700048230,MANOHAR MAHAL,SHARDA VASTU NIRMITEE PVT. LTD.,400602,Thane,,,,under_construction,2025-12-31,
P51700048066,HEERA KRUSHNA,A AND J CONSTRUCTIONS=00,400601,Thane,,,,under_construction,2028-01-31,
P51700047777,Upper Thane-IRIS Wing D,MACROTECH DEVELOPERS LIMITED,421302,Thane,,,,under_construction,2027-10-31,
P51700052016,"Nav Sonali, Sahajeevan and Noble",JOSHI ENTERPRISES,400602,Thane,,,,under_construction,2026-12-31,
P51700048202,NEW VIDYUT SAGAR CHSL,SAI DEVELOPERS,421503,Thane,,,,under_construction,2024-06-01,
P51700048207,KRISHNA DHAM,ROYAL GROUP,421601,Thane,,,,under_construction,2024-12-31,
P51700048656,Q Islands R7,Aurum RealEstate Developers Limited,400710,Thane,,,,under_construction,2027-12-31,
P51700048226,Thane Shivam Chs Ltd,Mahesh Shriram Borkar,400602,Thane,,,,under_construction,2026-12-31,
P51700048475,ISHWAR KALYAN DHAM,ISHWAR LIFESPACE,421501,Thane,,,,under_construction,2024-12-31,
P51700049720,AROMA HEIGHTS,VASTU SAI BUILDERS AND DEVELOPERS,421201,Thane,,,,under_construction,2028-12-31,
P51700049361,ISHWAR BLOSSOM,ISHWAR LIFESPACE,421501,Thane,,,,under_construction,2024-12-31,
P51700050995,OM SAI CO.OP. HOUSING SOCIETY,EVEREST EXCELLENT DEVELOPERS,400606,Thane,,,,under_construction,2025-02-16,
P51700051506,BHARAT RESIDENCY C WING,SHIV SAI DEVELOPERS,421301,Thane,,,,under_construction,2024-11-30,
P51700048306,Swami Shankaranand Business Center,S S LIFESPACES,421201,Thane,,,,under_construction,2025-12-31,
P51700048182,KRISHNA GLORY,SIDDHIVINAYAK ENTERPRISES,421201,Thane,,,,under_construction,2027-12-31,
P51700048485,VATSALA RESIDENCY,VATSALA REALTOR AND DEVELOPERS LLP,421503,Thane,,,,under_construction,2025-10-31,
P51700049890,ARUNODAY ANNEX,MANGALYA SHELTER'S,421503,Thane,,,,under_construction,2025-03-31,
P51700054370,Villa Royale Gold -TDLR,MACROTECH DEVELOPERS LIMITED,421302,Thane,,,,under_construction,2027-12-31,
P51700049438,SHUBH MANGALAM PHASE II,SHUBH REALITY,421503,Thane,,,,under_construction,2026-12-25,
P51700048175,Runwal Edge,Runwal Residency Private Limited,421204,Thane,,,,under_construction,2026-06-30,
P51700048339,SAWANT ARCADE,GAONDEVI CONSTRUCTION CO,421501,Thane,,,,under_construction,2024-03-31,
P51700049073,Phatak Wada,Aditya Associates,400601,Thane,,,,under_construction,2025-06-30,
P51700048903,Konark,NYP DEVELOPERS,421501,Thane,,,,under_construction,2025-12-31,
P51700048613,VIGHNAHAR APARTMENT,ROHIL ENTERPRISES,421601,Thane,,,,under_construction,2024-11-30,
P51700048896,Tulsi Aananta,Shree Developers,421503,Thane,,,,under_construction,2028-12-31,
P51700049139,Yashashree Arcade,YASHASHREE CONSTRUCTIONS,421201,Thane,,,,under_construction,2025-12-31,
P51700048961,Gaurang Apartment,Ganesha Developers,421201,Thane,,,,under_construction,2024-12-31,
P51700048679,JHALAK ARENA,JHALAK CONSTRUCTIONS,421004,Thane,,,,under_construction,2026-12-31,
P51700051512,Kerala Village Phase-2,JOHN  MATHEW,421601,Thane,,,,under_construction,2025-12-31,
P51700048966,PATIL HIGHLANDS PHASE I WING C,SAS INFRA,421503,Thane,,,,under_construction,2026-12-31,
P51700050983,BINDIYA PRIDE,ACE CONSTRUCTION,421501,Thane,,,,under_construction,2024-12-31,
P51700049320,DELTA STELLAR,NOBLE ORGANICS PVT. LTD.,400706,Thane,,,,under_construction,2028-12-31,
P51700049465,Satyaneelayam Co Op HSg Society,YASH INFRA,400602,Thane,,,,under_construction,2025-12-31,
P51700048268,Royal Heritage,Build Green Infraprojects Private Limited,421601,Thane,,,,under_construction,2025-11-30,
P51700048686,Manokamana Sankul,Yuvika Associates,421503,Thane,,,,under_construction,2025-12-31,
P51700048796,SHRI HARI VITTHAL VIHAR,AJ HOMES,421601,Thane,,,,under_construction,2027-08-31,
P51700048508,KALYAN SQUARE,KAGVIN VENTURES,421301,Thane,,,,under_construction,2024-12-31,
P51700048038,Thanekar Civic Phase II,Thanekar Construction LLP,421503,Thane,,,,under_construction,2024-12-30,
P51700048700,HARE KRISHNA JANVI HEIGHT,HARE KRISHNA GROUP,421306,Thane,,,,under_construction,2024-03-31,
P51700048955,KUSUM RESIDENCY,SURESH PADMAN PATIL,400701,Thane,,,,under_construction,2026-03-31,
P51700049225,ASHTAMI,RAI RESIDENCY Private Limited,421306,Thane,,,,under_construction,2027-12-31,
P51700048200,KULSWAMINI,SHREE SAI BUILDERS,421503,Thane,,,,under_construction,2026-12-31,
P51700051193,Upper Thane - Eden E,MACROTECH DEVELOPERS LIMITED,421302,Thane,,,,under_construction,2027-05-31,
P51700048696,SWEET DREAM HEIGHTS,SWAMINI BUILDERS AND DEVELOPERS,421601,Thane,,,,under_construction,2029-12-31,
P51700049444,SAI CITY,OM SAI BUILDERS & DEVELOPERS,421204,Thane,,,,under_construction,2031-12-31,
P51700048292,VRINDAVAN NISARG,SAI PROPERTIES,421503,Thane,,,,under_construction,2024-10-31,
P51700048029,LAXMAN RESIDENCY,Crystal Krishraj,421311,Thane,,,,under_construction,2026-12-31,
P51700048090,VRINDAVAN JYOT,SAI PROPERTIES,421503,Thane,,,,under_construction,2023-10-31,
P51700052871,METRO PRIDE,Gaurivinayak Builders and Developers Pvt Ltd,421301,Thane,,,,under_construction,2027-12-31,
P51700047803,SIDDHI VINAYAK POOJA CO OP HSG SOC LTD,SHREE SIDDHIVINAYAK DEVELOPERS,421503,Thane,,,,under_construction,2024-12-31,
P51700048094,PHOENIX AURA,PHOENIX BUILDCON,421301,Thane,,,,under_construction,2024-12-31,
P51700047861,JHALAK FOURWINGS,JHALAK CONSTRUCTIONS,421501,Thane,,,,under_construction,2031-12-31,
P51700048248,JHALAK ELENZA,SHIVAM CONSTRUCTION CO,421501,Thane,,,,under_construction,2026-12-31,
P51700049787,SAIRAJ AVENUE WING B,VIRENDRA ATMARAM SALUNKHE,421503,Thane,,,,under_construction,2024-05-31,
P51700049294,Arihant Anmol Phase V,ARIHANT VATIKA REALTY PRIVATE LIMITED,421503,Thane,,,,under_construction,2028-12-30,
P51700047906,SAI DEVSHRI HEIGHTS,DEVSHRI INFRA PROJECTS LLP,421003,Thane,,,,under_construction,2024-03-31,
P51700047512,Runwal Gardens - Phase 8 - Bldg No. 44,Runwal Residency Private Limited,421204,Thane,,,,under_construction,2027-03-31,
P51700048308,VEDANT D5,SAHEBRAO VITHAL SATRE,400606,Thane,,,,under_construction,2023-12-31,
P51700048930,Pearl B,MACROTECH DEVELOPERS LIMITED,421204,Thane,,,,under_construction,2026-07-31,
P51700047739,STAR HOMES,BHIWANDI DEVELOPERS,421305,Thane,,,,under_construction,2024-12-31,
P51700049349,MAULI SADAN,Mauli Construction,421501,Thane,,,,under_construction,2024-02-04,
P51700051714,SAINATH,Shreekrishna Enterprises,400602,Thane,,,,under_construction,2025-06-15,
P51700048397,Shubh Vinayak Savarkar,SHUBH ENTERPRISES,421503,Thane,,,,under_construction,2025-12-31,
P51700047665,SATYAM ALTURA,SATYAM LIFESCAPES LLP,400705,Thane,,,,under_construction,2026-12-31,
P51700050747,PUSHPAK HEIGHTS,J K ASSOCIATES,400602,Thane,,,,under_construction,2024-12-31,
P51700047432,ASHAR PULSE,Ms ASHAR VENTURES,400601,Thane,,,,under_construction,2028-12-30,
P51700048164,ORCHID AVENUE,SUNDER BUILDERS AND DEVELOPERS,421501,Thane,,,,under_construction,2024-12-31,
P51700052928,MADHUSUDAN RETREAT TERRACES,MADHUSUDAN LEISURE HOMES,421401,Thane,,,,under_construction,2026-12-31,
P51700047788,SADRI PLAZA,SHUBH ENTERPRISES,421302,Thane,,,,under_construction,2025-12-31,
P51700048797,TANISHQ,PHOENIX REALTY,421301,Thane,,,,under_construction,2026-12-31,
P51700047995,Sukh Ganga Residency,M/s Neev Infinity,421503,Thane,,,,under_construction,2026-12-31,
P51700049629,M/S V.K.CONSTRUCTIONS,VIKRAM RAMESH KATHOLE,421601,Thane,,,,under_construction,2025-12-31,
P51700048576,HERAMB AARAMBHA - C WING AND AMENITY BUILDING,HERAMB ENTERPRISES,421503,Thane,,,,under_construction,2025-12-31,
P51700047580,TOWER INDUSTRIAL PARK,TOWER ENGINEERING PRIVATE LIMITED,400604,Thane,,,,under_construction,2027-09-30,
P51700048294,MANNAT VIRAAJ,SHIVA ENTERPRISES,421004,Thane,,,,under_construction,2024-12-31,
P51700049247,SANTOSH APARTMENT,GAJANAN KATHOD SHELAVALE,421601,Thane,,,,under_construction,2027-12-31,
P51700049740,SWAMI CHETANA,OM SAI BUILDERS AND DEVELOPERS,421201,Thane,,,,under_construction,2025-04-30,
P51700048840,AAUDAMBER CHHAYA,M V BUILDCON,421503,Thane,,,,under_construction,2025-12-31,
P51700047926,Upper Thane-Supremus,MACROTECH DEVELOPERS LIMITED,421302,Thane,,,,under_construction,2028-05-31,
P51700048322,SHREE KRISHNA HEIGHTS,NANDINI BUILDERS & DEVELOPERS,421204,Thane,,,,under_construction,2025-12-31,
P51700048053,OM DATTATRAY CHS LTD,SHIV SHAKTI DEVELOPERS,421501,Thane,,,,under_construction,2024-12-31,
P51700050614,Centurion,SHREE ANANT ENTERPRISES,400604,Thane,,,,under_construction,2026-01-31,
P51700048491,Navyug Co.Op.Hsg.Limited,AARADHANA BUILDERS AND DEVELOPERS LLP,400602,Thane,,,,under_construction,2026-12-31,
P51700048299,Patel Mount,Patel Group & Co,421301,Thane,,,,under_construction,2024-06-30,
P51700048408,Lodha Panacea III,MACROTECH DEVELOPERS LIMITED,421204,Thane,,,,under_construction,2026-06-30,
P51700047994,SONAL RESIDENCY,RAJNB HOUSING LLP,421501,Thane,,,,under_construction,2025-03-31,
P51700048104,SAI ARCADE,OM SAI DEVELOPERS,421503,Thane,,,,under_construction,2025-12-31,
P51700049210,YES CENTRAL GALLERIA,NOBLE ENTERPRISES,400612,Thane,,,,under_construction,2026-10-31,
P51700049164,THE PALLADIUM,M/s Swaminath Infra,421201,Thane,,,,under_construction,2025-09-30,
P51700048420,Courtyard - Asteria C,COURTYARD REAL ESTATE PRIVATE LIMITED,400610,Thane,,,,under_construction,2027-12-31,
P51700048453,SHIVAM PARADISE PHASE I,M K ENTERPRISES,421503,Thane,,,,under_construction,2024-12-31,
P51700049599,YES CENTRAL GALLERIA 1,YES ENTERPRISES,400612,Thane,,,,under_construction,2026-10-31,
P51700048313,Jai Shree Ganesh Co-Operative Housing Society Limited,Shree Vyankatesh Enterprises,421202,Thane,,,,under_construction,2024-12-31,
P51700048047,MOTI MAHAL APARTMENT,CHIRAG DILIP RAMRAKHYANI,421001,Thane,,,,under_construction,2024-05-31,
P51700049211,REGENCY ANANTAM PHASE VI,REGENCY NIRMAN LTD,421203,Thane,,,,under_construction,2023-08-31,
P51700048334,DGT - Sector 3A - Cluster 2 - Phase 1,ADRIKA DEVELOPERS PRIVATE LIMITED,421302,Thane,,,,under_construction,2027-12-31,
P51700049585,Amrut Manjil,SAI SHRADHA DEVELOPERS,421503,Thane,,,,under_construction,2028-01-31,
P51700048050,SOMNATH HEIGHTS,BHANUSHALI AND ASSOCIATES,400701,Thane,,,,under_construction,2025-12-31,
P51700048335,DGT - Sector 3A - Cluster 2 - Phase 2,ADRIKA DEVELOPERS PRIVATE LIMITED,421302,Thane,,,,under_construction,2028-06-30,
P51700048333,DGT - Sector 3A - Cluster 2 - Phase 3,ADRIKA DEVELOPERS PRIVATE LIMITED,421302,Thane,,,,under_construction,2028-06-30,
P51700047951,Baliram Tare Residency,TARE GROUP BUILDERS AND DEVELOPERS,421306,Thane,,,,under_construction,2025-12-31,
P51700048819,9 SQUARE,SHIVSAI HOMES BUILDERS AND DEVELOPERS LLP,421301,Thane,,,,under_construction,2026-12-31,
P51700047981,Shiv ganga Apartment,SHREE SWAMI SAMARTH CONSTRUCTION,421004,Thane,,,,under_construction,2024-12-31,
P51700052617,New Suyash CHS,Ganesh Chandrakant Malvankar,400602,Thane,,,,under_construction,2025-12-31,
P51700048517,GANPATI PRASANNA,VIJAY PRABHAKAR PATIL,421605,Thane,,,,under_construction,2025-12-31,
P51700049292,MOHAN PRECIOUS GREENS PHASE II,MOHAN DEVELOPERS LLP,421501,Thane,,,,under_construction,2027-12-31,
P51700050151,Vijaya Elite,ELITE ASSOCIATES,421301,Thane,,,,under_construction,2024-12-31,
P51700048809,ROYAL PARK,PENS BUILDERS & DEVELOPERS LLP,421302,Thane,,,,under_construction,2027-06-30,
P51700048754,Siddhivinayak Prasad CO-OP.Housing Soc.Ltd,Shaurya Developers,421503,Thane,,,,under_construction,2026-12-31,
P51700048962,RBI Employees Awantika Co Op Hsg Soc Ltd,GOVIND OJASS EDIFICE PVT. LTD.,400602,Thane,,,,under_construction,2024-12-31,
P51700050061,"PANVELKAR BHOOMI BUILDING NO 5,6,7,8,9",PANVELKAR BHOOMI,421503,Thane,,,,under_construction,2025-12-31,
P51700049564,Guru Ganesh CHS,VADNERE BUILDER & DEVELOPERS,421503,Thane,,,,under_construction,2025-12-31,
P51700048435,VISHWA SKY HIGH,VINEET INFRASTRUCTURE,421503,Thane,,,,under_construction,2027-11-24,
P51700048692,Shree Ganesh Apartment,SHRI GANESH BUILDER AND DEVELOPERS,421004,Thane,,,,under_construction,2024-12-31,
P51700049094,MIDTOWN EVE,MOON STAR DEVELOPERS LLP,421301,Thane,,,,under_construction,2026-06-30,
P51700048693,PRADHAN MANTRI AWAS YOJANA - URBAN,KULGAON BADLAPUR MUNICIPAL COUNCIL,421503,Thane,,,,under_construction,2024-12-31,
P51700048779,Crown Dombivli 1,MACROTECH DEVELOPERS LIMITED,421203,Thane,,,,under_construction,2028-12-31,
P51700051972,Cloud Seven Residency,Shree sant Gajanan Enterprises,421003,Thane,,,,under_construction,2025-11-30,
P51700048841,Moreshwar Pride,RUDRAA BUILDERS,421503,Thane,,,,under_construction,2024-12-31,
P51700049960,DATTATRAY RESIDENCY,SHRI KRISHNA VASTU,421503,Thane,,,,under_construction,2027-12-31,
P51700048983,NILYOG APARTMENT,RAJNB HOUSING LLP,421501,Thane,,,,under_construction,2024-03-31,
P51700048842,ALLIAANCE GALAXY,AASHUTOSH ENTERPRISE,400708,Thane,,,,under_construction,2026-10-19,
P51700048439,Vishnu Altezza,VISHNU INFRA,421503,Thane,,,,under_construction,2026-12-31,
P51700049262,SAI CHARAN APARTMENT,SAI CHARAN ENTERPRISES,421503,Thane,,,,under_construction,2025-12-31,
P51700049276,Jai Guruprasad,NYP DEVELOPERS,421501,Thane,,,,under_construction,2024-10-31,
P51700048443,Yogayog Bhavan,Omkar Orbit,421202,Thane,,,,under_construction,2025-12-31,
P51700050457,BELICIA,Rajshila Construction LLP,400601,Thane,,,,under_construction,2028-06-30,
P51700049154,Crown Dombivli 2,MACROTECH DEVELOPERS LIMITED,421203,Thane,,,,under_construction,2028-12-31,
P51700048753,SUMEET ELITE,VEDANT CONSTRUCTION,400608,Thane,,,,under_construction,2027-05-31,
P51700048538,Chandraprabhakar Co-operative Housing Society Limited,Mellennium Homes,421202,Thane,,,,under_construction,2025-04-30,
P51700048490,Balaji Kanha,Sai Balaji Enterprises,421201,Thane,,,,under_construction,2027-12-31,
P51700049701,Mangeshi Heaven,Mangesh Dashrath Gaikar,421301,Thane,,,,under_construction,2027-12-31,
P51700049596,SARA TOWER,HOPE BUILDERS AND DEVELOPERS,421301,Thane,,,,under_construction,2026-12-31,
P51700048270,25HOURLIFE - Tower B1,Dhruva Woollen Mills Pvt Ltd,400607,Thane,,,,under_construction,2029-12-31,
P51700048278,25HOURLIFE - Tower C1,Dhruva Woollen Mills Pvt Ltd,400607,Thane,,,,under_construction,2029-12-31,
P51700049605,Mangeshi Star,Mangesh Dashrath Gaikar,421301,Thane,,,,under_construction,2027-12-31,
P51700049445,Mangeshi Gemini,Mangesh Dashrath Gaikar,401207,Thane,,,,under_construction,2027-12-31,
P51700049142,SAI GAONDEVI DARSHAN CHS LTD,Anil Dattaram Gaikwad,421501,Thane,,,,under_construction,2025-01-27,
P51700049404,Shivaay Avyaan,SHREERAM BUILDCON,421202,Thane,,,,under_construction,2025-11-30,
P51700050434,MANGALAM ARCADE,MANGALAM ENTERPRISES,421503,Thane,,,,under_construction,2024-10-31,
P51700049059,Ekatva Coral,Synergy Developers,400602,Thane,,,,under_construction,2025-12-31,
P51700048857,PAWAN HEIGHTS,PAWAN ENTERPRISES,421301,Thane,,,,under_construction,2025-03-31,
P51700049216,PARAMOUNT APT,SHARVI ENTERPRISES,421503,Thane,,,,under_construction,2024-12-31,
P51700051494,Intelligentia Business Park Vashi Phase 2,Haware Finance Pvt Ltd,400703,Thane,,,,under_construction,2024-12-31,
P51700049097,SAIRAJ EMERALD,SAIRAJ ENTERPRISES,421503,Thane,,,,under_construction,2024-07-23,
P51700049915,YASHLATA PALACE,PRADEEP SHYAM KHARBADE,421201,Thane,,,,under_construction,2024-12-31,
P51700049457,The Universe Neptune - B,Gayasuddin Riyazuddin Khan,400612,Thane,,,,under_construction,2024-06-30,
P51700052138,CHINTAMANI ARCADE,Chintamani Developers,421202,Thane,,,,under_construction,2025-12-31,
P51700048307,Raunak White House,RAUNAK AVENUE REALTY,400607,Thane,,,,under_construction,2026-06-30,
P51700050005,Suprabhat C.H.S. Ltd.,Suprabhat Cooperative Housing Society Limited,400603,Thane,,,,under_construction,2024-05-31,
P51700048885,Balaji Heights,Faisal Constructions,421501,Thane,,,,under_construction,2025-06-30,
P51700048590,Stellar,Trimity Realty LLP,400602,Thane,,,,under_construction,2027-12-31,
P51700048795,Antaraa,Sai Infrastrcuture,400614,Thane,,,,under_construction,2024-12-31,
P51700048991,ISHWAR PRABHAKAR,ISHWAR BUILDCON,421501,Thane,,,,under_construction,2025-12-31,
P51700049309,VRUNDAVAN PARK JAI,SHREE VASTUNIRMAN DEVELOPERS,421302,Thane,,,,under_construction,2025-03-31,
P51700048407,Venus Skky City- La Vista,VENUS NIRVANA LLP,421204,Thane,,,,under_construction,2027-12-31,
P51700048585,SHREE ANANDI IMPERIAL,JAI MALHAR BUILDERS & DEVELOPERS,421201,Thane,,,,under_construction,2026-12-31,
P51700049321,Tycoons Valley Tower B,M/s. Milestone Space,421301,Thane,,,,under_construction,2025-06-30,
P51700049109,DALALS SQUARE,Dalal Realty,421501,Thane,,,,under_construction,2024-12-31,
P51700049981,ARIHANT AARADHYA PHASE II,ARIHANT SUPERSTRUCTURES LIMITED,421302,Thane,,,,under_construction,2030-12-31,
P51700049858,NASCON MATOSHREE,OMKAR DEVELOPERS,421202,Thane,,,,under_construction,2026-12-31,
P51700049171,ANAND ELEGANZA,V N Constructions,421301,Thane,,,,under_construction,2026-03-31,
P51700048960,Arfa Garden,Quba Homes LLP,421302,Thane,,,,under_construction,2026-12-31,
P51700049654,AKANKSHAPURTI CHSL,S R DEVELOPERS,421503,Thane,,,,under_construction,2024-12-31,
P51700049169,LAXMI NARAYAN CO OP HOUSING SOCIETY LTD,OJASS GOVIND INFRA LLP,400602,Thane,,,,under_construction,2025-12-31,
P51700048703,ASHTAVINAYAK RESIDENCY,ASHVATTHA REALTY LLP,400602,Thane,,,,under_construction,2025-12-31,
P51700049954,EMERALD,APR REALTY,421201,Thane,,,,under_construction,2026-12-31,
P51700049178,24 EAST,MALHAR DEVELOPERS,400705,Thane,,,,under_construction,2026-06-30,
P51700049570,Swaminarayan City Phase 1C,Swaminarayan Life Space LLP,421202,Thane,,,,under_construction,2029-12-31,
P51700049472,Shree Datta Narhari Apartment,OMKAR ENTERPRISES,421503,Thane,,,,under_construction,2025-12-01,
P51700049317,Vedant Palacia Phase IV Wing B-Brutus,THARWANI PROPERTIES,421301,Thane,,,,under_construction,2026-12-31,
P51700050038,Mangeshi Earth,Mangesh Dashrath Gaikar,401207,Thane,,,,under_construction,2027-12-31,
P51700051197,PATELS ETERNITY,OMKAR INFRASTRUCTURE,421505,Thane,,,,under_construction,2027-11-18,
P51700049460,SIYARA FORTUNE BUILDING A WING B,SHAKTI REALTY,421302,Thane,,,,under_construction,2027-12-31,
P51700049601,ZEN,R A CONSTRUCTION,421004,Thane,,,,under_construction,2024-06-30,
P51700054555,Krishna Wing C,K RUDRAKSH REALTORS LLP,400610,Thane,,,,under_construction,2029-12-31,
P51700049096,MILESTONE,SANSKRUTI GROUP,421503,Thane,,,,under_construction,2027-11-30,
P51700049561,CHARMS CITY B AND C WING,Charms Developers,421605,Thane,,,,under_construction,2028-12-31,
P51700049724,Dosti West County - Dosti Nest - Phase 3,DOSTI ENTERPRISES,400608,Thane,,,,under_construction,2027-08-31,
P51700049777,Creek Edge,Vinayak Deoram Patil,421201,Thane,,,,under_construction,2027-12-31,
P51700049185,SIDDHIVINAYAK HOMES,SIDDHIVINAYAK BUILDERS AND DEVELOPERS,421103,Thane,,,,under_construction,2026-12-31,
P51700048746,RANGHNATH APARTMENT,MIZAB AHMED NASIR AHMED PUNJABI,421302,Thane,,,,under_construction,2024-12-31,
P51700049887,DIVINE SHLOKA,OM DIVINE BUILDCON LLP,400602,Thane,,,,under_construction,2029-12-31,
P51700049910,ARIHANT AAYAN PHASE I,ARIHANT SUPERSTRUCTURES LIMITED,421605,Thane,,,,under_construction,2030-12-28,
P51700051135,SUKH SAGAR CO-OP HSG SOCIETY,NOBLE INFRASTRUCTURE BUILDER AND DEVELOPERS,421503,Thane,,,,under_construction,2025-12-31,
P51700049451,Shyam Park,Vishnu Shyamlal Sachdev,421004,Thane,,,,under_construction,2025-12-31,
P51700050871,SHREYAS RESIDENCY,KASHINATH KALU BHOIR,421202,Thane,,,,under_construction,2026-03-31,
P51700050476,M/S. SADGURU NARAYAN MAHARAJ SHREE GONDEKAR CHS LTD-NAMASHREE,NILPADMA DEVELOPERS,421201,Thane,,,,under_construction,2027-03-31,
P51700048586,Platinum Square,Ratnamani Buildcon,400602,Thane,,,,under_construction,2026-10-31,
P51700048979,Mountain Greens,Mountain Residency Private Limited,421306,Thane,,,,under_construction,2026-12-31,
P51700049421,Dosti Desire - Phase 2,D.D. Associates,400607,Thane,,,,under_construction,2027-08-31,
P51700050732,NEW SHIV SMRUTI CHS,SANJAY MAHENDRA GUPTA,421601,Thane,,,,under_construction,2025-12-31,
P51700049829,ONE PYRAMID,PACIFIC PROPERTIES,400708,Thane,,,,under_construction,2026-12-31,
P51700049866,Heramb Arcade,Shivbaba Developers,421503,Thane,,,,under_construction,2025-10-31,
P51700049684,SHREE LAXMI NARAYAN PRASAD,LAXMI REALTY,421201,Thane,,,,under_construction,2025-12-31,
P51700049737,GAURI GANPATI CO. OPERATIVE HOUSING SOCIETY LTD,PATEL P N & COMPANY,421301,Thane,,,,under_construction,2026-11-10,
P51700049403,Vakratunda CHS,ARYA ENTERPRISES,400602,Thane,,,,under_construction,2025-12-31,
P51700051508,SHUBHADA CO-OPERATIVE HOUSING SOCIETY LTD,SHUBHADA CO OP HSG SOC LIMITED,421202,Thane,,,,under_construction,2026-03-31,
P51700049153,Vedaant Meadows,VEDAANT BUILDERS,421103,Thane,,,,under_construction,2025-12-31,
P51700052746,A R PLAZA,RAVINDRA RAMNARAYAN OZA VAZE,421001,Thane,,,,under_construction,2024-03-31,
P51700051267,VAISHNAVI HEIGHTS,VAISHNAVI CONSTRUCTION,421301,Thane,,,,under_construction,2024-07-30,
P51700049703,PEARL COMPLEX,M/S Sai Developers,421204,Thane,,,,under_construction,2026-12-31,
P51700049260,Precious Harmony NX,P.G. CONSTRUCTIONS,421501,Thane,,,,under_construction,2026-12-31,
P51700049990,GLOBAL PARADISE,K2S BUILDCON,421201,Thane,,,,under_construction,2024-12-07,
P51700049697,MM VALLEY D1 D2,ALFA ENTERPRISES,400612,Thane,,,,under_construction,2028-12-31,
P51700049568,Sai Residency,VIKAS NARAYAN PAWAR,421306,Thane,,,,under_construction,2025-12-31,
P51700049248,F Neelkanth Greens,Neelkanth Mansions and Infrastructure Pvt. Ltd.d,400610,Thane,,,,under_construction,2028-03-14,
P51700053701,O22 Business Park,MIDAS TOUCH,400604,Thane,,,,under_construction,2026-12-31,
P51700050343,DATTA SAMARTH,PANDURANG ARJUN CHAWAN,400603,Thane,,,,under_construction,2024-06-30,
P51700049111,LAXMI MAJESTIC,Kanji Murji Mange,400612,Thane,,,,under_construction,2027-03-31,
P51700049895,GNP LANDMARK,GNP LANDMARK,421301,Thane,,,,under_construction,2027-01-31,
P51700049257,KALYAN AASHIYANA,AL BRUJ DEVELOPERS,421311,Thane,,,,under_construction,2024-12-31,
P51700052270,jewel veda,Jewel Builders and Infraprojects Ltd,421503,Thane,,,,under_construction,2024-12-30,
P51700049729,BAGH-E-FIRDOUS TOWER,Caption Real Estate,421302,Thane,,,,under_construction,2027-12-31,
P51700053497,RAMKRISHNA HEIGHTS,AKRUTI DEVELOPERS,421605,Thane,,,,under_construction,2027-12-01,
P51700052343,TULSI PALACE,V V CONSTRUCTION CO,421301,Thane,,,,under_construction,2027-12-31,
P51700049873,BARKU HEIGHT,SHREE DATTA DEVELOPERS,421306,Thane,,,,under_construction,2026-12-31,
P51700049598,VEDANG LAKE CITY,VEDANG CONSTRUCTION,421306,Thane,,,,under_construction,2025-12-31,
P51700049953,VASANT COMPLEX,SHREE SAI MALHAR CONSTRUCTION,421201,Thane,,,,under_construction,2026-12-31,
P51700049687,Infinity Square,28-Aeon Infinity LLP,421302,Thane,,,,under_construction,2027-12-31,
P51700049734,ASHWIN KIRTI CO-OP HSG SOCIETY,VINAYAK ENTERPRISES DEVELOPERS,421503,Thane,,,,under_construction,2024-06-30,
P51700049543,KAPLESHWARA RESIDENCY,KAPLESHWARA HOMES LLP,421201,Thane,,,,under_construction,2029-12-31,
P51700049514,Godrej Ascend Phase 3,Godrej Properties Limited,400607,Thane,,,,under_construction,2029-10-31,
P51700049459,CHANDRAKAMAL HEIGHTS,CHANDRAKANT MOTIRAM PAWAR,400605,Thane,,,,under_construction,2025-12-31,
P51700050091,NIRAMAYA NIRMAL,NIRMAL CORPORATION,421202,Thane,,,,under_construction,2027-12-31,
P51700049948,SAI DARSHAN,SAI KRUPA BUILDERS,421503,Thane,,,,under_construction,2025-12-31,
P51700049553,Neelkrishna amalgamated project of Neelam CHS Ltd and Krishna Milan CHS Ltd,OM SAI INFRA,421501,Thane,,,,under_construction,2027-03-31,
P51700050022,Kohinoor Eden B4,KGI REALTY PRIVATE LIMITED,421306,Thane,,,,under_construction,2026-12-31,
P51700050170,Royal Heritage,MUMBAI PROMOTERS PRIVATE LIMITED,421601,Thane,,,,under_construction,2025-12-25,
P51700049256,PITRUCHHAYA,Sandeep Ramchandra Bhave,400602,Thane,,,,under_construction,2026-12-31,
P51700049305,R K APARTMENT,FAIZ ANIS AHMED KHAN,421302,Thane,,,,under_construction,2027-12-31,
P51700049396,MERAKI,ABHAY ANANT KAMAT,421201,Thane,,,,under_construction,2025-12-31,
P51700051141,NEWA BHAKTI PARK B WING,NEWA TECHNOCITY (I) PRIVATE LIMITED,400708,Thane,,,,under_construction,2027-12-31,
P51700053606,NIRAMAYA,OM GAYATRI ENTERPRISES,421201,Thane,,,,under_construction,2027-12-31,
P51700049706,RAM RIVERA,BHUSHAN NANDKISHOR PATKAR,421503,Thane,,,,under_construction,2025-09-30,
P51700049723,Regency Onyx,REGENCY NIRMAN LTD,421203,Thane,,,,under_construction,2025-06-30,
P51700050971,GIRIRAJ DARSHAN,GIRIRAJ DARSHAN,421203,Thane,,,,under_construction,2023-12-31,
P51700050768,RASHMI PRIYA CO-OP HSG SOC LTD,SHREE RIDDHI SIDDHI INFRAPROJECT,421201,Thane,,,,under_construction,2025-05-31,
P51700050141,GURUDEV DATTA CHS,DEV INFRA,421501,Thane,,,,under_construction,2024-12-31,
P51700051449,VIMAL RAJ RESIDENCY,Ms OM Shivam Builders and Developers,421004,Thane,,,,under_construction,2024-12-24,
P51700051066,SHREE UMA HEIGHTS,JALARAM DEVELOPERS,421203,Thane,,,,under_construction,2028-01-23,
P51700049841,PRIDE PARK,NIKHIL RAJESH SUKHRAMANI,421002,Thane,,,,under_construction,2025-12-31,
P51700053740,SAMRUDDHI FLORA,SAMRUDDHI BUILDCON,421302,Thane,,,,under_construction,2024-07-30,
P51700051563,BK. RESIDENCY,OM SAI CONSTRUCTION,421401,Thane,,,,under_construction,2027-12-16,
P51700050021,Diwa Swapna Co. Op. Housing Society,L. K. Realtors,400602,Thane,,,,under_construction,2025-07-31,
P51700049971,HARI SHRUSHTI,SHRUSHTI CREATORS,421503,Thane,,,,under_construction,2027-12-31,
P51700049548,Sarthi Emrald,Sarthi Developers,421201,Thane,,,,under_construction,2024-05-31,
P51700049672,Celeste 612,Hiralal Ramnarayan Gupta,400612,Thane,,,,under_construction,2027-12-31,
P51700052973,Sai Chandra Pride,MAULI KRUPA DEVELOPERS PRIVATE LIMITED,421301,Thane,,,,under_construction,2027-12-31,
P51700049627,PRATHAMESH CHSL,NIRMAL DEVELOPERS,421503,Thane,,,,under_construction,2024-12-31,
P51700049842,Amruta Park,Cheroba Homes,421311,Thane,,,,under_construction,2026-12-31,
P51700050034,Vastu Rachana,GAGANGIRI INFRA,421503,Thane,,,,under_construction,2026-12-20,
P51700050442,Bank of Maharashtra Employees Manisha Co-Operative Housing Society Limited,J B Constructions,421201,Thane,,,,under_construction,2025-01-31,
P51700049592,TEN X ERA Raymond Realty Tower B,Raymond Limited,400606,Thane,,,,under_construction,2029-01-30,
P51700050539,Odysseus,Sagar Enterprise,400607,Thane,,,,under_construction,2026-03-31,
P51700049612,Lakeview Co Operative Housing Limited,GP Infra,421306,Thane,,,,under_construction,2026-01-12,
P51700049520,TEN X ERA Raymond Realty Tower C,Raymond Limited,400606,Thane,,,,under_construction,2029-01-30,
P51700050566,The Address Wing C Phase III,SADGURU ASSOCIATE,421503,Thane,,,,under_construction,2026-12-31,
P51700050057,SAROJ SADAN CHS LTD,SHRUSTI DEVELOPERS,400602,Thane,,,,under_construction,2026-01-19,
P51700051684,PADMAVATI AVIGHNA,PADMAVATI DEVELOPERS,421301,Thane,,,,under_construction,2028-03-31,
P51700049825,Ayesha Tower,Asrar Ahmed Abdul Rasid Chowkar,421503,Thane,,,,under_construction,2026-01-26,
P51700050607,RENUKA CHS,NEELPADMA CONSTRUCTIONS,421201,Thane,,,,under_construction,2024-12-31,
P51700050596,Soham Neel,M/s Neel Siddhi Enterprises,421503,Thane,,,,under_construction,2027-03-31,
P51700050201,Vedant Empire Phase I Wing A-Eagleton,MOHAN HARDASMAL THARWANI,421301,Thane,,,,under_construction,2027-12-31,
P51700049983,Park One Phase II,SHREE LAXMI ENTERPRISES,421503,Thane,,,,under_construction,2027-12-31,
P51700050044,MANAK,SUNRISE DEVELOPER,421202,Thane,,,,under_construction,2025-12-31,
P51700052393,Munisuvrat Textile Park,Munisuvrat Commercial Parks LLP,421302,Thane,,,,under_construction,2027-03-31,
P51700052015,MAITRI NAVKAR,NAVKAR SHELTERS,421201,Thane,,,,under_construction,2027-12-31,
P51700049780,ROYAL ENCLAVE,OM DEVELOPERS,421302,Thane,,,,under_construction,2026-12-31,
P51700050065,Narang Privado - B,NARANG REALTY PRIVATE LIMITED,400606,Thane,,,,under_construction,2028-03-31,
P51700050866,DEV HILL CREST,DEV DEVELOPERS,421503,Thane,,,,under_construction,2026-01-31,
P51700050689,PANCHRATNA SAPPHIRE,PANCHARATNA DEVELOPERS,421306,Thane,,,,under_construction,2026-03-31,
P51700049961,SAMARTH PARADISE,S P DEVELOPERS,421503,Thane,,,,under_construction,2026-12-31,
P51700050344,EMPERIA C2,Vee Square Tech Construct LLP,400710,Thane,,,,under_construction,2028-12-31,
P51700049934,Vedant Empire Phase II Wing B-Hampton,MOHAN HARDASMAL THARWANI,421301,Thane,,,,under_construction,2027-12-31,
P51700052412,SAI TULIP,SAI SPACE CORPORATION,421301,Thane,,,,under_construction,2026-12-31,
P51700049853,FENKIN 9 PHASE II,Fen-kin Buildpro LLP,400604,Thane,,,,under_construction,2027-12-31,
P51700051053,KD HOUSE,KOMPLETE SUPPLY CHAIN SOLUTIONS PVT LTD,400604,Thane,,,,under_construction,2024-03-31,
P51700049801,Vedant Empire Phase III Wing C-Cliffton,MOHAN HARDASMAL THARWANI,421301,Thane,,,,under_construction,2024-06-30,
P51700050312,Forestville - Phase 1,Oberoi Realty Limited,400607,Thane,,,,under_construction,2029-12-31,
P51700050185,Jeevan Lifespaces,Ms Jeevan Enterprises,421601,Thane,,,,under_construction,2027-12-31,
P51700051364,NEELKANTH PARADISE,Laxmi Narayan Enterprises,421004,Thane,,,,under_construction,2024-12-31,
P51700049827,Jay Bharati CHS LTD,SHIV DEVELOPERS,400605,Thane,,,,under_construction,2025-12-31,
P51700051140,SAI SAMRUDDHI,SAMRUDDHI BUILDCON,421202,Thane,,,,under_construction,2025-12-31,
P51700050763,P G HARMONY,SWANAND DEVELOPERS,421503,Thane,,,,under_construction,2025-12-31,
P51700050262,MAHALAXMI RESIDENCY,YASH INFRA,421503,Thane,,,,under_construction,2025-06-30,
P51700049879,Vedant Connect,MOHAN HARDASMAL THARWANI,421301,Thane,,,,under_construction,2026-12-31,
P51700050395,Saket Imperial,Nirmaan Realty,421201,Thane,,,,under_construction,2025-08-07,
P51700050603,Parul Apartments,Motichand Nathu Gosrani,421601,Thane,,,,under_construction,2024-12-31,
P51700050253,Dosti West County - Dosti Nest - Phase 4,DOSTI ENTERPRISES,400608,Thane,,,,under_construction,2027-12-31,
P51700050154,Sunita Palace,Shree Ganesh Buildcon,421503,Thane,,,,under_construction,2026-12-31,
P51700051500,SAURABH HEIGHTS,S K DEVELOPERS,421503,Thane,,,,under_construction,2026-03-31,
P51700050218,VARSHA HEIGHTS,B K GROUPS,421302,Thane,,,,under_construction,2027-12-31,
P51700050235,SAI MAJESTIC PARK,MARUTI DEVELOPERS,421004,Thane,,,,under_construction,2026-01-31,
P51700050559,VINAYAK PRERANA,SHREERAM DEVELOPERS,421306,Thane,,,,under_construction,2025-03-31,
P51700051704,SHREE GANESH RESIDENCY,SHRI GANESH ENTERPRISES,421204,Thane,,,,under_construction,2026-12-31,
P51700049959,KRISHNA DARSHAN,KRISHNA BUILDCON,421503,Thane,,,,under_construction,2025-12-31,
P51700050040,CHIRAGDEEP ANNEX,URBAN SQUARE,421201,Thane,,,,under_construction,2026-01-15,
P51700051292,DREAMS ENCLAVE,DREAMLAND DEVELOPERS,421503,Thane,,,,under_construction,2026-12-31,
P51700050635,JAGANNATH PARADISE,MAYUR GROUP,421503,Thane,,,,under_construction,2025-12-31,
P51700054939,JNP RESIDENCY,AL-SIRAJ BUILDERS & DEVELOPERS,400612,Thane,,,,under_construction,2027-07-31,
P51700051402,"Proposed Residential,Commercial Bldgs on Plot bearing OLD 96 C 2-pt - Mayur Mahal",MAYUR GROUP (RD),421301,Thane,,,,under_construction,2027-06-30,
P51700050066,SHREE SIDDHIVINAYAK PARK B1 AND B2,SATYASHIV DEVELOPERS,421401,Thane,,,,under_construction,2030-12-31,
P51700050236,Sai Vikrant Heights,Vikrant Construction,421306,Thane,,,,under_construction,2026-12-31,
P51700050158,One Wagle,Sagar Nirman Spaces,400604,Thane,,,,under_construction,2026-10-31,
P51700050865,SHREE MAHALAXMI SQUARE,MAHALAXMI INFRA,421203,Thane,,,,under_construction,2025-06-30,
P51700050205,Vedant Millenia happiness Phase II Wing C,MOHAN HARDASMAL THARWANI,421605,Thane,,,,under_construction,2027-12-31,
P51700050538,Rajas Leela,Nakhye's Everest Estate Private Limited,421202,Thane,,,,under_construction,2026-05-31,
P51700050238,Sunder Darshan,Dinesh Laxman Sonavane,421301,Thane,,,,under_construction,2025-12-31,
P51700051104,ATHARVA HEIGHTS,JAI SHREEGURUTATVAM ENGINEERS AND DEVELOPERS,421301,Thane,,,,under_construction,2025-12-31,
P51700050510,VARDHAMAN TOWERZ,MAHAVIR ENTERPRISES,421301,Thane,,,,under_construction,2024-03-31,
P51700050263,SHASHWAT PARK Z-5 A and B WING APARTMENT,SHASHWAT HOMES,421503,Thane,,,,under_construction,2025-06-30,
P51700050280,Aaryadarshan Co Op Hsg Soc Ltd,Sadguru Developers,421503,Thane,,,,under_construction,2027-12-31,
P51700050792,Diamond Complex,SAQLAINI BUILDERS,421304,Thane,,,,under_construction,2026-03-31,
P51700050451,The Gateway,Metricon Realty LLP,400703,Thane,,,,under_construction,2029-03-31,
P51700051804,Thakker Shraddha Kunj,M/s THAKKER WORLD CONSTRUCTIONS LLP,421503,Thane,,,,under_construction,2025-12-31,
P51700050156,GOKUL PARK,M/S TIWARI ENTERPRISES,421605,Thane,,,,under_construction,2030-12-31,
P51700052191,TIRUPATI HEIGHTS,TIRUPATI BUILDERS AND DEVELOPERS,421302,Thane,,,,under_construction,2025-03-31,
P51700050864,OMKAR HEIGHTS,OMKAR ENTERPRISES,421601,Thane,,,,under_construction,2027-03-31,
P51700050624,Paramount F,Kalpataru Homes Private Limited,400608,Thane,,,,under_construction,2024-09-30,
P51700050421,Lodha Signet B - Kolshet,MACROTECH DEVELOPERS LIMITED,400607,Thane,,,,under_construction,2027-11-30,
P51700050214,ZARA HEIGHTS,SAJID ABUL KALAM SHAIKH,421302,Thane,,,,under_construction,2027-12-31,
P51700053750,BLUE BERRY,ASHWAMEDH CORPORATION,400602,Thane,,,,under_construction,2026-06-30,
P51700051106,CHANDRANGAN RESIDENCY PHASE-III,SHREE NARAYAN ENTERPRISES,400612,Thane,,,,under_construction,2026-12-31,
P51700050417,ATLANTA JEWEL,SHREE SAI SAMARTH DEVELOPERS LLP,421003,Thane,,,,under_construction,2024-12-30,
P51700051015,DREAM AVALON,DREAM INFRA,421301,Thane,,,,under_construction,2027-12-31,
P51700050794,PRADEEP CO-OPERATIVE HOUSING SOCIETY LTD.,SQUAREFEET REAL ESTATE,400602,Thane,,,,under_construction,2027-09-30,
P51700051357,PRIYANKA PARADISE,PRIYANKA REGENCY LLP,400705,Thane,,,,under_construction,2024-12-31,
P51700051645,Priyal Square,JAYRAM PANDURANG GAIKWAD,421306,Thane,,,,under_construction,2028-12-31,
P51700053500,MEERA SQUARE,SARASWATI CORP,421501,Thane,,,,under_construction,2025-06-30,
P51700050640,NIRMAN SIGNATURE,SHREE SHA DEVELOPERS,421503,Thane,,,,under_construction,2026-03-31,
P51700050781,VRINDAVAN CITY,Mohd Salim Yusuf,421102,Thane,,,,under_construction,2028-03-01,
P51700050164,PRECIOUS SOLITAIRE,SHUBH LIFESPACES,421503,Thane,,,,under_construction,2026-08-31,
P51700050320,SHREEJI MILESTONE,DEEP LAXMI ASSOCIATES,421503,Thane,,,,under_construction,2029-06-30,
P51700050528,AYESHA HEIGHT,NAMIR KHALIL MULLA,421301,Thane,,,,under_construction,2026-03-31,
P51700050409,AARYA ONE,ARYAN DEVELOPERS,421201,Thane,,,,under_construction,2026-04-30,
P51700050410,KALYAN SURABHI,KALYAN BUILDCON,421311,Thane,,,,under_construction,2025-12-31,
P51700051947,KASTURI HOME TOWER,SHREE MORYA ASSOCIATES,421605,Thane,,,,under_construction,2025-09-08,
P51700051132,Mohan Willows III,MOHAN LIFESPACES LLP,421503,Thane,,,,under_construction,2027-12-31,
P51700050483,ARISTA SKYLINE,GLEN SQUARE,421204,Thane,,,,under_construction,2028-12-31,
P51700050336,SHREE PRADYUMNA CO. OP. HSG. SOC. LTD.,JOSHI AND YASH REALTORS LLP,400601,Thane,,,,under_construction,2025-06-30,
P51700051089,S B TOWER,EKVEERA ENTERPRISES,421202,Thane,,,,under_construction,2026-12-31,
P51700050333,ISHWAR OM TULSI,ISHWAR REALITY,421501,Thane,,,,under_construction,2024-12-30,
P51700050400,Shree Balaji Classic,SHRI BALAJI NEOM,421306,Thane,,,,under_construction,2026-12-31,
P51700050215,Rutu Heights,HARASIDDH DEVELOPERS,421301,Thane,,,,under_construction,2027-06-30,
P51700050650,VAVIYA ARIES,NEELKANTH INFRA,400706,Thane,,,,under_construction,2025-09-30,
P51700050268,K.E.Zojwalla Commercial Center,Ayyub Chand Meo Khan,421301,Thane,,,,under_construction,2027-06-30,
P51700050802,VASTU LUXURIA,LAUKIK DEVELOPMENT CORPORATION,421201,Thane,,,,under_construction,2028-12-31,
P51700050363,PINNACLE ADARSH,PINNACLE ENTERPRISES,421503,Thane,,,,under_construction,2025-06-30,
P51700050634,Shree Ram Radha Damodar,ADITYA BUILDCON,421201,Thane,,,,under_construction,2026-03-31,
P51700052011,WHITE SQUARE,SHRI RAGHUVEER STHAPATYA,421301,Thane,,,,under_construction,2027-12-31,
P51700050524,Shri Sai Mangal Co-Op Housing Society Ltd A Building,AMOGH ASSOCIATES,421201,Thane,,,,under_construction,2025-12-31,
P51700050489,Platinum Westwoods,Experio Ventures,400706,Thane,,,,under_construction,2027-12-31,
P51700050807,Mohan Altezza III,MOHAN LIFESPACES LLP,421301,Thane,,,,under_construction,2027-12-31,
P51700050406,Sunrise Corporate Park- Phase I,Sunrise Lifespaces LLP,400604,Thane,,,,under_construction,2028-12-31,
P51700051064,USHA JOSHI PARK PHASE III,J K T GROUP,421605,Thane,,,,under_construction,2028-12-31,
P51700051081,RITZ Tower D Residential,Vikas Harakchand Jain,421301,Thane,,,,under_construction,2026-12-31,
P51700051652,36 Mansions A wing,Sri Lifespace,421301,Thane,,,,under_construction,2027-12-31,
P51700053980,RUCHA VATIKA D Wing ORCHID E Wing IRIS,MILAN HOUSING COMPLEX PVT LTD,421605,Thane,,,,under_construction,2028-12-31,
P51700051480,PUSHKARAJ CHS PROPOSED,SPLENDOR SHELTERS PVT LTD,421201,Thane,,,,under_construction,2025-03-31,
P51700051119,RITZ Tower E,Vikas Harakchand Jain,421301,Thane,,,,under_construction,2026-12-31,
P51700051084,RITZ Tower F,Vikas Harakchand Jain,421301,Thane,,,,under_construction,2026-12-31,
P51700051281,Dnyaneshwar Mauli Nirwana,Dwarli Construction,421306,Thane,,,,under_construction,2028-12-31,
P51700051575,SEASONS GREEN,JAI BALAJI SAI REALTORS,421301,Thane,,,,under_construction,2027-12-31,
P51700050597,GEETANT ASHRAY,VASUDHA CONSTRUCTION COMPANY,421301,Thane,,,,under_construction,2024-12-31,
P51700051915,SHRI ADINATH HEIGHTS,MANGAL ENTERPRISES,400601,Thane,,,,under_construction,2024-12-31,
P51700051203,SILVER PARK,MAHALAXMI DEVELOPERS,421601,Thane,,,,under_construction,2025-12-31,
P51700051605,PARIJAS GREENS,PARIJAS INFRAVENTURES LLP,421301,Thane,,,,under_construction,2025-12-31,
P51700050575,Aditya Laxmi Icon,GROWLD REALTORS LLP,421204,Thane,,,,under_construction,2028-03-31,
P51700050862,DREAM IKON,DREAM IKON REALTORS,400706,Thane,,,,under_construction,2027-12-31,
P51700050735,PLATINUM ELYSIUM,Experio Ventures,400706,Thane,,,,under_construction,2027-12-31,
P51700050874,SAPTSHRUNGI DEVELOPERS,SAPTSHRUNGI DEVELOPERS,421301,Thane,,,,under_construction,2028-03-31,
P51700051142,Bayview Signature,SAMP CONSTRUCTIONS LLP,400705,Thane,,,,under_construction,2027-03-31,
P51700051055,Jalaram Darshan Co-operativeHousing Society Limited,AKRUTI HOUSING,421301,Thane,,,,under_construction,2025-03-31,
P51700051443,PRIYANKA AVENUE,PRIYANKA REGENCY LLP,400614,Thane,,,,under_construction,2028-03-31,
P51700050676,Om Prathamesh Co-op HSG Society LTD,SHREE SAI INFRA,421202,Thane,,,,under_construction,2026-06-30,
P51700051261,SKYRISE RESIDENCY,NISHITH SUBANDHU LUHAR,421501,Thane,,,,under_construction,2025-07-30,
P51700050724,SHIV PARADISE,L.K.ASSOCIATES,421501,Thane,,,,under_construction,2025-12-31,
P51700052331,ROYAL PLAZA,ROYAL REALTY,421301,Thane,,,,under_construction,2027-12-31,
P51700050843,SHREE SHRIYA CHS,UMAKANT VINAYAK SAMANT,421503,Thane,,,,under_construction,2027-12-31,
P51700050772,SHREE GANESH SYMPHONY,PAWAR GROUP,421503,Thane,,,,under_construction,2024-12-31,
P51700051277,LAWATE HEIGHTS,SHREE GANESH DEVELOPERS,421503,Thane,,,,under_construction,2026-03-31,
P51700051386,CHANGUNA AANGAN,SAMRIN INFRASTRUCTURE,400612,Thane,,,,under_construction,2025-12-31,
P51700054069,LAXMI RESIDENCY,LAXMI INFRA,421503,Thane,,,,under_construction,2026-12-31,
P51700050877,ISHWAR NEW AMIT,ISHWAR DEVELOPERS,421501,Thane,,,,under_construction,2025-05-31,
P51700055337,Shankar Heights Phase 5,Laxmi Kamal Associates,421505,Thane,,,,under_construction,2026-12-30,
P51700051107,MAHAVEER HORIZON WING A AND WING B,MAHAVEER INFRASTRUCTURE PVT LTD,421301,Thane,,,,under_construction,2028-12-31,
P51700051501,ISHWAR SARASWATI PALACE,ISHWAR REALITY,421501,Thane,,,,under_construction,2025-05-31,
P51700052235,Serein Phase II,ARDENT PROPERTIES PRIVATE LIMITED,400610,Thane,,,,under_construction,2027-05-31,
P51700050803,RUSTOMJEE LA VIE WING A,Kapstone Constructions Private Limited,400601,Thane,,,,under_construction,2028-12-31,
P51700053885,SHREEJI NX,SHREE GANESHKRUPA CONSTRUCTION,421103,Thane,,,,under_construction,2026-06-30,
P51700051313,SURYADARSHAN CHS LTD,Shubh Developers,421503,Thane,,,,under_construction,2024-12-31,
P51700051017,Shree Sadan Complex,Shree Buildcon,421302,Thane,,,,under_construction,2025-12-31,
P51700051177,Tulsi Vrundavan,Tulsi Builders and Developers,421503,Thane,,,,under_construction,2026-09-30,
P51700052954,SKY SIGNATURE,SKY DEVELOPERS,400706,Thane,,,,under_construction,2025-06-05,
P51700051258,REGENCY PRIME,DHAANIYA ENTERPRISES,421004,Thane,,,,under_construction,2027-12-31,
P51700052075,K. E. Zojwalla Commercial Center,JOHAR HASAN ZOJWALLA,421301,Thane,,,,under_construction,2026-12-31,
P51700051016,FIRST ELEGANCE,GURUPREET SINGH BALDEV SINGH SANDHU,421503,Thane,,,,under_construction,2025-12-31,
P51700051866,NIRJA HEIGHTS,NIRJA BUILDERS AND DEVELOPERS,421306,Thane,,,,under_construction,2025-03-31,
P51700053284,SWAMI VIRAJANAND CO-OP HSG SOCIETY,RADHIKA SHELTERS,421201,Thane,,,,under_construction,2025-03-31,
P51700050785,Hiranandani Woodspring Bldg A-Oakwood Bldg B-Bridgewood Bldg C-Greenwood,Golden Mile Builders LLP,421311,Thane,,,,under_construction,2028-01-31,
P51700051580,AKSHAR PANCHRATNA,AKSHAR DREAM HOMES,400703,Thane,,,,under_construction,2027-06-30,
P51700051114,Falcon Building No 58,ROMA BUILDERS PRIVATE LIMITED,400607,Thane,,,,under_construction,2028-04-30,
P51700051822,SRINATHJI VISHWASHREE,Srinathji Constructions,400601,Thane,,,,under_construction,2025-12-31,
P51700051844,ROSE VILLA,KEYSTONE CREATION,421501,Thane,,,,under_construction,2027-12-31,
P51700051162,SHREEJI LANDMARK PHASE 1,DEEP LAXMI ASSOCIATES,421505,Thane,,,,under_construction,2027-03-31,
P51700052381,Upper Thane-IRIS Wing G,MACROTECH DEVELOPERS LIMITED,421302,Thane,,,,under_construction,2028-05-31,
P51700054570,HILTRON HILLS,HILLVIEW REALTY,421005,Thane,,,,under_construction,2027-12-31,
P51700051067,Rajesh Co. Op. Hsg. Society,NEELPADMA ENCLAVE,421201,Thane,,,,under_construction,2025-12-31,
P51700051889,Pitruchhaya Apartment,The Finest Housing Company,421601,Thane,,,,under_construction,2025-03-31,
P51700051978,Crown Park,Greenworld Developers,421301,Thane,,,,under_construction,2024-12-31,
P51700051438,Veer Galaxy,Yash Infra,400602,Thane,,,,under_construction,2025-07-31,
P51700051065,AUDUMBER CHSL,BHAVANI ENTERPRISES,421503,Thane,,,,under_construction,2026-06-15,
P51700050671,JVMs Spectrum,JVM Spectrum LLP,400608,Thane,,,,under_construction,2025-12-31,
P51700051830,DHEERAJ HEIGHTS-PHASE-1,SASHWAT HOME,421302,Thane,,,,under_construction,2024-12-31,
P51700051711,DHEERAJ HEIGHTS- PHASE-II,SASHWAT HOME,421302,Thane,,,,under_construction,2026-12-31,
P51700050980,THE TRELLIS,MAITHILI BUILDERS PRIVATE LIMITED,400709,Thane,,,,under_construction,2029-03-31,
P51700051756,SHREE KRUPA CO OP HOUSING SOCIETY,SHARDA VASTU NIRMITEE PVT. LTD.,400602,Thane,,,,under_construction,2026-09-30,
P51700053116,Swapnpoorti,Swapnpoorti Co-Operative Housing Society,400706,Thane,,,,under_construction,2025-12-31,
P51700051262,ANIRUDDHA ICON,HARIOM DEVELOPERS,400706,Thane,,,,under_construction,2027-12-31,
P51700052433,"SHREE SAMARTH SAH-WAS CO-OP HSG. SOCIETY LTD., ANAMIKA BUILDING",JOSHI ENTERPRISES,400602,Thane,,,,under_construction,2025-06-30,
P51700052167,Sky Heights Tower No. 3,VIRANI CONSTRUCTION COMPANY,400612,Thane,,,,under_construction,2030-12-31,
P51700051023,Kohinoor Highland,KGI REALTY PRIVATE LIMITED,421204,Thane,,,,under_construction,2026-12-31,
P51700051157,SAI AMRUT,PRAVIN SURESH BAMNE,421503,Thane,,,,under_construction,2026-03-31,
P51700051990,SAGAR HEIGHTS,AADINATH DEVELOPERS,421301,Thane,,,,under_construction,2025-12-31,
P51700051160,ISKCON RESIDENCY PHASE 1,Iskcon Realtors,421501,Thane,,,,under_construction,2025-12-31,
P51700051122,M P ELITE,M P BUILDCON,421005,Thane,,,,under_construction,2024-12-31,
P51700050973,MAPLEWOODS PHASE 1,M/S BKS Galaxy Realtors LLP,400708,Thane,,,,under_construction,2028-12-31,
P51700050838,VISHWAJEET HERITAGE,GULABRAO BABURAO KARANJULE PATIL,421501,Thane,,,,under_construction,2027-03-13,
P51700052224,GAYATRI SANKUL NX,Gayatri Builders,421301,Thane,,,,under_construction,2027-12-31,
P51700052971,Garden Estate Phase -II,SHREE BALAJI DEVELOPERS,421102,Thane,,,,under_construction,2025-03-31,
P51700051933,NAV SAMIDHA CO-OP HSG SOC LTD,SAIGAN INTERNATIONAL BUILDERS & DEVELOPERS,421201,Thane,,,,under_construction,2028-12-01,
P51700051109,IMPERIAL TOWER,UMAR CONSTRUCTION,421302,Thane,,,,under_construction,2025-12-31,
P51700051408,SHIV PARADISE,EAGLE HOMES BUILDERS AND DEVELOPERS,421401,Thane,,,,under_construction,2026-03-31,
P51700051175,SHIV VATIKA,SHIVSHAKTI ENTERPRISES,421503,Thane,,,,under_construction,2025-03-31,
P51700051210,SILVER OAK APARTMENT,ASHOKKUMAR TOPANLAL DEWANI,421601,Thane,,,,under_construction,2025-03-31,
P51700051268,Parshuram Ambaram,Veritas Red,421501,Thane,,,,under_construction,2026-04-30,
P51700051346,Runwal Gardens Phase 6A Bldg No. 53-54,Runwal Residency Private Limited,421204,Thane,,,,under_construction,2027-09-30,
P51700052053,SAI GALAXY,M/S. WESTERN ARCH COMPANY,421301,Thane,,,,under_construction,2027-03-31,
P51700052828,TRISHAN ENCLAVE,OMKAR ENTERPRISES,421301,Thane,,,,under_construction,2025-12-25,
P51700051538,BHOOMI TILAK GALAXY,BHOOMI HOMES,421003,Thane,,,,under_construction,2025-10-31,
P51700052095,ALIMKAR HEIGHTS,ALIMKAR & SONS,421204,Thane,,,,under_construction,2026-10-27,
P51700050829,Raunak Bliss B4,UNNATHI ASSOCIATES,400610,Thane,,,,under_construction,2030-12-31,
P51700050828,Raunak Bliss B5,UNNATHI ASSOCIATES,400610,Thane,,,,under_construction,2030-12-31,
P51700050827,Raunak Bliss B6,UNNATHI ASSOCIATES,400610,Thane,,,,under_construction,2030-12-31,
P51700052141,DATTA KUTIR,SPARSH BUILDCON,421501,Thane,,,,under_construction,2026-05-01,
P51700052551,Nature Vista Building - 1,Oyster Saket Infrastructure,421306,Thane,,,,under_construction,2028-12-31,
P51700051658,Sai Shivansh,Deepak Namdev Patil,421201,Thane,,,,under_construction,2026-12-31,
P51700051966,SQUARE ONE,SIX SQUARES REALTY,421501,Thane,,,,under_construction,2025-06-30,
P51700053954,DEVKRUPA HEIGHTS,NILESH SATISH PATIL,421302,Thane,,,,under_construction,2026-12-31,
P51700051722,PRECIOUS GALAXY WING C,Shree Radhe Builders and Developers,421501,Thane,,,,under_construction,2025-12-31,
P51700052264,Samadhan Co op Hsg Soc Ltd,SHUBH ASSOCIATES,421503,Thane,,,,under_construction,2025-10-31,
P51700052399,Naivedya,M/s Raj Associates,421202,Thane,,,,under_construction,2026-06-30,
P51700051148,PAWSHE PRIDE,PAWSHE GROUP BUILDERS AND DEVELOPERS,421306,Thane,,,,under_construction,2028-04-30,
P51700051472,Spectrum Residency,Spectrum Developers,421002,Thane,,,,under_construction,2025-12-31,
P51700052145,SHREE NX CHS,ANNAPURNA ENTERPRISES,421501,Thane,,,,under_construction,2025-12-31,
P51700053902,NEW NEELGAGAN CHS,SCGKCORP,421501,Thane,,,,under_construction,2026-05-31,
P51700051539,NMS MIDAS,DHARTI DHAN REALTY,400614,Thane,,,,under_construction,2028-12-31,
P51700052155,NAV PRATIMA CO. OP. HSG. SOC. LTD.,NARENDRA KALYANJI PATEL,421201,Thane,,,,under_construction,2024-12-31,
P51700051410,Metro Luxuria,NIVARA ENGINEERS,421201,Thane,,,,under_construction,2027-12-31,
P51700051222,PATELS INFINIA,R CITY DEVELOPERS,421501,Thane,,,,under_construction,2027-05-01,
P51700051477,SAROSH COMPLEX,SAROSH IMRAN KOHARI,421401,Thane,,,,under_construction,2026-12-31,
P51700051991,SHIVNERI PARK CO OP HSG SOC LTD,SHREE SWASTIK CONSTRUCTIONS,421301,Thane,,,,under_construction,2027-03-31,
P51700052135,Mahalaxmi Ashish Co.Op. Housing Society Ltd.,VPM Developers,421503,Thane,,,,under_construction,2025-03-31,
P51700051350,Mellennium Dreams,Mellennium Dreams,421202,Thane,,,,under_construction,2026-05-31,
P51700051405,Sai Ganesh Co-Operative Housing Society Ltd,Shree Vyankatesh Enterprises,421202,Thane,,,,under_construction,2026-05-31,
P51700051406,NAV ASHOKVAN COOPERATIVE HOUSING SOCIETY LTD,GAGAN DEVELOPERS AND ENGINEERS,421301,Thane,,,,under_construction,2027-04-30,
P51700051918,Sohum Heights,M/S SOHUM ENTERPRISES,421203,Thane,,,,under_construction,2026-12-31,
P51700051400,GANESH DARSHAN,ARUN BALU PATIL,421103,Thane,,,,under_construction,2026-04-30,
P51700052369,AVENUE,BUILDBRICK BUILDERS AND DEVELOPERS,400612,Thane,,,,under_construction,2028-12-31,
P51700051594,Al- Maqaam,Eminent Constructions,400612,Thane,,,,under_construction,2028-12-31,
P51700051285,SAI DEEP RESIDENCY,KISHOR RATAN CHAUDHARY,421302,Thane,,,,under_construction,2024-12-31,
P51700051941,Heramb Aarambha - Phase 2,HERAMB ENTERPRISES,421503,Thane,,,,under_construction,2027-12-31,
P51700051881,Mangalmurti Empire,Shivam Universal,421202,Thane,,,,under_construction,2024-12-31,
P51700051520,Gami Ved,AMBALAL BHANJI GAMI,400706,Thane,,,,under_construction,2027-06-30,
P51700051441,ATLANTA CROWN,ATLANTA CONSTRUCTION,421003,Thane,,,,under_construction,2026-04-30,
P51700052794,Haware My First Home Shil Phata Phase 1 Bldg 1,Haware Properties LLP,410203,Thane,,,,under_construction,2030-12-31,
P51700053825,Haware My First Home Shil Phata Phase 1 Bldg 2,Haware Properties LLP,410203,Thane,,,,under_construction,2030-12-31,
P51700053020,OMKAR AVENUE,OMKAR REALTORS,421601,Thane,,,,under_construction,2028-03-31,
P51700051841,BORGAONKAR ELEGANCE,BORGAONKAR INFRA,421301,Thane,,,,under_construction,2026-05-31,
P51700051133,NAZIR HEIGHTS,A M CONSTRUCTIONS,421302,Thane,,,,under_construction,2026-09-30,
P51700051273,Plan I,M/S. Tescon Plan-I LLP,400706,Thane,,,,under_construction,2026-12-31,
P51700052841,SHREEJI CLOUD,SHREEJI LIFESPACES INFRASTRUCTURE,410206,Thane,,,,under_construction,2026-06-30,
P51700051593,VISHWAJEET PRIME,GULABRAO BABURAO KARANJULE PATIL,421501,Thane,,,,under_construction,2028-06-30,
P51700052218,MOHANKHEDA GARDENS,MOHANKHEDA HERITAGE,421102,Thane,,,,under_construction,2028-03-31,
P51700052396,WAMAN HEIGHTS C WING,R V ENTERPRISE,421202,Thane,,,,under_construction,2027-03-31,
P51700051459,SHREE ATHARV,ATHARV ENTERPRISES,421503,Thane,,,,under_construction,2025-12-31,
P51700054070,SARVODAY DATT,SARVODAY COMBINE,421301,Thane,,,,under_construction,2027-12-31,
P51700051703,ROYAL PALM,Buildcon Enterprises,421601,Thane,,,,under_construction,2027-12-31,
P51700051627,GANGA RESIDENCY,MR RAVI YALLAPPA VHATKAR,421004,Thane,,,,under_construction,2025-12-31,
P51700054117,Visava,M/s Rudrik Developers,421601,Thane,,,,under_construction,2025-12-31,
P51700051856,Aparna Co-operative Housing Society Limited,Rachana Enterprises,421202,Thane,,,,under_construction,2027-03-31,
P51700051270,VINU ICCHAPURTI APARTMENT,ATHARVA CONSTRUCTIONS,400601,Thane,,,,under_construction,2026-03-31,
P51700051631,SWAMI SWARUP,SWAMINI INFRA PRIVATE LIMITED,421503,Thane,,,,under_construction,2026-05-31,
P51700051875,MEDHEKAR HEIGHTS,SOMESHWARNATH DEVELOPERS,421306,Thane,,,,under_construction,2026-03-31,
P51700051455,Shivam Heritage,M K ENTERPRISES,421503,Thane,,,,under_construction,2025-04-30,
P51700051574,Dreams Empire,Dream Infra,400602,Thane,,,,under_construction,2027-07-31,
P51700052635,RAUNAK IMPERIAL,RAUNAK AVENUE REALTY,400610,Thane,,,,under_construction,2026-12-31,
P51700051840,SAI MEHER RESIDENCY,GOKULDHAM BUILDERS & DEVELOPERS,421003,Thane,,,,under_construction,2025-03-31,
P51700051727,KRISHNA HEIGHTS,MIT INFRA,400701,Thane,,,,under_construction,2028-03-31,
P51700052148,SAI ARCADE,GANESH DEVELOPERS,421306,Thane,,,,under_construction,2027-12-31,
P51700052121,"Balaji Sarvoday - A Wing, B Wing and E Wing",Shree Balaji Realty,421201,Thane,,,,under_construction,2028-12-31,
P51700051572,RATNASAGAR CHS LTD,Shubh Associates,421503,Thane,,,,under_construction,2025-10-20,
P51700052831,Gami Industrial Park - C Building,Golden Falcon Pacific Ltd,400705,Thane,,,,under_construction,2024-12-31,
P51700051917,SAI SHARADA CHS LTD,M SQUARE DEVELOPERS,421503,Thane,,,,under_construction,2026-05-31,
P51700051985,GLOBE COMPASS,GLOBE UNITED,421203,Thane,,,,under_construction,2028-12-31,
P51700052609,MAA BHAWANI EMPIRE,MAA BHAWANI CONSTRUCTION,421503,Thane,,,,under_construction,2026-09-30,
P51700051834,JANAKI PARASHRAM APARTMENT,PRAKASH PADMAKAR LELE,421301,Thane,,,,under_construction,2026-06-30,
P51700052085,Krishna Empire,Tirumala Developers,421306,Thane,,,,under_construction,2025-12-31,
P51700053215,AL BALAD RESIDENCY,UNITY INFRA,400612,Thane,,,,under_construction,2028-12-31,
P51700052193,HEENA ASHISH,BUILT CHARMS CORPORATION,421301,Thane,,,,under_construction,2028-12-31,
P51700051779,Emerald Pacific,APR Realty,421201,Thane,,,,under_construction,2024-09-30,
P51700052074,SAI SAGAR RESIDENCY,OM SAI CONSTRUCTION,421306,Thane,,,,under_construction,2027-06-30,
P51700051956,Tulip,MACROTECH DEVELOPERS LIMITED,421204,Thane,,,,under_construction,2027-05-31,
P51700051894,SONAL PARADISE,SHUBH GROUP,421503,Thane,,,,under_construction,2026-12-31,
P51700053342,Vaishnavi Garden,Vaishnavi Infra Developers,421202,Thane,,,,under_construction,2028-05-31,
P51700054134,Sitabai Apartment,Dosti Construction,421601,Thane,,,,under_construction,2028-03-31,
P51700052162,ROYAL PALM PHASE - 1,SIDDHI DEVELOPERS,421601,Thane,,,,under_construction,2027-06-30,
P51700053044,CENTURY TWO,CITY INFRA,400701,Thane,,,,under_construction,2028-03-31,
P51700052697,SHARDA ROYCE,SHARDA HOMES,421003,Thane,,,,under_construction,2028-12-31,
P51700052762,Shubh Vastu Phase III,SHUBH HOMES,421503,Thane,,,,under_construction,2025-12-31,
P51700051868,MAPLEWOODS PHASE II,M/S BKS Galaxy Realtors LLP,400708,Thane,,,,under_construction,2029-12-31,
P51700052426,The Capital,Emperia Lifespace,400706,Thane,,,,under_construction,2029-12-31,
P51700052421,Fiora J,MACROTECH DEVELOPERS LIMITED,421203,Thane,,,,under_construction,2027-07-31,
P51700051960,CROSS WIND,VG INFRA,421301,Thane,,,,under_construction,2028-06-30,
P51700053286,VENKATESHWARA HEIGHTS,SHREE VENKATESHWARA DEVELOPERS,421503,Thane,,,,under_construction,2025-12-31,
P51700053225,Anand Homes- Phase 2,M/s. MORYA GROUP,421605,Thane,,,,under_construction,2026-06-01,
P51700054354,MAHAVIR MARVEL,MAHESH HARDAS MAKHIJA (HUF),421004,Thane,,,,under_construction,2024-09-30,
P51700052519,GURUDEV ORCHID,GURUDEV DEVELOPERS,421103,Thane,,,,under_construction,2025-03-31,
P51700051857,Mayuresh Bayview,Mayuresh Real Estate & Management PVT.LTD.,400614,Thane,,,,under_construction,2027-12-31,
P51700052514,E PHASE I SARNOBAT RESIDENCY,BUDHARAM GANPAT SARNOBAT,421605,Thane,,,,under_construction,2025-06-01,
P51700053418,PLATINUM WILLOWS,PLATINUM WILLOWS,421503,Thane,,,,under_construction,2026-03-31,
P51700052948,OM SAI ONE PARK,INFINI DEVELOPERS,421302,Thane,,,,under_construction,2028-12-31,
P51700052442,Ten X Vibes,Raymond Limited,400606,Thane,,,,under_construction,2024-05-31,
P51700053076,S.I. ARCADE,SALMAN IQBAL AHMED MOMIN,421302,Thane,,,,under_construction,2028-06-30,
P51700052891,Daisy Gardens Building No.13,ANKITA BUILDERS,421505,Thane,,,,under_construction,2026-06-30,
P51700053583,SHIVKALP,SHIV ENTERPRISES,421503,Thane,,,,under_construction,2027-06-30,
P51700052478,Om Moreshwar,M/s Samruddhi Builders & Developers,421503,Thane,,,,under_construction,2026-12-31,
P51700054699,SHREE OM SHIVSHAKTI,RAI RESIDENCY Private Limited,421306,Thane,,,,under_construction,2026-12-31,
P51700052410,jewel vistaz,Jewel Builders and Infraprojects Ltd,421306,Thane,,,,under_construction,2028-03-31,
P51700053155,Pallavi Palace,Jeevan Tukaram Joshi,421201,Thane,,,,under_construction,2026-03-31,
P51700052243,Olivia Tower -B,MACROTECH DEVELOPERS LIMITED,421204,Thane,,,,under_construction,2027-03-31,
P51700052743,PRATHMESH VRINDAVAN F WING,S. P. GROUP,421503,Thane,,,,under_construction,2026-12-31,
P51700054127,GREEN SQUARE BLDG. NO 2B,SQUAREFEET ENTERPRISES,400607,Thane,,,,under_construction,2027-12-31,
P51700053106,Iflex Spaces,RNV Developers Private Limited,421308,Thane,,,,under_construction,2027-12-31,
P51700052362,PRESTIGE GOLD,SHREE DURGA ENTERPRISES,421301,Thane,,,,under_construction,2027-06-30,
P51700052461,MARATHON NEXWORLD FLORA,Sunset Spaces Pvt. Ltd.,400612,Thane,,,,under_construction,2027-12-31,
P51700052092,SUDARSHAN CO-OP. HSG. SOC. LTD.,Gayatri Foundation,421201,Thane,,,,under_construction,2026-05-31,
P51700052745,Om Square,Buildtech Ventures Realty,421302,Thane,,,,under_construction,2026-12-31,
P51700053154,Shrihari Chandan Apartment,ABHISHEK SHELTERS LIMITED,421503,Thane,,,,under_construction,2028-03-31,
P51700054058,KASTURI PARADISE,KASTUTI DEVELOPERS,421601,Thane,,,,under_construction,2028-03-31,
P51700051526,RUGI COLONIA,P P CORPORATION,421503,Thane,,,,under_construction,2026-12-31,
P51700051937,GLOBAL HEIGHTS,GLOBAL BUILDERS AND DEVELOPERS,421003,Thane,,,,under_construction,2027-12-31,
P51700051963,SOHAM RESIDENCY,SOHAM CONSTRUCTION,421005,Thane,,,,under_construction,2026-03-31,
P51700051534,AUDUMBER CROWN,AUDUMBER BUILDERS & DEVELOPERS,421503,Thane,,,,under_construction,2026-12-31,
P51700052267,SHREE GANESH C.H.S.L.,PRAKASH DNYANDEV WANKHEDE,421501,Thane,,,,under_construction,2025-12-31,
P51700053912,HAROLD CO-OP HOUSING SOCIETY,STONECRAFTERS,421301,Thane,,,,under_construction,2026-12-31,
P51700051938,CHAITRABAN SKYLINE,M/S SKYLINE INFRA,400602,Thane,,,,under_construction,2026-06-30,
P51700053838,Crystal Retreat Phase 1,Ajay & Sanjay Maheshwari,421401,Thane,,,,under_construction,2030-12-31,
P51700052620,MID-TOWN,SIDDHIVINAYAK GROUP NX,421506,Thane,,,,under_construction,2028-06-01,
P51700053728,SAI KRUPA APARTMENT,BHIMRAJ GANPAT MORE,421401,Thane,,,,under_construction,2026-12-31,
P51700051424,VISHWAJEET PRECIOUS PHASE IV,ABHIJEET CONSTRUCTION,421103,Thane,,,,under_construction,2028-03-30,
P51700052093,SHREEJI LANDMARK PHASE I,SHREEJI BUILDCON,421503,Thane,,,,under_construction,2027-12-31,
P51700051381,Thanekar Palacio Phase II,Thanekar Construction LLP,421503,Thane,,,,under_construction,2026-12-31,
P51700052542,KAUSHALYA HEIGHTS,BALAJI ENTERPRISES,421301,Thane,,,,under_construction,2025-03-31,
P51700052002,SAI PARK,SAI SATYAM REALTY LLP,421301,Thane,,,,under_construction,2027-12-31,
P51700052714,SAI HEAVEN,MORYA ENTERPRISES,421302,Thane,,,,under_construction,2027-12-31,
P51700053982,PATELS HORIZON,PARAMYOGI DEVELOPERS LLP,421503,Thane,,,,under_construction,2027-11-18,
P51700052179,Kohinoor Eden B6,KGI REALTY PRIVATE LIMITED,421306,Thane,,,,under_construction,2026-06-30,
P51700055074,Mangalmurti Paradise,Shubham Construction,421201,Thane,,,,under_construction,2026-12-31,
P51700053743,KULSWAMINI AVENUE,KULSWAMINI BUILDERS AND DEVELOPERS,421306,Thane,,,,under_construction,2027-06-30,
P51700051622,SIDDHIVINAYAK RESIDENCY,REEVA REALITY DEVELOPERS,421605,Thane,,,,under_construction,2027-06-01,
P51700052579,Vastu Imperia,Vastu Builders and Developers,421503,Thane,,,,under_construction,2029-12-31,
P51700052602,PARAG CO.OP HSG SOCIETY LTD,SURESH KESHAVRAO YASHVANTRAO,421503,Thane,,,,under_construction,2027-05-31,
P51700052622,NEELKANTH DEEP CHS,M.S ENTERPRISES,421503,Thane,,,,under_construction,2026-03-31,
P51700051807,SAI ENCLAVE,SAI SAMARTH CONSTRUCTION,421306,Thane,,,,under_construction,2028-06-30,
P51700052930,Gami Erica,Lal Gebi Infra Co.,400614,Thane,,,,under_construction,2025-12-31,
P51700051646,RAJGAD GALAXY,Shri Sai Associates,421003,Thane,,,,under_construction,2025-06-30,
P51700051555,Bhumi Imperial,Bhumi Urban Lifespaces LLP,421032,Thane,,,,under_construction,2026-05-31,
P51700053040,Alankapuri,Ashish Waman Gole,421503,Thane,,,,under_construction,2027-05-01,
P51700052473,SAI PARADISE,SAI ENTERPRISES,421306,Thane,,,,under_construction,2028-12-31,
P51700052696,COLOSSAL,GANESH HARISHCHANDRA DHONE,421306,Thane,,,,under_construction,2026-06-30,
P51700051635,VATSALYA DEEP CO.OP.HO.SO.LTD,NEELPADMA INFRA,421201,Thane,,,,under_construction,2026-05-31,
P51700051657,SRI PARKVIEW,Sri Lifespace,421301,Thane,,,,under_construction,2027-12-31,
P51700053140,Om Sai Imperial Tower II,S.K.Khambalkar Builders & Developers,421601,Thane,,,,under_construction,2028-03-31,
P51700052132,Sai Alok,M/s Alok Enterprises,421503,Thane,,,,under_construction,2027-12-31,
P51700052156,VRINDAVAN HOMES,SHREE PRABHAT DEVELOPER,421306,Thane,,,,under_construction,2027-06-30,
P51700052719,LAABH ENCLAVE PHASE 2 D WING,VAISHNAVI HOUSING REALTY LLP,421302,Thane,,,,under_construction,2027-03-31,
P51700052258,Larkins 315 Rio - B,M/S PUSHPAK DEVELOPERS,400602,Thane,,,,under_construction,2028-12-31,
P51700053070,AVIGHNA KRUPA,AVIGHNA DEVELOPERS,421201,Thane,,,,under_construction,2024-03-31,
P51700051567,KRISHNA CROWN,SHREE KRISHNA REALITY,421601,Thane,,,,under_construction,2025-04-30,
P51700052943,Panvelkar Empire,Om Sai Shraddha Developers,421501,Thane,,,,under_construction,2026-06-30,
P51700054556,OM SAI AVENUE,D A CONSTRUCTION,421501,Thane,,,,under_construction,2025-12-31,
P51700052066,SAHAJANAND CO. OP. HSG.SOC. LTD.,N K ASSOCIATES,421202,Thane,,,,under_construction,2025-11-30,
P51700053059,NEELKANTH HEIGHTS CHS,SHREE NEELKANTH DEVELOPERS,421503,Thane,,,,under_construction,2026-03-31,
P51700052497,Akshata Co-operative Housing Society Limited,Sanjiv Surendra Tamhane,421201,Thane,,,,under_construction,2026-05-31,
P51700054486,Om Dutta Deep Co. Op HSG,Shree Samarth Enterprises,421503,Thane,,,,under_construction,2025-12-31,
P51700055084,TULSI RAMJI APARTMENT,SWAPNIL NARAYAN PISE,421005,Thane,,,,under_construction,2025-05-31,
P51700052604,OM SHIV ANGAN CHS,RITU BUILDERS AND DEVELOPERS,421503,Thane,,,,under_construction,2027-03-31,
P51700052798,Tulip Heights,OM SAI DEVELOPERS,421306,Thane,,,,under_construction,2027-06-30,
P51700052333,Belvedere H,MACROTECH DEVELOPERS LIMITED,421203,Thane,,,,under_construction,2027-05-31,
P51700052278,SUNSHINE LANDMARK,POWER INFRATECH DEVELOPERS,421302,Thane,,,,under_construction,2025-10-31,
P51700053121,PARK ENCLAVE,NAYANTARA NXT,421201,Thane,,,,under_construction,2025-06-30,
P51700052472,SHREE SUYASH,SHARVIL ENTERPRISES,421201,Thane,,,,under_construction,2026-06-30,
P51700052406,Fiora K,MACROTECH DEVELOPERS LIMITED,421203,Thane,,,,under_construction,2028-01-31,
P51700052012,INVICTUS BY GS,Raymond Limited,400606,Thane,,,,under_construction,2028-10-05,
P51700052008,THE ADDRESS BY GS TOWER C,Raymond Limited,400606,Thane,,,,under_construction,2028-12-25,
P51700053122,BELPATRA,MAHADEV DEVELOPERS,421302,Thane,,,,under_construction,2026-05-31,
P51700053709,AVANI CHS LTD,SURAJ ENTERPRISES,421503,Thane,,,,under_construction,2026-12-31,
P51700052109,DELTA PALMBEACH,BALAJI CORPORATION,400706,Thane,,,,under_construction,2031-06-30,
P51700053053,SAI DWARKA RESIDENCY,HARI OM CONSTRUCTION,421301,Thane,,,,under_construction,2028-06-30,
P51700052999,SHREE MAHALAXMI RESIDENCY,SHREE GAJANAN BUILDERS AND DEVELOPERS,421601,Thane,,,,under_construction,2028-07-31,
P51700052237,Belvedere D,MACROTECH DEVELOPERS LIMITED,421203,Thane,,,,under_construction,2028-02-29,
P51700053135,24 High BIZBAY,Apex Infra,421501,Thane,,,,under_construction,2026-07-31,
P51700053303,SWEET HOME LUXURIA,ALBIN ANTHONY CHEYADEN,421301,Thane,,,,under_construction,2028-06-15,
P51700053294,MORYA HEIGHTS,MORYA DEVELOPERS,421601,Thane,,,,under_construction,2026-06-30,
P51700053054,POKHRIYAL PARAMOUNT,POKHRIYAL AND ASSOCIATES,421503,Thane,,,,under_construction,2028-12-31,
P51700052819,PG VATIKA,GURUKRUPA ENTERPRISES,421503,Thane,,,,under_construction,2026-12-31,
P51700052322,Mehta Altura 1978,AMRUT TARA REALTY PRIVATE LIMITED,421301,Thane,,,,under_construction,2028-12-31,
P51700052657,Shiv Anand,Bhagwati Construction,400602,Thane,,,,under_construction,2026-03-31,
P51700052310,GAYATRI ANAND,Gayatri Builders,421301,Thane,,,,under_construction,2028-12-31,
P51700052389,Upper Thane-Tiara H,MACROTECH DEVELOPERS LIMITED,421302,Thane,,,,under_construction,2027-07-31,
P51700052441,Runwal Gardens Phase 8 Bldg No. 43 and 45,Runwal Residency Private Limited,421204,Thane,,,,under_construction,2026-12-31,
P51700053926,SADGURU NAKSHTRA PHASE III,SADGURU DEVELOPERS,421605,Thane,,,,under_construction,2027-12-31,
P51700053213,Ace Signature IT Park,Yojit Builder,400604,Thane,,,,under_construction,2027-12-31,
P51700052476,SHIVESH EMERALD,SHIVESH REALTY PRIVATE LIMITED,400708,Thane,,,,under_construction,2026-07-31,
P51700052989,SHUBHAM RESIDENCY,SHUBHAM REALTY,400701,Thane,,,,under_construction,2025-06-30,
P51700053842,SATISH RESIDENCY,NITIN RAJARAM GHARAT,421401,Thane,,,,under_construction,2025-12-31,
P51700052606,JAI GANESH CO-OPERATIVE HOUSING SOCIETY LTD,DEEPALI LANDSCAPE,421503,Thane,,,,under_construction,2026-12-31,
P51700054428,Mahadev Heights,Riom Developers,421501,Thane,,,,under_construction,2026-12-31,
P51700053573,VIRAT SKYROS,PARAM DEVELOPERS,421204,Thane,,,,under_construction,2030-12-31,
P51700055007,SKY APARTMENT,SKY DEVELOPERS,421004,Thane,,,,under_construction,2025-12-31,
P51700052776,Padmavati Blue Sapphire,Padmavati Residency,421301,Thane,,,,under_construction,2026-12-31,
P51700053689,Ashok Vatika,Amit Ashok Shelar,421503,Thane,,,,under_construction,2033-03-31,
P51700052997,SHREERANG KUTIR,SHREE PRABHA CONSTRUCTION,421201,Thane,,,,under_construction,2026-06-01,
P51700052460,RAUNAK FORTUNA,RDP REALTORS PRIVATE LIMITED,421204,Thane,,,,under_construction,2030-12-31,
P51700053883,JADHAV GADH BUILDING 2,Shree Samarth Developers,421301,Thane,,,,under_construction,2032-06-30,
P51700054381,MAPLE ENCLAVE,MANDAR CONSTRUCTION AND DEVELOPERS,400605,Thane,,,,under_construction,2026-03-31,
P51700052512,SEA GREEN AURUS,Sea Green Homes,421004,Thane,,,,under_construction,2026-02-28,
P51700054702,BILESHWAR,ASHAPURA COMBINES,421301,Thane,,,,under_construction,2028-12-31,
P51700052523,EMPIRE DYNASTY,LAKHANI BUILDERS PVT LTD,400602,Thane,,,,under_construction,2030-12-31,
P51700054547,TRIMURTI ONE,TRIMURTI CONSTRUCTION,421306,Thane,,,,under_construction,2028-12-31,
P51700053073,DURVE ARINA,EVERGREEN DEVELOPERS,421201,Thane,,,,under_construction,2026-12-31,
P51700052670,JANKI DHAM,RAKESH TAPESHWAR SINGH,421306,Thane,,,,under_construction,2027-12-31,
P51700052431,JVMs Magnum,JVM Spectrum LLP,400608,Thane,,,,under_construction,2025-12-31,
P51700052882,Chandrakant Residency,Amogh Construction,421201,Thane,,,,under_construction,2027-12-31,
P51700052687,OM AVDHOOT DARSHAN CO.OPERATIVE HOUSING SOCIETY LTD,SAFAL ENTERPRISES,421201,Thane,,,,under_construction,2027-03-31,
P51700052485,Regency Antilia Phase VIII Avana,REGENCY NIRMAN LTD,421001,Thane,,,,under_construction,2026-12-31,
P51700052785,SUMITRA HEIGHTS,SWAMI NARAYAN ENTERPRISES,421301,Thane,,,,under_construction,2026-03-30,
P51700053364,PADMADISHA PARADISE BUILDING TYPE - 3,PADMADISHA PARADISE,421302,Thane,,,,under_construction,2028-12-31,
P51700054131,VISHWANATH DARSHAN,ASHAPURA COMBINES,421301,Thane,,,,under_construction,2029-12-31,
P51700052965,NEELKANTH PALM PRESIDENT,NEELKANTH INFRATECH,400701,Thane,,,,under_construction,2029-12-31,
P51700053811,REGENCY BUSINESS PARK PHASE I,REGENCY SHELTERS LLP,400607,Thane,,,,under_construction,2026-12-31,
P51700052561,Runwal Gardens City Cluster 6 Tower 6 to 9,HORIZON PROJECTS PVT LTD,421204,Thane,,,,under_construction,2027-05-31,
P51700053083,SHREEJI INFINITY,INFINITY INFRA,410210,Thane,,,,under_construction,2028-12-31,
P51700053095,DGT - Sector 3A - Cluster 2 - Phase 4,ADRIKA DEVELOPERS PRIVATE LIMITED,421302,Thane,,,,under_construction,2028-08-31,
P51700053065,Sai Heritage,Shashank Enterprises,421501,Thane,,,,under_construction,2025-12-31,
P51700053134,CENTRAL MEADOWS,HONOUR REALTY,400612,Thane,,,,under_construction,2027-12-31,
P51700054241,SOLITUDE,SANJAY BHAGWAN PATIL,421201,Thane,,,,under_construction,2027-06-30,
P51700052450,Nandadeep CHS Ltd,ADITYA BUILDCON,421201,Thane,,,,under_construction,2028-03-31,
P51700052909,Rajeshwari Plaza,Sheela Ravindra Ghormode,421503,Thane,,,,under_construction,2027-03-31,
P51700055012,VIGHNAHARTA CO-OP HSG.SOCIETY,Gaurivinayak Builders and Developers Pvt Ltd,421306,Thane,,,,under_construction,2028-12-31,
P51700053952,ASHTAVINAYAK PARK CO-OP.HSG SOCIETY LTD,Gaurivinayak Builders and Developers Pvt Ltd,421306,Thane,,,,under_construction,2028-12-31,
P51700055361,SHUBH SHANTAI RESIDENCY,SHUBH VASTU DEVELEOPERS,421311,Thane,,,,under_construction,2027-12-16,
P51700052640,SUMATI SKYLINE,SUBHASH SKYLINE INFRA,421201,Thane,,,,under_construction,2026-09-30,
P51700052932,SAISHYAM ARCADE,SHUBH BUILDSPACE,421503,Thane,,,,under_construction,2025-12-31,
P51700052377,PALM AMORE,VISION INFRA,400706,Thane,,,,under_construction,2031-03-31,
P51700055115,Swaraswati Heights,Shree Samarth Enterprises,421503,Thane,,,,under_construction,2028-09-30,
P51700052866,PRIYAL AUM,SHREE MAULI CHS LTD,400703,Thane,,,,under_construction,2024-06-01,
P51700052470,Olivia Tower - A,MACROTECH DEVELOPERS LIMITED,421204,Thane,,,,under_construction,2027-06-30,
P51700052950,Belvedere-B and C,MACROTECH DEVELOPERS LIMITED,421203,Thane,,,,under_construction,2027-11-30,
P51700052645,SHREEJI LANDMARK PHASE II,Shubh Housing,421503,Thane,,,,under_construction,2026-12-31,
P51700052578,Upper Thane - Tiara G,MACROTECH DEVELOPERS LIMITED,421302,Thane,,,,under_construction,2028-01-31,
P51700053124,Upper Thane - Eden D,MACROTECH DEVELOPERS LIMITED,421302,Thane,,,,under_construction,2028-03-31,
P51700052596,Mountain City Building No. 1,Mountain Dream Realty LLP,421306,Thane,,,,under_construction,2027-12-31,
P51700052588,Mangalmurti Pride,Sai Mauli Enterprises,400068,Thane,,,,under_construction,2026-12-31,
P51700054327,Vedant Palacia Phase V Wing C-Cassius,THARWANI PROPERTIES,421301,Thane,,,,under_construction,2027-12-31,
P51700053108,SHREESHA HEIGHTS,VASTUNIRMAN DEVELOPERS,421301,Thane,,,,under_construction,2028-08-15,
P51700052636,SHIVSHAKTI DARSHAN CO-OP HOUSING SOCIETY LIMITED,SHREE DEVELOPERS,421201,Thane,,,,under_construction,2024-12-30,
P51700053671,WHITE SQUARE NX Wing B,SHRI RAM STHAPATYA,421301,Thane,,,,under_construction,2028-12-31,
P51700053057,Dosti Greater Thane - Sector 3A - Cluster 1B - Phase 1,ADRIKA DEVELOPERS PRIVATE LIMITED,421302,Thane,,,,under_construction,2028-10-31,
P51700054106,PATELS EIRENE,PRAMUKH DEVELOPERS,421501,Thane,,,,under_construction,2026-08-31,
P51700053096,Dosti Greater Thane - Sector 3A - Cluster 1B - Phase 2,ADRIKA DEVELOPERS PRIVATE LIMITED,421302,Thane,,,,under_construction,2028-10-31,
P51700053217,Dosti Greater Thane - Sector 3A - Cluster 1B - Phase 3,ADRIKA DEVELOPERS PRIVATE LIMITED,421302,Thane,,,,under_construction,2028-10-31,
P51700052958,SAI DREAM ONE,GLS INFRASTRUCTURES,421201,Thane,,,,under_construction,2025-12-31,
P51700054189,RAGHUNATH COOP HOUSING SOCIETY,SHREE DEVELOPERS,400605,Thane,,,,under_construction,2025-06-30,
P51700052710,SAI WORLD DREAMS PHASE 2,Out N Out Infotech India LLP,421205,Thane,,,,under_construction,2029-12-30,
P51700053675,INDRAPRASTH,SUBH DEVELOPERS,421201,Thane,,,,under_construction,2026-03-31,
P51700053444,SARASWATI DEVI KRUPA,YOGIRAJ HERITAGE,421202,Thane,,,,under_construction,2026-07-31,
P51700053427,TRIMURTI DARSHAN CO OP HSG SOC LTD,G.K.BUILDERS,421503,Thane,,,,under_construction,2025-05-31,
P51700052581,Goodwill Wisteria,Nest Developer,400705,Thane,,,,under_construction,2028-12-31,
P51700052732,PYRAMID CENTRIA,PYRAMID INFRATECH CO,400706,Thane,,,,under_construction,2028-12-31,
P51700052749,SILVER BLISS,BHUSHAN BALKRISHNA BANDRE,400614,Thane,,,,under_construction,2027-06-30,
P51700052981,Parvati Niwas,AADARSH DEVELOPERS,400602,Thane,,,,under_construction,2025-12-31,
P51700053412,Horizon Bhumi,Majestic Horizon Bhumi Developers,400607,Thane,,,,under_construction,2028-03-31,
P51700053888,"WHITE SQUARE NX Wing A,C,D",SHRI RAM STHAPATYA,421301,Thane,,,,under_construction,2028-12-31,
P51700052956,GAMI SATYAM BUSINESS AVENUE,Satyam Ventures Private Limited,400614,Thane,,,,under_construction,2027-12-31,
P51700053276,Mohan Samah,V M Constructions,400706,Thane,,,,under_construction,2027-12-31,
P51700053067,Pearl,Macrotech Developers Limited,421204,Thane,,,,under_construction,2027-05-31,
P51700053120,ARENA SQUARE,EMPIRE ARENA,400612,Thane,,,,under_construction,2030-06-30,
P51700052991,Samarth Shivani Co-Operative Housing Society Limited,GURURAJ ENTERPRISES BUILDERS AND DEVELOPERS,421503,Thane,,,,under_construction,2025-08-31,
P51700053292,Vrundavan Heights,Maulikrupa Developers,421503,Thane,,,,under_construction,2026-01-31,
P51700054746,Seasons Mayfair,Tiruma Sai Builders,421301,Thane,,,,under_construction,2026-12-31,
P51700053264,Rutu Apartments,Harasiddh Realtors,421301,Thane,,,,under_construction,2027-12-31,
P51700053525,Mohan Alcoves I,MOHAN LIFESPACES LLP,421503,Thane,,,,under_construction,2029-06-30,
P51700053275,Down Town Avenue,TPV Ventures LLP,400703,Thane,,,,under_construction,2028-03-31,
P51700053376,Ananta Pride Phase II,Patkar Realty,421503,Thane,,,,under_construction,2027-07-31,
P51700054034,Panvelkar Nisarg Phase II Building A2,Panvelkar Realty Pvt Ltd,421503,Thane,,,,under_construction,2026-12-31,
P51700052959,NEELKANTH PALM AVENUE,NEELKANTH INFRATECH,400701,Thane,,,,under_construction,2029-12-29,
P51700053969,EKOPA CO OP HOUSING SOCIETY,SHRIKRISHNA RAMCHANDRA MARATHE,421201,Thane,,,,under_construction,2026-04-30,
P51700053192,JAI MALHAR PLAZA,SWAMINARAYAN RESIDENCY,421202,Thane,,,,under_construction,2026-08-25,
P51700054317,KRISHNA GLORY,TULSI KIMAYA CONSTRUCTION,421306,Thane,,,,under_construction,2026-10-31,
P51700053006,NAV BALAJI CO-OP HSG. SOC. LTD.,RUTURAJ DEVELOPERS,421503,Thane,,,,under_construction,2025-12-31,
P51700053133,OM TRIMURTI DARSHAN,PRACHI GROUP,421201,Thane,,,,under_construction,2026-08-30,
P51700053968,AYODHYA,INFINI DEVELOPERS,421302,Thane,,,,under_construction,2027-03-31,
P51700053528,TEN X ERA Raymond Realty Tower A,Raymond Limited,400606,Thane,,,,under_construction,2029-08-31,
P51700052723,SATYAM SEASONS,SATYAM LIFESCAPES LLP,400705,Thane,,,,under_construction,2027-12-31,
P51700053309,Daffodil Co- Op Housing Society Ltd,Stonecrafters,421301,Thane,,,,under_construction,2026-12-31,
P51700053219,VENUS SKKY CITY VIVANTA BLDG F AND BLDG G,VENUS NIRVANA LLP,421204,Thane,,,,under_construction,2027-12-31,
P51700053110,RUSTOMJEE LA VIE WING B,Kapstone Constructions Private Limited,400601,Thane,,,,under_construction,2029-02-28,
P51700054484,NIVASA PRIME,ASHAPURA CREATIONS,421301,Thane,,,,under_construction,2027-12-31,
P51700053115,SHIVDHAM CHSL,ADITI INFRA,421503,Thane,,,,under_construction,2026-05-31,
P51700053651,SUVIDHI DARSHAN,SUBH ASSOCIATES,421201,Thane,,,,under_construction,2025-12-31,
P51700054017,Veer Vishwa,VEER LIFE SPACES LLP,400602,Thane,,,,under_construction,2027-02-20,
P51700052990,SHREEJI ICONIC,RAJ LAXMI DEVELOPERS,421503,Thane,,,,under_construction,2028-12-31,
P51700053544,Empire City Building No. 1,Empire Developers,421306,Thane,,,,under_construction,2025-12-31,
P51700053109,RUSTOMJEE LA VIE WING C,Kapstone Constructions Private Limited,400601,Thane,,,,under_construction,2029-02-28,
P51700053659,SWAYAMBHU CO.OP.HSG.SOC.LTD,MEGA SQUARE DEVELOPERS,421503,Thane,,,,under_construction,2026-12-31,
P51700055327,JOGANI PRIDE,BLISSFUL BUILDCON LLP,421302,Thane,,,,under_construction,2027-12-31,
P51700053191,Crown Dombivli 3,MACROTECH DEVELOPERS LIMITED,421203,Thane,,,,under_construction,2027-08-31,
P51700053843,Primrose MHADA 2,Runwal Residency Private Limited,421204,Thane,,,,under_construction,2025-03-31,
P51700053149,SIDDHI,FORE HOLDINGS,421201,Thane,,,,under_construction,2026-03-13,
P51700053596,REGENCY SAPPHIRE,REGENCY NIRMAN LTD,421201,Thane,,,,under_construction,2026-06-30,
P51700053644,VINAYAK PRERANA,NAKSHATRA GROUP,421201,Thane,,,,under_construction,2026-09-30,
P51700053157,KETAN CO-OPERATIVE HOUSING SOCIETY LIMITED,NEXTERA BUILDERS AND DEVELOPERS,400601,Thane,,,,under_construction,2025-07-22,
P51700054273,SAPTASHREE GALICIA,SAPTASHREE REALITY PRIVATE LIMITED,400607,Thane,,,,under_construction,2028-05-31,
P51700054041,SINDHURAJ CO . OPP. HSG. SOC. LTD,ARC DEVELOPERS,421503,Thane,,,,under_construction,2026-12-31,
P51700054206,Vastu Amikumbh,M/S VASTU REALTY,421201,Thane,,,,under_construction,2028-07-31,
P51700055165,Sunita Heights,Pafilia Spaces LLP,400602,Thane,,,,under_construction,2026-03-31,
P51700053017,Thane Project,MACROTECH DEVELOPERS LIMITED,400601,Thane,,,,under_construction,2029-07-31,
P51700053453,NEST PARADISE,NEST DEVELOPERS,421301,Thane,,,,under_construction,2028-08-25,
P51700053448,SUPERIOR EXOTICA,SUPERIOR NAVKAR BUILDERS,400708,Thane,,,,under_construction,2027-12-31,
P51700053942,AWASARE HEIGHTS,RAJKUMAR TULJARAM ASWANI,421601,Thane,,,,under_construction,2026-09-30,
P51700053328,SHREE KRISHNA KUNJ CO-OP HSG SOC LTD,INFINITY INFRA,421503,Thane,,,,under_construction,2026-12-31,
P51700054138,MATRU MANDIR,PARNAD ANIL GUPTE,400602,Thane,,,,under_construction,2026-12-31,
P51700054296,PROGRESSIVE ONE,PROGRESSIVE HOMES,400703,Thane,,,,under_construction,2028-12-31,
P51700053313,Namo Maxima,VIREN KISHOR JAIN,421311,Thane,,,,under_construction,2026-12-31,
P51700054489,DATTU ENCLAVE,YASH ENTERPRISES,421306,Thane,,,,under_construction,2028-12-31,
P51700053385,AMBIKA PRASSANA CHS,BUILT IN REALITY,421301,Thane,,,,under_construction,2024-06-30,
P51700053476,Rameshwar Co-Op Housing Society Ltd.,Aditya Associates,400602,Thane,,,,under_construction,2027-03-10,
P51700054040,SAI NIDA APARTMENT,PRASHANT WAGAJI GAWANDE,421302,Thane,,,,under_construction,2026-12-31,
P51700053152,THE PYRAMID ONE,PYRAMID DEVELOPERS,421301,Thane,,,,under_construction,2026-09-30,
P51700053314,Regency Luxuria Phase II,REGENCY NIRMAN LTD,421203,Thane,,,,under_construction,2026-12-31,
P51700054438,ASHTAVINAYAK DARSHAN,YASHASHREE CONSTRUCTION,421201,Thane,,,,under_construction,2028-08-30,
P51700053386,KESHAR AAGAN COOPERATIVE HOUSING SOCIETY,GAGAN HOMES,421301,Thane,,,,under_construction,2026-09-30,
P51700053379,SHIVSHAKTI PRIME,SHIVSHAKTI BUILDCON,421503,Thane,,,,under_construction,2027-09-30,
P51700053323,ISHANVI ASHAPURA TOWER,ISHANVI ASHAPURA DEVELOPERS,421301,Thane,,,,under_construction,2026-09-30,
P51700053898,Krishna Vrindavan,Sonawane Infrastructure Private Limited,421306,Thane,,,,under_construction,2030-06-28,
P51700054803,MARKANDEY SQUARE,AARTI ENTERPRISES,400608,Thane,,,,under_construction,2028-12-31,
P51700053356,AVS Insignia,Reliable Infra,421306,Thane,,,,under_construction,2030-12-31,
P51700053334,USHA RESIDENCY,SHREE BUDHDEV INFRA,421302,Thane,,,,under_construction,2025-12-31,
P51700053439,Sunteck Crescent Park -1,SUNTECK PROPERTY HOLDINGS PRIVATE LIMITED,421103,Thane,,,,under_construction,2029-12-31,
P51700054858,RAVICHANDRA CHS PROPOSED,SPLENDOR SHELTERS PRIVATE LIMITED,421201,Thane,,,,under_construction,2027-09-30,
P51700053312,Sunteck Crescent Park -2,SUNTECK PROPERTY HOLDINGS PRIVATE LIMITED,421103,Thane,,,,under_construction,2029-12-31,
P51700053344,UMA ANANTA,UMA INFRATECH,410210,Thane,,,,under_construction,2029-03-31,
P51700055090,Shree Sai Aangan,Mahesh Enterprises,421201,Thane,,,,under_construction,2026-06-30,
P51700054021,Mauli Park,M/s. Mauli Developers,421503,Thane,,,,under_construction,2028-03-31,
P51700053721,NARESH RESIDENCY,JAY DEVELOPERS,421301,Thane,,,,under_construction,2024-11-30,
P51700054120,ATLANTA MANNAT,ATLANTA BUILDCON,421002,Thane,,,,under_construction,2026-09-30,
P51700054143,HERITAGE GARDEN,SHANTI BUILDERS & DEVELOPERS,421005,Thane,,,,under_construction,2025-06-30,
P51700054917,Pragati Om Gulmohar,PRAGATI HOMES,421201,Thane,,,,under_construction,2027-09-30,
P51700055019,Prakash Landmark,RAI LIFESPACES,421306,Thane,,,,under_construction,2030-08-31,
P51700053973,GUNJAI DARSHAN,LAXMI DEVELOPERS,421306,Thane,,,,under_construction,2030-12-31,
P51700054037,DOSTI WEST COUNTY - PHASE 5 - DOSTI OLIVE - WING B,DOSTI ENTERPRISES,400608,Thane,,,,under_construction,2028-09-30,
P51700054336,Narang Privado - C,NARANG REALTY PRIVATE LIMITED,400606,Thane,,,,under_construction,2028-12-31,
P51700054399,Raj Residency,Vijay Chahu Patil,421501,Thane,,,,under_construction,2026-11-30,
P51700055439,SATYAM ANANTAM,SHIVANSH INFRA,421503,Thane,,,,under_construction,2025-12-31,
P51700054510,Krishna Solitaire - 1,Inspiration SG Infracon  LLP,401402,Thane,,,,under_construction,2026-12-31,
P51700053802,OM LAMBODARAM CHS,HERAMBB BUILDERS,421503,Thane,,,,under_construction,2025-03-31,
P51700053826,Haware My First Home Shil Phata Phase 2 Bldg 1,Haware Properties LLP,410203,Thane,,,,under_construction,2030-12-31,
P51700054237,KULSWAMINI PRIDE,KULSWAMINI BUILDCON,421202,Thane,,,,under_construction,2027-04-30,
P51700054724,THE VENISCAPE,MIVAAN BUILDCON PRIVATE LIMITED,421601,Thane,,,,under_construction,2030-03-31,
P51700055468,THARWANIS MEGHNA MONTANA PHASE - 3,THARWANI CONSTRUCTIONS PVT LTD,421506,Thane,,,,under_construction,2028-12-31,
P51700054953,OM SHREE SAI VILLA,SANGITA SHARAD SURYARAV,421401,Thane,,,,under_construction,2026-12-31,
P51700055124,Mantra,VAIDIKH NIRMAAN LLP,421605,Thane,,,,under_construction,2026-11-30,
P51700054649,Shanu Majestic,Fortune Group of Construction,421201,Thane,,,,under_construction,2026-12-20,
P51700055001,NANO CITY,PINNACLE SPM GROUP,421503,Thane,,,,under_construction,2027-12-31,
P51700055022,NOBLE SKY,PARADISE MKH BUILDERS & DEVELOPERS,400612,Thane,,,,under_construction,2033-12-31,
P51700054974,Deepjyoti Chs Ltd,Borkar Realty,400602,Thane,,,,under_construction,2028-06-30,
P51700055039,DIGVIJAY C.H.S. LTD.,DEEPAK BHALCHANDRA MHATRE,400605,Thane,,,,under_construction,2027-07-31,
P51700054522,CENTRUM BUSINESS SQUARE PHASE 2,SQUAREFEET CONSTRUCTION,400604,Thane,,,,under_construction,2027-12-31,
P51700054819,Progressive Era,PROGRESSIVE HOMES,400709,Thane,,,,under_construction,2028-12-15,
P51700054546,MEHTA LEGEND 1978,SHREE RAM BUILDERS,400605,Thane,,,,under_construction,2028-12-31,
P51700055249,MANOVI UPTOWN,MANOVI UPTOWN,421301,Thane,,,,under_construction,2027-04-23,
P51700055363,MUKTA AVENUE,MATOSHREE SPACE BUILDERS AND DEVELOPERS,400612,Thane,,,,under_construction,2027-12-31,
P51700054442,DWARKA,INFINI DEVELOPERS,421302,Thane,,,,under_construction,2028-01-31,
P51700055393,ARYA APARTMENT,SEEMA RAMESH KADAV,421601,Thane,,,,under_construction,2028-12-31,
P51700054533,NAKSHATRA,URBAN LIFESPACE,421201,Thane,,,,under_construction,2026-03-13,
P51700055291,SEVENTH AVENUE,PAWAR GROUP,421503,Thane,,,,under_construction,2031-12-31,
P51700055388,ANUSAYA COMPLEX BUILING NO 3,GHANSHYAM SITARAM BHOIR,421302,Thane,,,,under_construction,2026-12-31,
P51700054674,Jivan Shanti Chs Ltd,Mahesh Shriram Borkar,400602,Thane,,,,under_construction,2024-12-31,
P51700055452,SHREE ASTAGANESH CHS,SHREE LAXMI REALTY,421201,Thane,,,,under_construction,2026-12-31,
P51700055151,Radhe Govind Plaza,Shree Radha Construction,421501,Thane,,,,under_construction,2026-12-31,
P51700054685,VISHWAJEET HEIGHTS,VISHWAJEET INFRASTRUCTURE,421004,Thane,,,,under_construction,2028-08-28,
P51700055339,Royal heights,Siddhi Vinayak Builders & Developers,421306,Thane,,,,under_construction,2027-05-01,
P51700054921,SAI GALAXY - PHASE II,M/S. WESTERN ARCH COMPANY,421301,Thane,,,,under_construction,2026-12-31,
P51700055138,GULMOHAR CHAYA HEIGHT,SWAMI NARAYAN ENTERPRISES,421202,Thane,,,,under_construction,2028-09-30,
P51700055322,Shiv Paradise Wing C,Shiv Corporation,421503,Thane,,,,under_construction,2026-12-31,
P51700054437,CRYSTAL ANTARA,Luxora Realtors Private Limited,400607,Thane,,,,under_construction,2028-12-31,
P51700054859,RAJESHWARI COMPLEX,Manohar Vithu Chaudhari,421204,Thane,,,,under_construction,2027-12-31,
P51700054952,SHIVOM LAKESIDE,SHIVOM BUILDERS AND DEVELOPERS,421306,Thane,,,,under_construction,2028-12-31,
P51700055145,MIDTOWN ADAM,MOON STAR DEVELOPERS LLP,421301,Thane,,,,under_construction,2027-07-31,
P51700055350,Rudra Apartment,Indoria & Sons Realtors LLP,400602,Thane,,,,under_construction,2027-07-31,
P51700055227,LAXMIDEEP CHSL,RUDRAA DEVELOPERS,421503,Thane,,,,under_construction,2025-12-31,
P51700054732,Ashirwad Co-Operative Housing Society Ltd,PADMANABH DEVELOPERS,400602,Thane,,,,under_construction,2026-10-31,
P51700055059,Grace Square D1 and D2,SKYLINE INFRA,400612,Thane,,,,under_construction,2029-12-31,
P51700055458,ZUBAIR ENCLAVE,ROYAL BUILDERS AND DEVELOPERS,400612,Thane,,,,under_construction,2028-12-31,
P51700054811,Mandarmala Co-Operative Housing Society Limited,Rachana Empire,421202,Thane,,,,under_construction,2027-12-31,
P51700054980,Empire Industrial Centrum Phase -7,EMPIRE INDUSTRIES LIMITED,421505,Thane,,,,under_construction,2029-12-31,
P51700054790,The Olive,Ekatva Buidcon,400604,Thane,,,,under_construction,2028-12-31,
P51700054892,Rustomjee Urban Woods - Wing A,KEYBLUE REALTORS PRIVATE LIMITED,421306,Thane,,,,under_construction,2028-03-01,
P51700054934,ATMARAM HEIGHTS,VIDHI ENTERPRISES,421301,Thane,,,,under_construction,2027-06-30,
P51700054780,Urban Heritage,Urban Space Buildcon Private Limited,400601,Thane,,,,under_construction,2026-12-31,
P51700054749,RUDRA AVENUE,KRIVI CONSTRUCTION,421306,Thane,,,,under_construction,2028-12-31,
P51700054882,SHREEJI NX,SHUBH BUILDERS,421503,Thane,,,,under_construction,2026-12-31,
P51700055426,Shree Galaxy Heights Wing A,V3 Reality,421503,Thane,,,,under_construction,2028-12-31,
P51700055364,RAI S GALAXY,RAI RESIDENCY PRIVATE LIMITED,421306,Thane,,,,under_construction,2029-12-31,
P51700055457,Yavhi Sterling,Concord Realty,421501,Thane,,,,under_construction,2028-01-15,
P51700053915,Haware My First Home Shil Phata Phase 2 Bldg 2,Haware Properties LLP,410203,Thane,,,,under_construction,2030-12-31,
P51700055259,RAGHUKUNJ CHS LTD,J B CONSTRUCTIONS,421201,Thane,,,,under_construction,2026-01-31,
P51700054763,ANIRUDDHA POOJA,ANIRUDDHA BUILDCON,410206,Thane,,,,under_construction,2026-12-31,
P51700054552,Vrindavan City Building C and D,Mohd Salim Yusuf,421102,Thane,,,,under_construction,2029-04-01,
P51700053764,LEVEL 23,AKSHAR BHAGWATI VENTURES LLP,400703,Thane,,,,under_construction,2029-12-31,
P51700053668,Godrej Ascend Phase 4,Godrej Properties Limited,400607,Thane,,,,under_construction,2029-12-31,
P51700054687,SHUBH ANAND,SHUBH ENTERPRISES,421503,Thane,,,,under_construction,2025-12-25,
P51700054527,Mahadev Enclaves,Mahadev Enclaves,421103,Thane,,,,under_construction,2028-03-31,
P51700053696,25HOURLIFE - Tower A1,Dhruva Woollen Mills Pvt Ltd,400607,Thane,,,,under_construction,2030-12-31,
P51700054322,FATIMA SKY,LFKA BUILDERS AND DEVELOPERS,421301,Thane,,,,under_construction,2027-12-31,
P51700054506,Surbhi Sangeeta Co-Op. Housing Society Ltd.,Kumar & Kumar Builders LLP,400708,Thane,,,,under_construction,2026-12-31,
P51700054404,SKY GALAXY BLDG NO 1,ATREE DEVELOPERS,421503,Thane,,,,under_construction,2026-12-31,
P51700054798,AARYA PREM CO-OP HSG SOC,K S BUILDERS & DEVELOPERS,421503,Thane,,,,under_construction,2026-10-30,
P51700054954,N.A. PARADISE,N.A.BUILDERS,421605,Thane,,,,under_construction,2026-12-31,
P51700053830,Balaji Aqua,BALAJI WORLD,421301,Thane,,,,under_construction,2029-11-05,
P51700054424,DOSTI WESTCOUNTY - PHASE 6 - DOSTI MAPLE,DOSTI ENTERPRISES,400608,Thane,,,,under_construction,2028-12-31,
P51700054299,PALM GALAXY,SAI LIFESTYLE,421306,Thane,,,,under_construction,2026-12-31,
P51700054104,Ayodhya Imperial,Nirmaan Realty,421201,Thane,,,,under_construction,2025-10-19,
P51700054140,KARTIK GANESH,JAI MATA JI DEVELOPERS,421501,Thane,,,,under_construction,2026-12-31,
P51700055211,SAI KRISHNA HEIGHTS,OM SAI DEVELOPERS,421401,Thane,,,,under_construction,2026-12-31,
P51700054644,"Bhoomi Castle, Phase I",Gajra Ventures Private Limited,421204,Thane,,,,under_construction,2030-12-31,
P51700055396,VIDHI IMPRESSION,ASHTAVINAYAK CONSTRUCTION,421203,Thane,,,,under_construction,2028-12-30,
P51700053947,The Address by GS Tower D,Raymond Limited,400606,Thane,,,,under_construction,2029-03-31,
P51700054290,MAITRI NARAYAN BHUVAN,MAITRI GANADHISH,421201,Thane,,,,under_construction,2028-12-31,
P51700054123,Adarsha,ADARSHA CO OPERATIVE HOUSING SOCIETY LIMITED,400602,Thane,,,,under_construction,2026-12-31,
P51700054245,SWARA EMERALD,M/S SAMARTH SAVLI HOMES,421201,Thane,,,,under_construction,2025-11-30,
P51700054118,ASHAPURA GOLD,ASHAPURA BUILDTECH,421202,Thane,,,,under_construction,2027-12-31,
P51700054606,SAWAN SERENITY,Shree Sawan Buildcon,400706,Thane,,,,under_construction,2026-12-31,
P51700054590,AMAR PUSHPAKUNJ,Avighna Redevelopers,400603,Thane,,,,under_construction,2026-07-31,
P51700055326,KRISHNA DHAM - 2,ATREE REALTORS,421503,Thane,,,,under_construction,2026-12-31,
P51700054426,Rajyog,Riddhi Siddhi Buildcon,421103,Thane,,,,under_construction,2028-12-31,
P51700055450,AMRUT GANGA,HAITECH HOUSING DEVELOPMENT AND CONSTRUCTION,400050,Thane,,,,under_construction,2025-12-31,
P51700054276,BREEZE HEIGHTS,AMORE BUILDERS LLP,400706,Thane,,,,under_construction,2028-12-31,
P51700054347,SHREE TISAI GRAND,TISAI ENTERPRISES,421306,Thane,,,,under_construction,2028-12-31,
P51700053815,PLATINUM MANSIONZ,Experio Ventures,400706,Thane,,,,under_construction,2029-12-31,
P51700054783,PATELS ZENITH,PRAMUKH DEVELOPERS,421501,Thane,,,,under_construction,2027-12-31,
P51700054586,SAWANT HEIGHTS,AKASH ASHOK SAWANT,421601,Thane,,,,under_construction,2026-12-31,
P51700054187,Imperial Heights,GP Infra,421306,Thane,,,,under_construction,2026-12-31,
P51700055051,ARYA RESIDENCY,R P ENTERPRISES,421601,Thane,,,,under_construction,2026-06-25,
P51700054620,Manas Heights,K V M and Morya Group,421605,Thane,,,,under_construction,2025-12-31,
P51700055300,Trinity - Shashank Saptshrung,RADHIKA CONSTRUCTION COMPANY,421202,Thane,,,,under_construction,2028-08-31,
P51700054200,PARIJAS HORIZON,OCTAVE INFRAVENTURES LLP,421301,Thane,,,,under_construction,2028-06-30,
P51700054751,Palava -Signet 2,Macrotech Developers Limited,421204,Thane,,,,under_construction,2027-07-31,
P51700054466,MATRIX IMPERIAL,MATRIX LIFESTYLE,400706,Thane,,,,under_construction,2028-12-31,
P51700055096,Mali Avenue,MALI INFRA,421306,Thane,,,,under_construction,2025-07-31,
P51700054111,The Green Sapphirre,Green World Realtors,421302,Thane,,,,under_construction,2027-11-30,
P51700055023,TAHOORA COMPLEX,SHREE HAREKRISHNA REALTOR,421311,Thane,,,,under_construction,2026-12-31,
P51700055313,GOLDEN CITY,KRISHNA INFRA,421001,Thane,,,,under_construction,2026-12-31,
P51700055371,VENUS SKKY CITY VIVANTA BLDG C,VENUS NIRVANA LLP,421204,Thane,,,,under_construction,2028-12-31,
P51700054872,Shree Ganraj Residency,OM SAI CONSTRUCTION,421503,Thane,,,,under_construction,2025-12-31,
P51700054957,RIDDHI SIDDHI CHS,VADNERE BUILDER & DEVELOPERS,421503,Thane,,,,under_construction,2026-12-31,
P51700055226,SHIVLEELA CO. OP. HSG. SOCIETY. LTD.,YOGIRAJ SKYLINE,421201,Thane,,,,under_construction,2026-12-31,
P51700055154,RAM RUBELLITE,BHUSHAN NANDKISHOR PATKAR,421503,Thane,,,,under_construction,2026-12-31,
P51700054822,RHUTU HEIGHTS,VIKAS WAMAN MHATRE,421202,Thane,,,,under_construction,2028-12-31,
P51700055086,SAPTASHREE GLOBAL TECH CENTER,SAPTASHREE TECH WORLD,400604,Thane,,,,under_construction,2028-12-31,
P51700055323,SURAJ ORCHID,NIRMITI BUILDERS & DEVELOPERS,421601,Thane,,,,under_construction,2024-12-31,
P51700055139,SKY VALLEY - PHASE 1,DINAAR DEVELOPERS,400612,Thane,,,,under_construction,2028-12-31,
P51700054835,SHANKHESHWAR PRIVIA,SHANKHESHWAR KREATERS,421301,Thane,,,,under_construction,2028-12-31,
P51700055050,SANJEEVANI CO-OP HOUSING SOCIETY LTD,SIDDHARTHA CONSTRUCTIONS,421501,Thane,,,,under_construction,2026-12-31,
P51700054943,WALEKAR DYNASTY,WALEKAR REALTY,421501,Thane,,,,under_construction,2026-06-30,
P51700055444,MAHADEV HEIGHTS,SONALI HOMES LLP,421306,Thane,,,,under_construction,2029-12-31,
P51700054944,Shivnath Skycity,SHIVNATH DEVELOPER,421204,Thane,,,,under_construction,2028-12-31,
P51700054766,Zenith Home Maker,Zenith Home Maker,421204,Thane,,,,under_construction,2028-12-31,
P51700055269,ORBIT BUSINESS HUB,EKATVA DEVELOPERS,400604,Thane,,,,under_construction,2028-12-31,
P51700055160,BLUE BALI CO-OPERATIVE HOUSING SOCIETY LIMITED,SHREEMAN DEVELOPERS,421202,Thane,,,,under_construction,2029-03-31,
P51700055335,DOSTI PLANET NORTH - DOSTI CROWN,CHALAMA INFRAPROPERTIES PRIVATE LIMITED,400612,Thane,,,,under_construction,2028-03-31,
P51700055206,SUN PRIDE,C K Developers,421605,Thane,,,,under_construction,2026-12-31,
P51700055289,BALAJI CLASSICA - ATHENA AND IRIS,Laukik Lifestyles,421204,Thane,,,,under_construction,2028-06-30,
P51700055418,Shiv Shakti CHS,Shubham Bhavya Infra,400614,Thane,,,,under_construction,2026-12-31,
P51700055377,Vedant Millenia Happiness Phase II Wing D,MOHAN HARDASMAL THARWANI,421605,Thane,,,,under_construction,2028-07-31,
P51700055192,Ragas TIMES SQUARE,SOHAM INFRASTRUCTURE,421501,Thane,,,,under_construction,2026-03-31,
P51700055366,Dombivli Arcade,Macrotech Developers Limited,421204,Thane,,,,under_construction,2027-10-31,
P51700055252,ASMA GARDEN,QUBA SQUARE LLP,421302,Thane,,,,under_construction,2028-06-30,
P51700055414,Sarvoday Marvel,Sarvoday Group,421301,Thane,,,,under_construction,2026-07-01,
